fr_Nhpyrrole,fr_SH,fr_amide,fr_benzene,fr_bicyclic,fr_guanido,fr_imidazole,fr_para_hydroxylation,fr_phenol,fr_sulfide,AvgIpc,FpDensityMorgan1,FpDensityMorgan2,FpDensityMorgan3,MaxAbsEStateIndex,MaxEStateIndex,MinEStateIndex
0,0,7,1,0,0,0,0,0,0,3.158159889056431,0.5932203389830508,1.084745762711864,1.559322033898305,13.3186567742069,13.3186567742069,-1.795788040193872
0,0,9,1,0,1,0,0,1,0,3.279235155206397,0.5833333333333334,1.027777777777778,1.5,14.03399734689409,14.03399734689409,-1.844358379828466
0,0,6,1,0,0,0,0,0,1,3.088802812786107,0.7450980392156863,1.274509803921569,1.784313725490196,13.76478994563771,13.76478994563771,-1.317812567837508
0,0,11,0,0,1,0,0,0,0,4.094214062229137,0.5662650602409639,1.072289156626506,1.566265060240964,14.02934763754407,14.02934763754407,-1.904690161167262
0,0,10,1,0,1,0,0,0,0,4.305130141054478,0.5853658536585366,1.048780487804878,1.548780487804878,14.78661482779904,14.78661482779904,-1.225982192626058
0,0,5,0,0,0,0,0,0,1,2.96275683474712,0.75,1.272727272727273,1.727272727272727,13.41407240438015,13.41407240438015,-1.171412985708815
0,0,4,0,0,0,0,0,0,1,2.794189609340942,0.8571428571428571,1.428571428571429,1.885714285714286,13.01366848736604,13.01366848736604,-1.150526711008833
0,0,11,1,0,0,0,0,1,0,2.309646103747649,0.5555555555555556,1.033333333333333,1.555555555555556,14.77267282424839,14.77267282424839,-1.966371830522667
1,0,10,0,0,1,1,0,0,0,3.804510464290878,0.6438356164383562,1.164383561643836,1.684931506849315,14.02228284163349,14.02228284163349,-1.809649582379075
1,0,7,0,0,0,1,0,0,0,3.684621858716098,0.6779661016949152,1.203389830508474,1.694915254237288,13.77771582376684,13.77771582376684,-1.577124262471756
1,0,9,1,0,0,1,0,0,0,4.087395066389983,0.6164383561643836,1.123287671232877,1.643835616438356,14.31806850448348,14.31806850448348,-1.390176586796976
0,0,7,0,0,0,0,0,0,0,3.027384713774543,0.6470588235294118,1.176470588235294,1.627450980392157,13.36564021862705,13.36564021862705,-1.775270690944034
0,0,4,1,0,0,0,0,0,0,2.827766747982473,0.8333333333333334,1.444444444444444,1.944444444444444,12.85627897084878,12.85627897084878,-1.401098412620329
0,0,8,0,0,1,0,0,0,0,3.682118352889198,0.7049180327868853,1.245901639344262,1.770491803278688,13.88182426047115,13.88182426047115,-1.8476833305591
0,0,10,1,0,0,0,0,0,0,3.894195567464611,0.620253164556962,1.20253164556962,1.784810126582278,14.37109194620653,14.37109194620653,-1.644300405543231
0,0,5,0,0,0,0,0,0,0,2.961288689028189,0.6222222222222222,1.088888888888889,1.555555555555556,13.34304545234358,13.34304545234358,-1.362289862099981
0,0,6,0,0,0,0,0,0,0,3.067643805257859,0.5660377358490566,1.018867924528302,1.490566037735849,13.48820808688293,13.48820808688293,-1.748639114768078
0,0,8,0,0,0,0,0,0,0,3.235134922057031,0.4705882352941176,0.8970588235294118,1.367647058823529,13.68727321517516,13.68727321517516,-1.748653260858613
0,0,12,0,0,0,0,0,0,0,1.805541590909952,0.4835164835164835,0.967032967032967,1.494505494505495,14.40818093344287,14.40818093344287,-1.817877301314322
1,0,15,3,0,0,1,0,1,0,1.488144020965458,0.4690265486725664,0.8761061946902655,1.327433628318584,14.85110496008722,14.85110496008722,-1.995273456460693
1,0,6,1,0,0,1,0,0,1,4.008734811584234,0.9285714285714286,1.696428571428571,2.339285714285714,14.13931476228164,14.13931476228164,-1.179336797533732
1,0,5,1,0,0,1,0,0,0,3.61899507457815,0.6851851851851852,1.148148148148148,1.592592592592593,13.88042347691924,13.88042347691924,-1.878062634946793
0,0,6,0,0,0,0,0,0,0,3.783023546146543,0.6981132075471698,1.207547169811321,1.69811320754717,13.72363677219923,13.72363677219923,-1.437735362465632
0,0,7,1,0,0,0,0,0,0,3.08975296023928,0.6226415094339622,1.113207547169811,1.60377358490566,13.07235150574938,13.07235150574938,-1.54809847287731
0,0,8,1,0,1,0,0,1,0,3.22951027967806,0.6567164179104478,1.164179104477612,1.671641791044776,13.95092049849261,13.95092049849261,-1.644135773422331
1,0,4,1,0,0,1,0,0,0,3.507122964022857,0.8222222222222222,1.422222222222222,1.955555555555555,13.73335247704836,13.73335247704836,-1.292360667677435
2,0,13,2,0,0,2,0,2,0,1.286939581954765,0.412280701754386,0.7719298245614035,1.192982456140351,14.71411353094232,14.71411353094232,-2.072889208094848
2,0,10,2,0,0,2,0,2,0,1.347766385716155,0.4742268041237113,0.8865979381443299,1.360824742268041,14.6174653344533,14.6174653344533,-2.02490763489251
0,0,9,1,0,0,0,0,0,0,3.351687734319745,0.5584415584415584,1.051948051948052,1.571428571428571,14.09962491488784,14.09962491488784,-1.876735761569208
0,0,9,1,0,1,0,0,1,0,4.11005778623312,0.6666666666666666,1.217948717948718,1.769230769230769,14.73547319932131,14.73547319932131,-1.361792744056158
0,1,15,1,0,1,0,0,0,0,1.585815440146911,0.55,1.01,1.5,14.31430664591535,14.31430664591535,-1.762826618800936
0,0,10,1,0,0,0,0,0,1,3.317658962010504,0.4605263157894737,0.8157894736842105,1.25,14.44616599823725,14.44616599823725,-1.405842308700963
2,0,6,1,0,0,2,0,1,0,3.957471498382065,0.6507936507936508,1.111111111111111,1.555555555555556,14.24903679568587,14.24903679568587,-1.745180863113065
0,0,10,2,0,1,0,0,1,0,3.383501660650383,0.5569620253164557,1.037974683544304,1.582278481012658,13.83829457103789,13.83829457103789,-1.715754266003468
0,0,5,0,0,0,0,0,0,1,3.768996831171537,0.8,1.311111111111111,1.822222222222222,14.02021296262465,14.02021296262465,-1.041444675743558
0,0,9,0,0,0,0,0,0,1,3.900818084989047,0.7166666666666667,1.25,1.766666666666667,13.79702373917653,13.79702373917653,-1.474394908808308
0,0,9,1,0,0,0,0,0,0,3.859565780782019,0.6493506493506493,1.233766233766234,1.792207792207792,13.90521152491573,13.90521152491573,-1.854343483274425
0,0,8,2,0,0,0,0,2,0,3.87535170082477,0.6233766233766234,1.155844155844156,1.688311688311688,14.19117532649236,14.19117532649236,-1.791893015348115
0,0,6,1,0,0,0,0,0,0,3.698111232269528,0.7454545454545455,1.327272727272727,1.890909090909091,13.75773874862332,13.75773874862332,-1.457620600246551
1,1,16,1,0,0,1,0,0,0,1.754451982900153,0.5412844036697247,1.036697247706422,1.568807339449541,14.46936743686672,14.46936743686672,-1.934493820158892
0,0,8,2,0,0,0,0,0,0,3.966403334669671,0.6153846153846154,1.092307692307692,1.584615384615385,14.47847099818988,14.47847099818988,-1.343267570087532
0,0,9,0,0,0,0,0,0,0,3.990954918494413,0.5857142857142857,1.114285714285714,1.614285714285714,14.41317693229028,14.41317693229028,-1.534886240325856
0,0,12,0,0,0,0,0,0,0,2.353691958984394,0.4555555555555555,0.8777777777777778,1.333333333333333,14.59509768035099,14.59509768035099,-1.828970893108478
0,0,14,1,0,0,0,0,1,0,1.613963121779129,0.4017857142857143,0.7767857142857143,1.223214285714286,14.73861904319582,14.73861904319582,-1.606247432346837
1,0,24,3,0,0,1,0,1,2,1.658174915085471,0.33,0.665,1.07,15.0135645811835,15.0135645811835,-1.651546873216202
0,0,17,1,0,0,0,0,0,1,1.687294787888078,0.392,0.76,1.232,15.04519524742388,15.04519524742388,-1.70415319681138
0,0,3,1,0,0,0,0,0,0,3.412544196298471,1.033333333333333,1.666666666666667,2.333333333333333,12.81024022564336,12.81024022564336,-1.035050963688455
0,0,8,1,0,0,0,0,1,0,3.964470756498028,0.6818181818181818,1.242424242424242,1.772727272727273,14.50362637813357,14.50362637813357,-1.637842162507059
0,0,9,0,0,0,0,0,0,0,3.226841056660847,0.4264705882352941,0.75,1.088235294117647,13.68121658537127,13.68121658537127,-1.890320918837419
0,0,8,0,0,0,0,0,0,0,3.654922664953915,0.6833333333333333,1.2,1.7,13.62183204120692,13.62183204120692,-1.571526666310834
1,0,2,1,1,0,0,1,0,1,3.119191590672923,1.172413793103448,1.862068965517241,2.517241379310345,12.82049067775258,12.82049067775258,-1.180526858636527
0,0,6,0,0,0,0,0,0,0,3.802869463535452,0.6727272727272727,1.218181818181818,1.709090909090909,14.12107281593803,14.12107281593803,-1.456644036054034
0,0,11,0,0,0,0,0,0,0,4.055759680355378,0.4880952380952381,0.9404761904761905,1.428571428571429,14.58319850319191,14.58319850319191,-1.705863717618692
0,0,8,1,0,1,0,0,0,1,3.785217800066068,0.7941176470588235,1.411764705882353,2.0,14.18850296284763,14.18850296284763,-1.623225703223219
1,0,14,3,0,0,1,0,1,1,1.640467408870735,0.4516129032258064,0.8306451612903226,1.266129032258065,15.34433358368622,15.34433358368622,-1.536833325755738
0,0,17,1,0,1,0,0,0,0,1.616957356224548,0.4262295081967213,0.8032786885245902,1.229508196721312,14.97654546458745,14.97654546458745,-1.365309859839983
0,0,18,2,0,1,0,0,1,0,1.633128572035509,0.4029850746268657,0.7761194029850746,1.216417910447761,15.00787134393709,15.00787134393709,-1.513637867353665
0,0,22,0,0,0,0,0,0,1,1.625393779098586,0.3181818181818182,0.6493506493506493,1.077922077922078,14.9286578719038,14.9286578719038,-1.889280652917981
0,0,21,0,0,0,0,0,0,1,1.632259137112261,0.3581081081081081,0.7297297297297297,1.182432432432432,14.9286578719038,14.9286578719038,-1.889280652917981
0,0,3,0,0,0,0,0,0,0,3.069874994077894,1.148148148148148,1.777777777777778,2.296296296296296,12.48768628747795,12.48768628747795,-1.041854403995526
1,0,6,0,0,0,1,0,0,0,3.798484162219727,1.044444444444445,1.777777777777778,2.377777777777778,13.59499308468117,13.59499308468117,-1.621529482136318
1,0,5,1,1,0,0,1,0,0,3.382903194064417,0.782608695652174,1.326086956521739,1.91304347826087,13.31341041365387,13.31341041365387,-1.592134632190237
0,0,6,0,0,0,0,0,0,0,3.695440766457748,0.851063829787234,1.446808510638298,1.978723404255319,13.74425034788689,13.74425034788689,-1.581728197945869
0,0,5,1,0,1,0,0,0,0,3.749246019198787,0.9166666666666666,1.5625,2.1875,13.61642329308897,13.61642329308897,-1.099491571309145
0,0,4,0,0,1,0,0,0,0,2.952161542193848,0.6170212765957447,1.0,1.404255319148936,13.34352051543319,13.34352051543319,-1.662621158007597
0,0,7,1,0,0,0,0,0,0,3.013031807089909,0.6875,1.166666666666667,1.625,13.25087062793651,13.25087062793651,-1.781868690937192
0,0,6,1,0,0,0,0,0,0,3.037338476598207,0.673469387755102,1.142857142857143,1.612244897959184,13.17185418802722,13.17185418802722,-1.836138238262295
0,0,6,0,0,1,0,0,0,1,3.783160104117417,0.8627450980392157,1.490196078431373,2.058823529411764,13.64063332120421,13.64063332120421,-1.720391376617477
0,0,6,1,0,0,0,0,1,0,3.579721529713963,0.7407407407407407,1.259259259259259,1.814814814814815,13.97096230050279,13.97096230050279,-1.529266440160338
0,0,7,0,0,0,0,0,0,1,3.566620796453268,0.7735849056603774,1.377358490566038,1.924528301886792,13.73734731223409,13.73734731223409,-1.462269639412185
0,0,7,0,0,1,0,0,0,0,3.195605112090387,0.5737704918032787,1.0,1.475409836065574,13.9415898684084,13.9415898684084,-1.64957809816205
0,0,8,0,0,0,0,0,0,0,3.131341673912566,0.4603174603174603,0.8571428571428571,1.26984126984127,13.61438876669889,13.61438876669889,-1.984190162497447
1,0,7,0,0,0,1,0,0,0,4.010045519163929,0.6,1.0,1.446153846153846,14.41850391730351,14.41850391730351,-1.170841561244394
0,0,9,1,0,1,0,0,0,0,4.163705851647056,0.6351351351351351,1.148648648648649,1.662162162162162,14.01426109188948,14.01426109188948,-1.246813939110293
0,0,3,1,0,1,0,0,0,0,2.839815450278254,0.8461538461538461,1.384615384615385,1.923076923076923,13.29276803239916,13.29276803239916,-1.213109058997997
0,0,5,1,0,0,0,0,1,0,2.874085704310281,0.8780487804878049,1.463414634146341,1.975609756097561,12.99222593662098,12.99222593662098,-1.569551325772952
0,0,4,2,0,1,0,0,0,0,2.963935497013455,0.7209302325581395,1.209302325581395,1.720930232558139,13.39143132759429,13.39143132759429,-1.328368322127342
1,0,4,0,0,1,1,0,0,0,3.794774153467814,1.0,1.688888888888889,2.311111111111111,13.67685676543926,13.67685676543926,-1.11601161055573
0,0,5,2,0,0,0,0,0,0,3.776841825295481,0.7346938775510204,1.26530612244898,1.816326530612245,13.71522067580672,13.71522067580672,-1.089316230311512
0,0,5,0,0,0,0,0,0,0,3.522556000619514,0.8163265306122449,1.448979591836735,1.979591836734694,13.86943347561119,13.86943347561119,-1.280091871665159
0,0,7,0,0,0,0,0,0,0,2.952674274836992,0.5306122448979592,0.8775510204081632,1.244897959183674,13.37178276067043,13.37178276067043,-1.720393494220431
1,0,6,0,0,0,1,0,0,1,3.64229665249857,0.7636363636363637,1.309090909090909,1.818181818181818,13.64362332921413,13.64362332921413,-1.580591631303939
0,0,8,0,0,0,0,0,0,0,3.883017468025812,0.7241379310344828,1.275862068965517,1.775862068965517,13.89803177770616,13.89803177770616,-1.650269596170057
0,0,6,0,0,0,0,0,0,0,3.105495883316365,0.5272727272727272,0.9272727272727272,1.309090909090909,13.72077797574867,13.72077797574867,-1.770774101107929
1,0,7,0,0,0,1,0,0,0,3.891954510797124,0.85,1.45,2.016666666666667,14.01428544851542,14.01428544851542,-1.77794981167324
1,0,3,0,0,0,1,0,0,0,3.524933025607996,1.285714285714286,2.028571428571428,2.628571428571429,13.19219356976797,13.19219356976797,-1.136051884890268
0,0,6,2,0,0,0,0,0,0,3.890377138508974,0.6724137931034483,1.172413793103448,1.672413793103448,14.19476754956219,14.19476754956219,-1.474749051569014
0,0,5,1,0,0,0,0,0,0,3.721879215181223,0.8085106382978723,1.340425531914894,1.851063829787234,14.01077314622273,14.01077314622273,-1.448941520355459
0,0,5,0,0,0,0,0,0,0,3.546273540036777,0.8974358974358975,1.461538461538461,1.974358974358974,13.52504966021966,13.52504966021966,-1.41057016101496
0,0,6,0,0,0,0,0,0,0,3.722537765165318,0.673469387755102,1.102040816326531,1.489795918367347,13.71710385058593,13.71710385058593,-1.603744465861105
0,0,4,0,0,0,0,0,0,0,3.545947438349475,0.8918918918918919,1.513513513513514,2.027027027027027,13.3923420977538,13.3923420977538,-1.549467175403982
0,0,5,1,0,0,0,0,1,0,3.583326962479621,0.8823529411764706,1.509803921568627,2.058823529411764,14.06236798029412,14.06236798029412,-1.285403346504298
0,0,4,2,0,0,0,0,1,0,3.715082867611609,0.8,1.311111111111111,1.866666666666667,13.99795505929389,13.99795505929389,-1.086013862691556
0,0,3,0,0,0,0,0,0,0,3.397432544206685,1.032258064516129,1.612903225806452,2.161290322580645,13.33164252120601,13.33164252120601,-1.079148338955129
0,0,7,1,0,0,0,0,0,1,3.867959381846895,0.8035714285714286,1.375,1.946428571428571,14.40297822311284,14.40297822311284,-1.662424866946116
0,0,8,0,0,0,0,0,0,0,3.997459534069324,0.6557377049180327,1.163934426229508,1.688524590163935,13.92798772280407,13.92798772280407,-1.712682798666884
0,0,5,0,0,0,0,0,0,0,3.014679307049227,0.5625,1.0,1.416666666666667,13.48751515533903,13.48751515533903,-1.518851423884382
0,0,8,0,0,0,0,0,0,0,3.868954952983844,0.5645161290322581,0.9516129032258065,1.387096774193548,14.25234121123994,14.25234121123994,-1.687961483276268
0,0,7,1,0,1,0,0,0,0,4.01017510736321,0.7627118644067796,1.338983050847458,1.915254237288136,13.79202570156141,13.79202570156141,-1.174394847310994
0,0,8,1,0,1,0,0,0,0,4.112266295421772,0.7164179104477612,1.253731343283582,1.791044776119403,14.32353481833625,14.32353481833625,-1.196304436937385
0,0,7,0,0,0,0,0,0,0,3.794336994844411,0.7924528301886793,1.358490566037736,1.886792452830189,13.66682617416269,13.66682617416269,-1.797512275160831
0,0,21,0,0,0,0,0,0,0,1.702359598740171,0.2867132867132867,0.5664335664335665,0.9370629370629371,15.0722054174152,15.0722054174152,-1.829834581844996
0,0,10,0,0,0,0,0,0,0,4.010612726590062,0.5774647887323944,1.056338028169014,1.535211267605634,14.26376081185352,14.26376081185352,-1.952064372541543
0,0,6,1,0,1,0,0,0,0,3.578893286770509,0.8846153846153846,1.461538461538461,2.038461538461538,13.69019853532511,13.69019853532511,-1.582926369011534
0,0,4,0,0,0,0,0,0,0,2.86998750580177,0.65,1.1,1.55,13.16204153210106,13.16204153210106,-1.557065876677169
0,0,5,0,0,0,0,0,0,0,3.231845498238972,1.0,1.575757575757576,2.090909090909091,12.58404974945289,12.58404974945289,-1.481593652893257
0,0,4,0,0,1,0,0,0,0,3.317548742185145,1.0,1.615384615384615,2.128205128205128,13.36960356827916,13.36960356827916,-1.199923053980559
1,0,4,0,0,0,1,0,0,0,3.345972902004883,0.8947368421052632,1.5,2.026315789473684,13.16400349538305,13.16400349538305,-1.171944741886813
0,0,8,0,0,0,0,0,0,0,3.892455762781592,0.6557377049180327,1.19672131147541,1.688524590163935,14.28182011680552,14.28182011680552,-1.398815752428669
0,0,24,3,0,0,0,0,0,0,1.668955709013602,0.291005291005291,0.5873015873015873,0.9735449735449735,15.16503662098191,15.16503662098191,-2.104876854665403
0,0,27,2,0,0,0,0,1,0,1.652600842550196,0.3085106382978723,0.6382978723404256,1.058510638297872,15.02946390950395,15.02946390950395,-2.181193088680979
1,0,5,0,0,1,1,0,0,0,3.930041557365029,0.9622641509433962,1.60377358490566,2.169811320754717,14.15182691651383,14.15182691651383,-1.168524470638034
1,0,3,0,0,1,1,0,0,0,3.568741715595232,1.184210526315789,1.947368421052632,2.578947368421053,13.21317718495163,13.21317718495163,-1.236335684629804
2,0,4,0,0,0,2,0,0,0,3.814843630262632,1.0,1.644444444444444,2.222222222222222,13.64736830906911,13.64736830906911,-1.273093314753304
0,0,4,0,0,0,0,0,0,0,2.657726075000167,0.84375,1.375,1.78125,12.66408815726321,12.66408815726321,-1.68146389728731
1,0,3,0,0,0,1,0,0,0,3.161681921576001,1.103448275862069,1.793103448275862,2.344827586206896,12.55426516439909,12.55426516439909,-1.203164116860906
0,0,7,2,0,0,0,0,1,0,4.064012240225294,0.65625,1.171875,1.71875,14.59264186221541,14.59264186221541,-1.188968493496124
1,0,7,0,0,0,1,0,0,0,3.541639268390929,0.7254901960784313,1.215686274509804,1.686274509803922,13.52681359021637,13.52681359021637,-1.840554681267198
0,0,8,2,0,0,0,0,1,0,4.159147242238559,0.625,1.125,1.652777777777778,14.68304914495008,14.68304914495008,-1.205698007768929
0,0,4,0,0,0,0,0,0,0,3.040866105800752,1.076923076923077,1.653846153846154,2.192307692307693,12.40897830582851,12.40897830582851,-1.29756199084572
0,0,3,0,0,0,0,0,0,0,2.980219414752477,1.291666666666667,1.916666666666667,2.416666666666667,12.38684854497354,12.38684854497354,-1.250596970269589
0,0,3,0,0,0,0,0,0,0,3.049301606174326,1.32,1.96,2.48,12.53861480125414,12.53861480125414,-1.248351791206228
0,0,14,1,0,1,0,0,1,1,1.619159468712196,0.5370370370370371,1.018518518518519,1.518518518518519,15.03815551120182,15.03815551120182,-1.963815630473218
0,0,11,1,0,1,0,0,1,1,2.477194330286219,0.6111111111111112,1.088888888888889,1.566666666666667,14.83448374611667,14.83448374611667,-1.894162850610378
0,0,18,3,0,1,0,0,2,0,1.638352187503029,0.3767123287671233,0.7397260273972602,1.184931506849315,15.03380841787757,15.03380841787757,-1.723604889794084
0,0,14,2,0,1,0,0,1,0,1.637566772059127,0.4642857142857143,0.8928571428571429,1.383928571428571,14.62810980010107,14.62810980010107,-1.64347327605653
0,0,15,2,0,1,0,0,1,0,1.623382490128022,0.4333333333333333,0.8333333333333334,1.316666666666667,14.77305677495309,14.77305677495309,-1.686586084294837
1,0,10,0,0,0,1,0,0,0,4.276219130841575,0.5679012345679012,0.9753086419753086,1.432098765432099,14.70786744134104,14.70786744134104,-1.72709800607051
2,0,16,1,1,0,1,1,0,0,1.633119099050869,0.4365079365079365,0.8412698412698413,1.301587301587302,15.1066355779462,15.1066355779462,-1.897123122280634
1,0,24,2,0,0,1,0,1,0,1.65970057041448,0.3138297872340425,0.6223404255319149,1.021276595744681,14.96029855501939,14.96029855501939,-2.243742176919255
0,0,23,3,0,0,0,0,0,0,1.649736516315361,0.3055555555555556,0.6166666666666667,1.005555555555556,15.15566372364081,15.15566372364081,-2.086978748329272
0,0,15,3,0,1,0,0,0,0,1.693494747618997,0.4132231404958678,0.7768595041322314,1.198347107438017,15.15547393172108,15.15547393172108,-1.858799167838788
0,0,9,1,0,1,0,0,0,0,4.181176056627327,0.6666666666666666,1.173333333333333,1.68,14.38225393453974,14.38225393453974,-1.239417245175692
0,0,14,1,0,1,0,0,1,1,1.517844376868971,0.5370370370370371,1.0,1.5,15.08509189526676,15.08509189526676,-1.926271627879409
1,0,16,2,0,0,1,0,2,0,1.613843645166729,0.4508196721311475,0.8114754098360656,1.204918032786885,14.88986656018669,14.88986656018669,-1.902006689025467
0,0,14,0,0,2,0,0,0,0,4.376615778186635,0.4382022471910113,0.797752808988764,1.224719101123596,14.04691511661895,14.04691511661895,-1.932043928786606
0,0,12,1,0,0,0,0,1,0,4.326169793204602,0.5903614457831325,1.08433734939759,1.614457831325301,14.2873399262523,14.2873399262523,-1.947201353018673
1,1,10,0,0,1,1,0,0,0,4.417397939675797,0.6385542168674698,1.132530120481928,1.662650602409639,14.27683060656926,14.27683060656926,-1.840357049389037
0,0,14,0,0,1,0,0,0,0,4.003294957533812,0.5301204819277109,0.963855421686747,1.44578313253012,14.31463764296359,14.31463764296359,-1.962254933859532
0,0,5,0,0,0,0,0,0,0,2.747353735236103,0.8571428571428571,1.457142857142857,1.914285714285714,12.88680555295274,12.88680555295274,-1.553479886045863
0,0,1,1,0,0,0,0,0,0,2.438574517919543,1.3,1.9,2.4,11.98318263416478,11.98318263416478,-1.028137860082304
0,0,19,2,0,1,0,0,1,0,1.639102729630599,0.3666666666666666,0.72,1.166666666666667,15.04348236113041,15.04348236113041,-1.705400592908606
0,0,10,1,0,1,0,0,1,0,4.236942399577017,0.6219512195121951,1.134146341463415,1.646341463414634,14.29477617465279,14.29477617465279,-1.549814958208474
0,0,15,2,0,1,0,0,1,0,1.720097638972316,0.4621848739495799,0.8823529411764706,1.344537815126051,14.54333041409446,14.54333041409446,-1.585100459019853
0,0,11,1,0,1,0,0,0,0,3.557537234884632,0.4431818181818182,0.7954545454545454,1.170454545454545,14.2722541838313,14.2722541838313,-1.929459067445922
0,0,10,3,0,0,0,0,0,0,2.461800614341116,0.5056179775280899,0.9775280898876404,1.471910112359551,14.84616703710498,14.84616703710498,-1.561868534822119
2,0,16,0,0,1,2,0,0,0,1.737390883315156,0.472,0.888,1.336,15.04474951079956,15.04474951079956,-1.648417635277609
2,0,25,0,0,2,2,0,0,0,1.684940933570016,0.3243243243243243,0.6324324324324324,1.010810810810811,15.15900694998109,15.15900694998109,-2.090255188893801
0,0,13,2,0,1,0,0,1,0,1.623021840176534,0.5,0.9519230769230769,1.442307692307692,14.40602894620453,14.40602894620453,-1.574823358739897
1,0,7,0,0,0,1,0,0,0,3.730347540148768,0.803921568627451,1.411764705882353,1.96078431372549,13.67435140304569,13.67435140304569,-1.895096209297995
0,0,8,0,0,0,0,0,0,0,3.232073001304292,0.375,0.6388888888888888,0.9166666666666666,13.76039723023936,13.76039723023936,-2.155135569822606
0,0,5,2,0,0,0,0,2,0,3.567129329744041,0.82,1.4,1.94,13.3271285350067,13.3271285350067,-1.517132884540165
3,0,12,1,0,0,3,0,0,1,1.680975118921789,0.5238095238095238,0.9809523809523809,1.514285714285714,14.79834452853386,14.79834452853386,-1.731181165423137
0,0,9,1,0,0,0,0,1,0,3.222366325852771,0.5757575757575758,1.03030303030303,1.515151515151515,13.63083379021027,13.63083379021027,-1.891045745899624
0,1,10,0,0,0,0,0,0,1,3.526919589612682,0.4235294117647059,0.7411764705882353,1.105882352941177,13.98882393684879,13.98882393684879,-2.227446634783532
0,0,4,2,0,0,0,0,2,0,3.458137360961024,0.8571428571428571,1.428571428571429,1.976190476190476,13.1394492452457,13.1394492452457,-1.476561724068073
0,0,4,0,0,0,0,0,0,0,2.795583533835427,0.7428571428571429,1.228571428571429,1.657142857142857,12.72034123834719,12.72034123834719,-1.608480229224902
0,0,7,0,0,1,0,0,0,0,3.158812632931589,0.6379310344827587,1.086206896551724,1.551724137931034,13.89936434384226,13.89936434384226,-1.666867033424503
1,0,9,0,0,0,1,0,0,0,4.054020997170126,0.7162162162162162,1.27027027027027,1.77027027027027,14.08397429802729,14.08397429802729,-1.956075208017993
0,0,9,0,0,0,0,0,0,0,3.168828494720216,0.4444444444444444,0.7936507936507936,1.19047619047619,13.61745394537202,13.61745394537202,-1.856258690109531
0,0,11,0,0,0,0,0,0,0,3.998730613647171,0.547945205479452,1.0,1.438356164383562,14.20893189366741,14.20893189366741,-1.706638511072523
0,0,10,0,0,0,0,0,0,0,4.090068583749875,0.5942028985507246,1.072463768115942,1.579710144927536,14.44761431841159,14.44761431841159,-1.705750363564943
0,0,16,1,0,1,0,0,0,0,1.616957356224548,0.4344262295081967,0.8278688524590164,1.254098360655738,14.97508454420761,14.97508454420761,-1.426065445796722
0,0,9,2,0,0,0,0,2,0,3.894223607159113,0.6025641025641025,1.076923076923077,1.58974358974359,14.40517187386831,14.40517187386831,-1.655015243315396
0,0,14,0,0,0,0,0,0,0,0.9207231669799117,0.4210526315789473,0.7789473684210526,1.2,14.14601041624366,14.14601041624366,-1.967014358113315
0,0,5,1,0,0,0,0,1,0,2.903905633258222,0.7142857142857143,1.261904761904762,1.761904761904762,13.25178581432473,13.25178581432473,-1.232450141221974
1,0,12,0,0,0,1,0,0,0,1.801942849256277,0.4845360824742268,0.8762886597938144,1.319587628865979,14.89103901115509,14.89103901115509,-1.861855780921071
0,1,5,0,0,0,0,0,0,0,2.798934238584043,0.7297297297297297,1.27027027027027,1.756756756756757,12.42205325041454,12.42205325041454,-1.563429308936614
0,1,7,0,0,0,0,0,0,1,3.191884247054996,0.5967741935483871,1.032258064516129,1.483870967741935,13.84910032951446,13.84910032951446,-1.910965969476914
0,0,8,0,0,0,0,0,0,0,3.974436417482601,0.6666666666666666,1.216666666666667,1.733333333333333,13.79323358758981,13.79323358758981,-1.690303307286081
0,0,9,0,0,0,0,0,0,0,3.961491978764242,0.676923076923077,1.230769230769231,1.753846153846154,14.09790268084869,14.09790268084869,-1.707407305002574
0,0,6,0,0,0,0,0,0,0,3.697628500374495,0.8695652173913043,1.478260869565217,2.021739130434783,13.53082312716059,13.53082312716059,-1.659891500208158
0,0,9,3,0,0,0,0,3,0,3.558830767240587,0.4823529411764706,0.8588235294117647,1.294117647058824,14.85532881465714,14.85532881465714,-1.447764178224314
0,0,14,1,0,1,0,0,0,0,1.727557632770524,0.4601769911504425,0.8495575221238938,1.274336283185841,14.94966155594764,14.94966155594764,-1.346704654167073
1,0,17,3,0,0,1,0,1,2,1.686146628877837,0.3594771241830065,0.6862745098039216,1.084967320261438,15.54143136079744,15.54143136079744,-1.700015605013188
0,0,10,3,0,0,0,0,1,1,1.62496279851413,0.4895833333333333,0.8958333333333334,1.34375,15.10059985939844,15.10059985939844,-1.498307977468692
2,0,26,2,1,0,1,1,0,2,1.629387065117067,0.3193717277486911,0.6335078534031413,1.057591623036649,15.45655049228446,15.45655049228446,-1.853913440574176
2,0,25,2,1,0,1,1,0,2,1.651673576992515,0.3297297297297297,0.6486486486486487,1.075675675675676,15.44702755979422,15.44702755979422,-1.850494420003921
0,0,7,0,0,3,0,0,0,0,4.172993552025077,0.5285714285714286,0.8142857142857143,1.1,14.56600081609682,14.56600081609682,-1.204575598286471
0,0,4,1,0,0,0,0,0,0,3.762706744149385,0.9024390243902439,1.560975609756098,2.170731707317073,13.81922474309334,13.81922474309334,-1.056352596429724
0,0,5,0,0,0,0,0,0,0,3.576504363038587,0.9743589743589743,1.666666666666667,2.230769230769231,13.28596322508403,13.28596322508403,-1.406097384941632
0,0,6,0,0,1,0,0,0,0,3.536563435400109,0.8076923076923077,1.384615384615385,1.923076923076923,13.74148611161018,13.74148611161018,-1.798388667336075
1,0,8,1,0,0,1,0,0,0,4.0105865236034,0.7941176470588235,1.455882352941176,2.058823529411764,14.57707063832317,14.57707063832317,-1.469842370347873
0,0,8,0,0,0,0,0,0,0,3.847660745385858,0.5932203389830508,1.033898305084746,1.491525423728814,13.89068073417183,13.89068073417183,-1.619579405731522
0,0,5,0,0,0,0,0,0,0,3.335848336860773,0.9736842105263158,1.631578947368421,2.184210526315789,13.40788587624255,13.40788587624255,-1.333992066368613
2,0,11,1,0,1,2,0,1,0,1.741222835098734,0.5794392523364486,1.05607476635514,1.551401869158878,14.66345244771585,14.66345244771585,-1.245741701357886
2,0,7,0,0,1,2,0,0,0,4.218927721134357,0.7083333333333334,1.208333333333333,1.708333333333333,14.66959757243241,14.66959757243241,-1.349312710858707
0,0,8,1,0,0,0,0,1,0,4.015656563241569,0.6666666666666666,1.159420289855073,1.666666666666667,13.11843780518023,13.11843780518023,-1.377592735237972
0,0,9,3,0,0,0,0,2,0,4.066687726249629,0.56,1.0,1.493333333333333,14.70078929854774,14.70078929854774,-1.447220950971182
0,0,7,2,0,0,0,0,1,0,4.011662534904152,0.6,1.1,1.628571428571429,14.34414402385194,14.34414402385194,-1.766349553236549
0,0,5,0,0,0,0,0,0,0,3.465695405504615,0.75,1.318181818181818,1.818181818181818,13.50722825427631,13.50722825427631,-1.186025143970793
0,0,6,0,0,0,0,0,0,0,3.594307638335889,0.660377358490566,1.188679245283019,1.679245283018868,13.7689922956923,13.7689922956923,-1.51570512414718
1,0,10,1,0,0,1,0,0,0,4.077545662271892,0.7027027027027027,1.283783783783784,1.837837837837838,14.55823586566226,14.55823586566226,-1.511899252650293
1,0,12,0,0,0,1,0,0,1,1.744686369188543,0.504950495049505,0.8910891089108911,1.287128712871287,14.55753617029134,14.55753617029134,-1.859252626384538
1,0,6,2,1,0,0,1,0,0,3.834702137740082,0.8392857142857143,1.535714285714286,2.232142857142857,14.31833846514046,14.31833846514046,-1.40173039648626
0,0,6,1,0,1,0,0,0,0,3.095101430820336,0.6607142857142857,1.125,1.589285714285714,13.83097894970638,13.83097894970638,-1.568165322515704
0,0,11,2,0,0,0,0,1,0,2.641548516037171,0.5747126436781609,1.080459770114943,1.609195402298851,14.72790266201818,14.72790266201818,-1.685805997555654
0,0,1,0,0,0,0,0,0,0,2.315771061836719,1.176470588235294,1.647058823529412,2.0,11.77917044595616,11.77917044595616,-1.010137471655328
0,0,1,0,0,0,0,0,0,0,2.245760354437989,1.294117647058824,1.823529411764706,2.176470588235294,11.54735260770975,11.54735260770975,-1.448975812547242
0,0,2,2,0,0,0,0,1,0,2.738892496672837,0.84375,1.375,1.9375,13.01709047199126,13.01709047199126,-1.202263190770136
0,0,8,0,0,0,0,0,0,0,3.878804503111188,0.7,1.283333333333333,1.816666666666667,14.09549847427595,14.09549847427595,-1.56075385359352
1,0,3,1,0,0,1,0,0,0,3.548633701682986,1.135135135135135,1.864864864864865,2.486486486486486,13.28865390835448,13.28865390835448,-1.187893875702456
0,0,3,1,0,0,0,0,1,0,3.481254408219154,1.0,1.575757575757576,2.151515151515151,13.31687615131248,13.31687615131248,-1.130787142375381
0,0,8,3,0,0,0,0,0,0,4.097658168937079,0.5131578947368421,0.9342105263157895,1.394736842105263,14.6922951319994,14.6922951319994,-1.494527337373184
0,0,9,1,0,0,0,0,1,0,3.895211380170739,0.575,1.0375,1.55,14.57205023285057,14.57205023285057,-1.600312202380667
0,0,6,0,0,0,0,0,0,0,3.622288049386648,0.6607142857142857,1.142857142857143,1.607142857142857,13.80842260384784,13.80842260384784,-1.755669511704993
0,0,5,0,0,0,0,0,0,0,3.531685143755215,0.7142857142857143,1.244897959183674,1.73469387755102,13.65396923697169,13.65396923697169,-1.49704114421696
0,0,4,0,0,0,0,0,0,1,2.825175416006508,0.75,1.25,1.75,13.03047469125391,13.03047469125391,-1.189318822632748
0,0,8,1,0,0,0,0,1,0,3.707416115618835,0.7096774193548387,1.274193548387097,1.838709677419355,14.0784683876703,14.0784683876703,-1.667502848410412
0,0,5,1,0,1,0,0,1,0,3.595663739222899,0.8867924528301887,1.452830188679245,1.981132075471698,13.55428338031658,13.55428338031658,-1.618586170133235
0,0,2,1,0,0,0,0,0,0,3.141250182546794,1.178571428571429,1.857142857142857,2.464285714285714,12.72609806384292,12.72609806384292,-1.320236787105926
0,0,6,1,0,1,0,0,1,0,3.681824741134014,0.8032786885245902,1.377049180327869,1.901639344262295,13.67029917485333,13.67029917485333,-1.742805340134504
0,0,6,0,0,1,0,0,0,0,3.081404143808806,0.5357142857142857,0.875,1.178571428571429,13.56332482651289,13.56332482651289,-1.767923011594566
1,0,4,1,1,0,0,1,0,0,3.477131989072625,1.166666666666667,1.888888888888889,2.555555555555555,13.61813514642925,13.61813514642925,-1.317257511289869
0,0,11,1,0,0,0,0,1,0,4.114636960986444,0.6125,1.15,1.6625,14.19149235141824,14.19149235141824,-1.846688311959758
0,0,8,1,0,1,0,0,1,0,3.807432126492795,0.6986301369863014,1.26027397260274,1.794520547945206,14.21255988585973,14.21255988585973,-1.790326957010195
0,0,9,1,0,0,0,0,1,0,3.786561417504662,0.6571428571428571,1.185714285714286,1.728571428571429,14.29249781399741,14.29249781399741,-1.69688257252228
0,0,12,1,0,1,0,0,0,0,1.78837854674451,0.5154639175257731,0.9484536082474226,1.412371134020619,14.88634172384732,14.88634172384732,-1.298401284425357
0,0,2,0,0,0,0,0,0,0,2.139846396428149,1.333333333333333,1.866666666666667,2.2,11.05886337868481,11.05886337868481,-1.423518518518519
0,0,5,0,0,0,0,0,0,0,3.406988364685902,0.8048780487804879,1.365853658536585,1.853658536585366,13.2414901041786,13.2414901041786,-1.42021261127908
0,0,8,0,0,0,0,0,0,0,3.059997775055327,0.456140350877193,0.7543859649122807,1.087719298245614,13.6109824199711,13.6109824199711,-1.771889121792447
0,0,6,1,0,0,0,0,0,0,3.555568989158775,0.86,1.52,2.12,13.80171305571743,13.80171305571743,-1.369838134959189
0,0,7,0,0,0,0,0,0,0,3.129536359275465,0.4754098360655737,0.8360655737704918,1.180327868852459,13.66518152324059,13.66518152324059,-1.940055119540699
0,0,7,2,0,0,0,0,2,0,3.788239608895458,0.6818181818181818,1.196969696969697,1.727272727272727,14.48655975912593,14.48655975912593,-1.450199148086121
0,0,9,0,0,1,0,0,0,0,3.746112034861205,0.7014925373134329,1.238805970149254,1.761194029850746,13.85951487075204,13.85951487075204,-1.591540498296885
0,0,11,0,0,1,0,0,0,0,3.835439205048919,0.618421052631579,1.105263157894737,1.618421052631579,13.94452740107819,13.94452740107819,-1.622239251273449
1,0,9,1,1,0,0,1,0,0,3.595826436521085,0.6290322580645161,1.145161290322581,1.709677419354839,13.99925148151844,13.99925148151844,-1.758275535361514
0,0,19,0,0,0,0,0,0,0,1.642186519692451,0.3208955223880597,0.6268656716417911,1.029850746268657,14.76897981616146,14.76897981616146,-2.209033189457289
0,0,5,1,0,1,0,0,0,0,2.963863884699114,0.7446808510638298,1.212765957446809,1.680851063829787,13.62658292668664,13.62658292668664,-1.285047098717786
0,0,8,3,0,1,0,0,1,0,3.31978401640017,0.5138888888888888,0.8888888888888888,1.305555555555556,14.52761965664718,14.52761965664718,-1.532634825857749
1,0,6,1,1,0,0,1,0,1,3.867425342535091,0.8360655737704918,1.459016393442623,2.065573770491803,14.1813539979876,14.1813539979876,-1.618489292113466
0,0,8,0,0,0,0,0,0,0,3.199492136617927,0.5,0.921875,1.34375,13.80468206641401,13.80468206641401,-1.852326691267598
0,0,10,0,0,0,0,0,0,0,3.239920100110076,0.3714285714285714,0.6571428571428571,1.0,13.73506302758612,13.73506302758612,-2.119315081574993
0,0,9,0,0,0,0,0,0,0,4.006915466819684,0.6190476190476191,1.111111111111111,1.619047619047619,14.37976508450647,14.37976508450647,-1.647105147919228
0,0,7,1,0,0,0,0,0,0,3.963644437768636,0.7192982456140351,1.263157894736842,1.842105263157895,14.17337470031238,14.17337470031238,-1.282948512041022
0,0,8,1,0,0,0,0,0,0,4.06948917027549,0.6363636363636364,1.136363636363636,1.681818181818182,14.33966536653826,14.33966536653826,-1.540577119057245
0,0,7,1,0,0,0,0,0,0,3.841813396642325,0.7857142857142857,1.375,1.946428571428571,13.91622990705917,13.91622990705917,-1.611879412026272
1,0,11,1,1,0,0,1,0,0,3.767003886049048,0.5384615384615384,0.9615384615384616,1.423076923076923,14.60993699676745,14.60993699676745,-1.787226796574304
0,0,9,2,0,0,0,0,0,0,4.07043838339146,0.589041095890411,1.123287671232877,1.671232876712329,14.44333474251015,14.44333474251015,-1.234652961761928
1,0,5,0,0,0,1,0,0,0,3.805625632510813,0.7959183673469388,1.244897959183674,1.673469387755102,13.95594972219238,13.95594972219238,-1.133718417658373
0,0,3,0,0,0,0,0,0,0,3.200210250183916,1.25,2.0,2.583333333333333,12.50305924569858,12.50305924569858,-1.224136064919795
0,0,4,0,0,0,0,0,0,0,2.527888394083992,0.7777777777777778,1.296296296296296,1.740740740740741,12.27444019274376,12.27444019274376,-1.526969298521878
0,0,16,4,0,1,0,0,4,0,1.619417870592261,0.3928571428571428,0.7357142857142858,1.157142857142857,15.08215315785223,15.08215315785223,-1.893960261276862
0,0,3,0,0,0,0,0,0,0,2.650828767382774,0.8064516129032258,1.258064516129032,1.645161290322581,12.98436255983875,12.98436255983875,-1.509491649071063
0,0,2,1,0,0,0,0,0,0,2.569110271783269,1.166666666666667,1.791666666666667,2.333333333333333,12.28832876669186,12.28832876669186,-1.14041013797646
0,0,11,0,0,1,0,0,0,0,4.117205184539626,0.5925925925925926,1.123456790123457,1.654320987654321,14.06486043024826,14.06486043024826,-1.730282536992499
0,0,9,0,0,0,0,0,0,1,4.057177113029906,0.5866666666666667,1.08,1.626666666666667,14.12953150453707,14.12953150453707,-1.539216032231957
0,0,12,0,0,1,0,0,0,0,4.27401869927215,0.5609756097560976,1.073170731707317,1.609756097560976,14.61318937846438,14.61318937846438,-1.422635082723599
1,0,3,1,0,0,1,0,0,0,3.591571759504988,1.162162162162162,1.891891891891892,2.513513513513514,13.6308550295437,13.6308550295437,-1.15668504126997
0,0,2,1,0,0,0,0,1,0,2.647151672862089,1.035714285714286,1.607142857142857,2.071428571428572,12.79834813555052,12.79834813555052,-1.128433556949971
1,0,1,0,0,0,1,0,0,0,2.881969989362824,1.578947368421053,2.263157894736842,2.736842105263158,11.8590554138322,11.8590554138322,-1.103980064247921
0,0,2,1,0,0,0,0,1,0,3.048973343557907,1.291666666666667,1.958333333333333,2.541666666666667,12.74075365331318,12.74075365331318,-1.046865912917049
1,0,1,0,0,0,1,0,0,0,2.864915622415189,1.578947368421053,2.263157894736842,2.736842105263158,11.86707577475435,11.86707577475435,-1.046602366255144
1,0,2,1,0,0,1,0,1,0,3.398279432948854,1.266666666666667,2.0,2.633333333333333,12.79246871588141,12.79246871588141,-1.178211095528916
2,0,3,0,0,0,2,0,0,0,3.529345661755774,1.15625,1.8125,2.40625,12.72626684393418,12.72626684393418,-1.216536106356633
0,0,1,0,0,0,0,0,0,0,2.224340490217426,1.294117647058824,1.823529411764706,2.176470588235294,11.71430933484505,11.71430933484505,-1.009771352985638
0,0,2,1,0,0,0,0,1,0,3.107842246448095,1.269230769230769,1.923076923076923,2.5,12.51864927143697,12.51864927143697,-1.199668472327202
1,0,2,1,0,0,1,0,1,0,3.399045302929318,1.266666666666667,2.0,2.633333333333333,12.84850906357084,12.84850906357084,-1.174763809589747
0,0,8,0,0,0,0,0,0,0,3.867078551098503,0.7333333333333333,1.316666666666667,1.833333333333333,13.94792755829779,13.94792755829779,-1.682862024634563
0,0,5,0,0,1,0,0,0,0,3.481257886348616,0.9148936170212766,1.553191489361702,2.085106382978724,14.01164728501083,14.01164728501083,-1.216837010765148
0,0,4,1,0,0,0,0,1,0,3.462912717435687,0.9761904761904762,1.619047619047619,2.214285714285714,13.6147422107681,13.6147422107681,-1.149730541908122
0,0,3,0,0,0,0,0,0,0,2.71893288137406,0.6571428571428571,1.114285714285714,1.571428571428571,12.73581616558979,12.73581616558979,-1.66609129521873
0,0,9,1,0,0,0,0,0,0,3.656014513959101,0.7931034482758621,1.448275862068966,2.017241379310345,13.89277030245744,13.89277030245744,-1.609293100702774
1,0,6,1,1,0,0,1,0,0,3.80379788412107,0.8571428571428571,1.5,2.107142857142857,14.01323832837973,14.01323832837973,-1.50206960115453
1,0,11,2,1,0,0,1,1,0,1.780341092806365,0.6021505376344086,1.182795698924731,1.806451612903226,14.36512002137469,14.36512002137469,-1.69261422313439
0,0,20,2,0,0,0,0,1,0,1.672992082277801,0.381294964028777,0.7410071942446043,1.20863309352518,14.9406421202609,14.9406421202609,-1.90196692181737
0,0,26,2,0,0,0,0,1,0,1.645934871868905,0.3107344632768362,0.6214689265536724,1.073446327683616,15.1676940653876,15.1676940653876,-1.952277936193805
0,0,6,1,0,0,0,0,1,0,3.472274823742189,0.8478260869565217,1.369565217391304,1.91304347826087,13.6023103997874,13.6023103997874,-1.429366522843706
0,0,8,1,0,1,0,0,1,0,3.827645501047336,0.7352941176470589,1.338235294117647,1.897058823529412,14.210251186964,14.210251186964,-1.801086729862476
3,0,12,2,1,1,2,1,0,0,1.751960847844885,0.5555555555555556,1.076923076923077,1.641025641025641,14.77785434514189,14.77785434514189,-2.002067719232087
1,0,16,1,0,4,1,0,1,0,1.693585628790883,0.4492753623188406,0.855072463768116,1.333333333333333,14.99891893089801,14.99891893089801,-1.908742247627036
3,0,9,1,1,1,2,1,0,0,1.591554497016214,0.6595744680851063,1.223404255319149,1.808510638297872,14.51492869438621,14.51492869438621,-1.917348982918645
2,0,8,0,0,1,2,0,0,0,4.228083020636417,0.7,1.25,1.8,14.31776806352758,14.31776806352758,-1.893170623913748
1,0,5,0,0,0,1,0,0,0,3.762830217237749,0.98,1.64,2.2,13.73105506072293,13.73105506072293,-1.596541169722779
1,0,2,1,1,0,0,1,0,0,3.013164604729886,1.148148148148148,1.851851851851852,2.518518518518519,12.07047254241203,12.07047254241203,-1.577040834845288
0,0,6,1,0,1,0,0,1,0,3.694731674798585,0.8392857142857143,1.428571428571429,1.982142857142857,13.91585709645077,13.91585709645077,-1.404475956506057
0,0,4,1,0,0,0,0,1,0,2.939768705874211,0.8571428571428571,1.476190476190476,2.023809523809524,13.3373172002024,13.3373172002024,-1.709179479239871
1,0,4,1,1,0,0,1,0,0,3.396404564490634,0.9090909090909091,1.590909090909091,2.227272727272727,13.51725392334845,13.51725392334845,-1.696009003639325
1,0,3,1,1,0,0,1,0,0,3.3484330578116,0.926829268292683,1.609756097560976,2.24390243902439,13.34320158855186,13.34320158855186,-1.278524535383094
0,0,2,0,0,1,0,0,0,0,2.614134100610956,1.0,1.571428571428571,2.071428571428572,12.60477568342152,12.60477568342152,-1.145762863162304
0,0,6,1,0,1,0,0,1,0,3.144918974394213,0.7192982456140351,1.263157894736842,1.807017543859649,13.8479883083881,13.8479883083881,-1.443142602052081
0,0,6,1,0,1,0,0,1,0,3.638299648562105,0.8596491228070176,1.473684210526316,2.035087719298246,13.89462211855397,13.89462211855397,-1.369106303537292
1,0,2,0,0,0,1,0,0,0,3.236948666426391,1.461538461538461,2.192307692307693,2.769230769230769,12.935965765936,12.935965765936,-1.030365608951467
0,1,4,0,0,0,0,0,0,1,2.814420274978918,0.7837837837837838,1.189189189189189,1.567567567567568,13.15752919940721,13.15752919940721,-1.541070920306153
0,0,6,0,0,1,0,0,0,0,3.368817320627242,0.926829268292683,1.560975609756098,2.121951219512195,13.31138727553927,13.31138727553927,-1.367464411690603
1,0,12,1,1,0,0,1,0,0,4.059216166870007,0.6329113924050633,1.139240506329114,1.69620253164557,14.48604723724193,14.48604723724193,-1.913515166847745
0,0,4,0,0,0,0,0,0,0,2.497727183441856,0.9615384615384616,1.538461538461539,2.0,12.35741181657848,12.35741181657848,-1.217349351152561
0,0,3,1,0,0,0,0,1,0,2.743070522845068,0.9393939393939394,1.545454545454545,2.060606060606061,12.45116931389759,12.45116931389759,-1.294423465825951
1,0,7,2,1,0,0,1,0,0,4.132529903602541,0.6527777777777778,1.208333333333333,1.847222222222222,14.47481221129311,14.47481221129311,-1.813405844754346
0,1,9,3,0,0,0,0,1,0,2.653303017023372,0.5581395348837209,1.034883720930233,1.581395348837209,14.604147563043,14.604147563043,-1.938419093824955
0,0,7,2,0,0,0,0,1,0,3.710681695658932,0.7142857142857143,1.285714285714286,1.857142857142857,14.16657744060858,14.16657744060858,-1.596909895298043
0,0,2,1,0,0,0,0,0,0,2.652740687657414,1.035714285714286,1.678571428571429,2.214285714285714,12.66170783476384,12.66170783476384,-1.134702170845541
0,0,2,0,0,1,0,0,0,1,2.664102702143522,1.03448275862069,1.655172413793103,2.206896551724138,12.63025085034014,12.63025085034014,-1.176035463504349
0,0,2,0,0,0,0,0,0,1,2.492061287026717,1.08695652173913,1.695652173913043,2.173913043478261,12.29080333522298,12.29080333522298,-1.099530187074829
0,0,2,1,0,0,0,0,0,0,2.604313647570723,1.038461538461539,1.653846153846154,2.192307692307693,12.53935263920383,12.53935263920383,-1.137564169186193
0,0,18,1,0,1,0,0,1,0,0.8457557137846003,0.3902439024390244,0.7560975609756098,1.195121951219512,14.44234675827536,14.44234675827536,-2.193538900472077
0,0,3,1,0,1,0,0,0,0,2.781163034406077,1.0,1.647058823529412,2.205882352941177,12.77120245301574,12.77120245301574,-1.222785123916631
1,0,3,0,0,0,1,0,0,0,3.179069340637538,0.90625,1.40625,1.875,13.02039055282607,13.02039055282607,-1.136778779948873
0,0,1,0,0,0,0,0,0,0,2.13889793562238,1.117647058823529,1.588235294117647,1.941176470588235,11.67542422524565,11.67542422524565,-1.01037320483749
0,0,9,0,0,1,0,0,0,0,4.048485814038283,0.6825396825396826,1.253968253968254,1.825396825396825,13.92874842354024,13.92874842354024,-1.551172482779829
0,0,10,0,0,0,0,0,0,0,4.10542853837583,0.6060606060606061,1.106060606060606,1.651515151515152,13.58025081090318,13.58025081090318,-1.349336864818238
0,0,3,0,0,1,0,0,0,0,2.771403311681673,0.8888888888888888,1.472222222222222,1.972222222222222,13.10786946762686,13.10786946762686,-1.578769009039815
1,0,5,0,0,0,1,0,0,1,3.473546968485221,0.9111111111111111,1.533333333333333,2.044444444444444,13.287928698436,13.287928698436,-1.267277818318484
0,0,5,0,0,1,0,0,0,1,2.895169640294071,0.7906976744186046,1.302325581395349,1.790697674418605,13.44757744962335,13.44757744962335,-1.42781071344501
0,0,5,1,0,0,0,0,0,1,2.992144137655796,0.7021276595744681,1.234042553191489,1.74468085106383,13.67374558450413,13.67374558450413,-1.197679730204394
0,0,8,0,0,0,0,0,0,1,3.534837581658206,0.7843137254901961,1.274509803921569,1.705882352941176,13.49496769179122,13.49496769179122,-1.732323041883829
0,0,3,0,0,0,0,0,0,0,2.527888394083992,0.8888888888888888,1.407407407407407,1.851851851851852,12.3565019526329,12.3565019526329,-1.40410407218443
0,0,3,1,0,0,0,0,1,0,2.549919903077834,1.076923076923077,1.653846153846154,2.153846153846154,12.07069111132107,12.07069111132107,-1.481461310445833
0,0,4,0,0,0,0,0,0,1,2.793587201621454,0.7368421052631579,1.157894736842105,1.552631578947368,13.0825193755826,13.0825193755826,-1.439072567043347
0,0,6,1,0,0,0,0,1,1,3.137915150925404,0.6724137931034483,1.189655172413793,1.706896551724138,13.53731492122043,13.53731492122043,-1.694656333510202
1,0,17,3,0,0,1,0,2,0,1.717082877176644,0.4014598540145985,0.7883211678832117,1.255474452554745,14.94604099100689,14.94604099100689,-2.052349760612782
1,0,11,1,1,1,0,1,0,0,1.633802746242031,0.5816326530612245,1.071428571428571,1.63265306122449,15.01619137318204,15.01619137318204,-1.22440751098264
1,0,4,0,0,0,1,0,0,0,3.326663054868898,0.8461538461538461,1.358974358974359,1.794871794871795,13.02518034416348,13.02518034416348,-1.554638350886773
3,0,6,1,1,0,2,1,0,1,3.957413407530154,0.75,1.303571428571429,1.892857142857143,14.04033700688871,14.04033700688871,-1.621003211064886
0,0,6,0,0,1,0,0,0,0,3.451561004600229,0.8888888888888888,1.511111111111111,2.088888888888889,13.23348509430854,13.23348509430854,-1.249252819261179
0,0,4,0,0,0,0,0,0,0,3.290112334846855,0.9444444444444444,1.527777777777778,2.055555555555555,12.8311067589851,12.8311067589851,-1.45014174873347
1,0,8,1,0,1,1,0,1,0,4.048901304024074,0.7837837837837838,1.391891891891892,1.959459459459459,14.02010770505625,14.02010770505625,-1.638754728642221
0,0,4,1,0,0,0,0,1,0,3.311604039480188,1.081081081081081,1.72972972972973,2.297297297297297,13.39405495889633,13.39405495889633,-1.255566574309499
0,0,4,0,0,0,0,0,0,0,2.753195801920362,0.75,1.305555555555556,1.75,12.97044153505959,12.97044153505959,-1.196373310503304
0,0,6,0,0,0,0,0,0,1,2.950736150696232,0.6956521739130435,1.260869565217391,1.760869565217391,13.21775524388019,13.21775524388019,-1.693763041907258
0,0,6,0,0,0,0,0,0,0,3.345674663412604,0.8536585365853658,1.463414634146341,1.975609756097561,13.21815228916496,13.21815228916496,-1.556701832016627
1,1,4,1,1,1,0,1,0,0,3.414693299673616,0.9148936170212766,1.48936170212766,2.085106382978724,13.5675414808343,13.5675414808343,-1.323718595765542
1,0,2,1,0,0,1,0,0,0,3.197425652086976,1.066666666666667,1.733333333333333,2.3,12.81154793398841,12.81154793398841,-1.141611038839574
1,0,3,2,1,0,0,1,1,0,3.298008159416578,0.9230769230769231,1.615384615384615,2.282051282051282,12.86457207264709,12.86457207264709,-1.201368999861719
0,1,3,1,0,0,0,0,0,0,3.249165850314959,1.137931034482759,1.862068965517241,2.448275862068965,12.42670914549883,12.42670914549883,-1.177989986880644
0,0,4,1,0,0,0,0,0,1,3.398035375841457,1.025641025641026,1.692307692307692,2.282051282051282,13.55302286353017,13.55302286353017,-1.165363992385547
1,0,4,1,0,0,1,0,1,0,3.67742898909658,1.022727272727273,1.704545454545455,2.295454545454545,13.47858996517952,13.47858996517952,-1.44557038640372
1,0,4,1,0,0,1,0,1,0,3.676154066247445,1.022222222222222,1.711111111111111,2.288888888888889,13.68900663184619,13.68900663184619,-1.477977793811127
1,0,3,0,0,0,1,0,0,0,3.429857231679364,1.117647058823529,1.735294117647059,2.294117647058823,13.21489390473233,13.21489390473233,-1.045073274055056
0,0,3,0,0,0,0,0,0,0,2.691094111473821,0.7272727272727273,1.151515151515152,1.575757575757576,12.91408772150836,12.91408772150836,-1.514985722684136
1,0,3,0,0,0,1,0,0,0,3.413963021511202,1.258064516129032,1.935483870967742,2.483870967741935,12.8986471718317,12.8986471718317,-1.342770192953725
2,0,3,0,0,0,2,0,0,1,3.630821907092794,1.111111111111111,1.75,2.333333333333333,13.33700743260267,13.33700743260267,-1.064477008931825
0,0,9,1,0,0,0,0,0,0,3.807815493137314,0.5972222222222222,1.055555555555556,1.555555555555556,14.41298117888109,14.41298117888109,-1.831099028359795
0,0,10,0,0,0,0,0,0,0,3.760740315454121,0.6,1.1,1.642857142857143,14.05267740916112,14.05267740916112,-1.815899983131356
1,0,2,0,0,0,1,0,0,0,3.108563226033081,1.222222222222222,1.925925925925926,2.444444444444445,12.62273832103242,12.62273832103242,-1.137331559020564
0,0,8,1,0,1,0,0,0,0,3.179946150033965,0.578125,1.046875,1.5625,13.82425511697505,13.82425511697505,-1.913537601186724
0,0,7,1,0,0,0,0,0,0,3.03916381789099,0.5849056603773585,1.037735849056604,1.528301886792453,13.6020753732006,13.6020753732006,-1.822218993851945
2,0,5,1,1,0,1,1,0,0,3.729281306080875,0.8571428571428571,1.530612244897959,2.142857142857143,13.21520613718094,13.21520613718094,-1.542787500621493
1,0,4,1,0,1,1,0,1,0,3.535092950010971,0.9148936170212766,1.531914893617021,2.085106382978724,13.77146335590148,13.77146335590148,-1.359367421859462
0,0,7,0,0,1,0,0,0,0,3.107384368952822,0.603448275862069,1.120689655172414,1.655172413793103,13.50772252226961,13.50772252226961,-1.642937396757898
1,1,4,1,1,1,0,1,0,0,3.671436663305716,1.08695652173913,1.782608695652174,2.434782608695652,13.76828037655037,13.76828037655037,-1.166463952509887
1,0,14,1,0,1,1,0,0,0,1.767898824778996,0.5445544554455446,1.069306930693069,1.633663366336634,14.34427398277441,14.34427398277441,-1.860506745709883
0,0,9,0,0,1,0,0,0,0,3.789022379578842,0.6285714285714286,1.142857142857143,1.671428571428571,14.17818265212454,14.17818265212454,-1.674959937143808
0,0,8,0,0,0,0,0,0,0,3.646275275694813,0.7413793103448276,1.344827586206897,1.879310344827586,13.6438625730622,13.6438625730622,-1.61350910638897
0,0,3,1,0,0,0,0,0,0,3.207846378905611,1.142857142857143,1.857142857142857,2.464285714285714,12.49404242252456,12.49404242252456,-1.177932746391856
0,0,7,0,0,0,0,0,0,1,3.509844019002915,0.8444444444444444,1.466666666666667,2.044444444444444,13.29370432172898,13.29370432172898,-1.588692938041575
0,0,3,1,0,0,0,0,1,0,2.675287059795498,0.8709677419354839,1.419354838709677,1.935483870967742,12.59919522129839,12.59919522129839,-1.219600482816087
1,0,7,3,1,1,0,1,0,0,3.872736740791426,0.5679012345679012,1.061728395061728,1.604938271604938,14.7789177559653,14.7789177559653,-1.768102517996844
0,0,10,2,0,0,0,0,0,1,2.492940732432954,0.5555555555555556,1.022222222222222,1.511111111111111,14.45161483408033,14.45161483408033,-1.590425714294096
0,0,3,0,0,0,0,0,0,0,3.019977571748818,1.04,1.6,2.12,12.37851806389324,12.37851806389324,-1.048443527554347
0,0,3,0,0,0,0,0,0,0,3.30836864334464,1.107142857142857,1.821428571428571,2.392857142857143,12.74093883849836,12.74093883849836,-1.029270577565546
0,0,2,0,0,0,0,0,0,0,2.162626733803021,1.0,1.4375,1.8125,11.38599678760393,11.38599678760393,-1.139750514403292
0,0,3,0,0,0,0,0,0,0,3.003130504790812,1.12,1.72,2.2,12.57087343579407,12.57087343579407,-1.303609221466365
0,0,2,0,0,0,0,0,0,0,2.828423534116401,1.35,1.95,2.4,12.30696900982615,12.30696900982615,-1.186620370370371
0,0,3,0,0,0,0,0,0,0,2.423939368512916,0.8260869565217391,1.217391304347826,1.565217391304348,11.85716002141597,11.85716002141597,-1.488825897910945
0,0,1,0,0,0,0,0,0,0,2.018378036186454,1.307692307692308,1.769230769230769,2.076923076923077,11.19990740740741,11.19990740740741,-1.065457294028722
1,0,6,0,0,0,1,0,0,0,3.613109946967125,1.0,1.658536585365854,2.268292682926829,13.60728025430219,13.60728025430219,-1.23951515164214
0,0,6,1,0,0,0,0,0,0,2.888679783934202,0.7804878048780488,1.341463414634146,1.878048780487805,12.82411890696377,12.82411890696377,-1.561407407658449
0,0,6,0,0,0,0,0,0,0,3.419509124256201,0.8292682926829268,1.390243902439024,1.902439024390244,12.74478882435388,12.74478882435388,-1.406515201099085
0,0,9,0,0,0,0,0,0,0,3.798217955032148,0.6538461538461539,1.115384615384615,1.653846153846154,13.33269501395712,13.33269501395712,-1.509738653121047
1,0,8,1,1,1,0,1,0,0,3.886094124070428,0.859375,1.515625,2.15625,13.33874447756926,13.33874447756926,-1.736971467137723
0,0,9,0,0,0,0,0,0,0,3.783922978603622,0.7115384615384616,1.211538461538461,1.711538461538461,13.21092040778113,13.21092040778113,-1.589583367614065
0,0,6,0,0,0,0,0,0,0,3.390866730106774,0.875,1.5,2.05,13.39437573894575,13.39437573894575,-1.493559529599635
0,0,3,3,0,0,0,0,2,0,2.940781339685075,0.6097560975609756,0.975609756097561,1.390243902439024,13.48425415894672,13.48425415894672,-1.312218530268259
0,0,6,0,0,0,0,0,0,0,3.625750663989839,0.9285714285714286,1.476190476190476,2.0,13.70063977226811,13.70063977226811,-1.545310310099311
0,0,4,0,0,0,0,0,0,0,3.17781195173532,1.129032258064516,1.774193548387097,2.290322580645161,13.12733881863887,13.12733881863887,-1.313640425765246
0,0,4,0,0,0,0,0,0,0,3.239720934471565,1.0625,1.75,2.3125,13.09542816916329,13.09542816916329,-1.262595171570432
1,0,26,2,1,1,0,1,1,1,1.670758662524715,0.3736842105263158,0.7210526315789474,1.152631578947368,14.92066739917001,14.92066739917001,-2.152066662534941
0,0,8,0,0,0,0,0,0,1,3.227259181756928,0.546875,0.96875,1.40625,13.74287991008259,13.74287991008259,-1.747795984110912
0,0,5,0,0,1,0,0,0,0,3.060088223369744,0.5272727272727272,0.8545454545454545,1.2,13.63839663301327,13.63839663301327,-1.653493211896909
0,0,3,1,0,0,0,0,0,1,2.804898434130278,0.8888888888888888,1.444444444444444,1.972222222222222,13.05776106527556,13.05776106527556,-1.479316972159235
0,0,1,0,0,0,0,0,0,0,2.241729661588985,1.294117647058824,1.882352941176471,2.294117647058823,11.62583286092215,11.62583286092215,-1.039344267027798
0,0,20,3,0,1,0,0,2,1,1.63770110195155,0.3782051282051282,0.7243589743589743,1.134615384615385,15.02147173186881,15.02147173186881,-2.001898119246195
0,0,20,3,0,0,0,0,1,1,1.512242289144967,0.3333333333333333,0.6424242424242425,1.042424242424242,15.4677182441224,15.4677182441224,-2.136657739000556
0,0,24,2,0,0,0,0,1,0,1.656421216041401,0.3273809523809524,0.6547619047619048,1.101190476190476,15.18077786010307,15.18077786010307,-1.940740555938826
0,0,23,2,0,0,0,0,1,0,1.635827377423675,0.3395061728395062,0.6790123456790124,1.135802469135802,15.11292862619795,15.11292862619795,-1.932538270567199
0,0,4,1,0,0,0,0,1,0,2.74654180916375,0.9375,1.46875,2.0,12.0278469045092,12.0278469045092,-1.499489276229321
0,1,4,0,0,2,0,0,0,0,3.430522727117832,0.9047619047619048,1.428571428571429,1.928571428571429,13.24251249825616,13.24251249825616,-1.296196001603389
1,0,7,3,1,0,0,1,2,0,3.983859685267976,0.6714285714285714,1.2,1.728571428571429,14.68350541462239,14.68350541462239,-1.416092343069255
1,0,14,4,1,0,0,1,3,0,1.716072943592688,0.4871794871794872,0.9401709401709402,1.452991452991453,14.98713494022969,14.98713494022969,-1.835615632125878
1,0,33,3,1,0,0,1,1,1,1.655508578331284,0.288135593220339,0.6059322033898306,1.029661016949152,15.12685261978802,15.12685261978802,-2.268538208499644
0,0,7,0,0,0,0,0,0,0,3.071540377829482,0.5,0.8846153846153846,1.269230769230769,13.15833845542199,13.15833845542199,-1.918876594288994
0,0,4,0,0,0,0,0,0,0,2.605625656442448,0.8571428571428571,1.392857142857143,1.821428571428571,12.2728516313933,12.2728516313933,-1.694618719924456
0,0,7,1,0,0,0,0,1,0,3.860781218297504,0.7719298245614035,1.333333333333333,1.859649122807018,14.23241903937337,14.23241903937337,-1.419242199025917
0,0,6,1,0,0,0,0,1,0,3.718397927248482,0.8333333333333334,1.354166666666667,1.833333333333333,14.07920219761528,14.07920219761528,-1.394956261888672
0,0,5,0,0,0,0,0,0,0,2.812984143801073,0.717948717948718,1.17948717948718,1.615384615384615,13.07444497557173,13.07444497557173,-1.532711052883797
0,0,16,2,0,0,0,0,1,0,1.715903324199579,0.4146341463414634,0.7967479674796748,1.252032520325203,14.86922720097792,14.86922720097792,-2.097074293952732
0,0,19,0,0,0,0,0,0,0,1.65249095516635,0.3283582089552239,0.6417910447761194,1.014925373134328,14.75984786643086,14.75984786643086,-1.965363287285877
0,0,31,1,0,0,0,0,0,1,1.647340836330818,0.2863849765258216,0.5868544600938967,1.004694835680751,15.34602930927732,15.34602930927732,-1.973188732153403
1,0,62,4,0,1,1,0,1,0,1.657800008906155,0.1594533029612756,0.3302961275626424,0.5649202733485194,15.7601589961234,15.7601589961234,-2.608463306924988
1,0,94,6,0,1,1,0,2,1,1.639885910001762,0.1158536585365854,0.2530487804878049,0.475609756097561,15.94302038693854,15.94302038693854,-2.623940462733778
1,0,30,3,0,0,1,0,1,0,1.652680916028207,0.3055555555555556,0.6342592592592593,1.055555555555556,15.55348230694045,15.55348230694045,-2.154916162582966
1,0,6,2,1,0,0,1,1,0,3.876636818261492,0.746031746031746,1.333333333333333,1.920634920634921,14.61725458405185,14.61725458405185,-1.670210915725892
0,0,4,0,0,0,0,0,0,0,3.514761359121943,0.9444444444444444,1.555555555555556,2.138888888888889,13.39281632746855,13.39281632746855,-1.153414107146034
0,0,4,0,0,0,0,0,0,0,3.554636881733519,0.9210526315789473,1.552631578947368,2.157894736842105,13.46878961780938,13.46878961780938,-1.155071362665947
0,0,5,0,0,0,0,0,0,0,3.729384606183825,0.8536585365853658,1.536585365853659,2.170731707317073,13.58910390900529,13.58910390900529,-1.13987785913851
0,0,5,0,0,0,0,0,0,0,3.302862648111472,0.868421052631579,1.394736842105263,1.868421052631579,13.28108354154659,13.28108354154659,-1.419997451408888
0,0,15,2,0,0,0,0,1,0,0.9665020461370211,0.3617021276595745,0.6702127659574468,1.063829787234043,14.46486628676069,14.46486628676069,-2.0654978947773
0,1,4,0,0,0,0,0,0,0,3.334813989208372,0.9459459459459459,1.540540540540541,2.081081081081081,13.18608334383136,13.18608334383136,-1.309325166548441
0,0,2,0,0,0,0,0,0,0,3.001242493834305,1.291666666666667,1.958333333333333,2.5,12.48123992189468,12.48123992189468,-1.076194990195503
0,0,3,0,0,0,0,0,0,0,3.016160876417867,1.153846153846154,1.769230769230769,2.269230769230769,12.58974618396741,12.58974618396741,-1.096770107364443
0,0,3,0,0,0,0,0,0,0,3.015475804293404,1.153846153846154,1.769230769230769,2.269230769230769,12.6566583207357,12.6566583207357,-1.155118872796542
0,0,2,0,0,0,0,0,0,0,2.52890093682557,1.0,1.56,1.96,12.36430610670194,12.36430610670194,-1.34260099101369
0,0,1,1,0,0,0,0,0,0,2.431541411272553,1.142857142857143,1.761904761904762,2.285714285714286,11.86005479969766,11.86005479969766,-1.281008230452675
0,0,4,0,0,0,0,0,0,0,3.239599708809464,0.9428571428571428,1.571428571428571,2.085714285714286,13.03539333133264,13.03539333133264,-1.404057226688727
0,0,2,0,0,0,0,0,0,0,2.458861527020419,0.9166666666666666,1.458333333333333,1.833333333333333,12.2801029856387,12.2801029856387,-1.207830635340556
0,0,5,0,0,0,0,0,0,0,3.450396623597023,0.8,1.377777777777778,1.911111111111111,13.83872746177851,13.83872746177851,-1.259306996833082
0,0,2,1,0,0,0,0,1,0,2.671048088343707,1.0,1.6,2.133333333333333,12.77567040396405,12.77567040396405,-1.194473250464863
0,0,2,0,0,0,0,0,0,0,2.335511490219428,1.1,1.65,2.05,11.72838545603426,11.72838545603426,-1.219896069538928
0,0,4,1,0,0,0,0,1,1,3.41032029724616,1.024390243902439,1.658536585365854,2.24390243902439,13.52878853517057,13.52878853517057,-1.251253717190339
0,0,7,1,0,1,0,0,1,0,3.212626307842981,0.6363636363636364,1.136363636363636,1.651515151515152,13.73040273047126,13.73040273047126,-1.814367866165398
0,0,1,1,0,1,0,0,1,0,2.512961340514439,1.25,1.875,2.416666666666667,12.05154129398673,12.05154129398673,-1.149992198925279
0,0,3,2,0,1,0,0,2,0,2.914191492853606,0.8048780487804879,1.292682926829268,1.804878048780488,13.43398561844134,13.43398561844134,-1.262260043926013
2,0,4,2,1,0,1,1,1,0,3.759784842058643,0.7843137254901961,1.372549019607843,1.96078431372549,14.08073324224343,14.08073324224343,-1.671597926812851
0,0,10,1,0,0,0,0,1,0,3.851837657037564,0.6282051282051282,1.153846153846154,1.692307692307692,14.14892847025092,14.14892847025092,-1.817995000668729
0,0,16,1,0,0,0,0,0,0,0.8449221350661137,0.3653846153846154,0.7019230769230769,1.144230769230769,14.24542712535435,14.24542712535435,-2.169154122159273
0,0,6,3,0,0,0,0,2,0,3.674847625800544,0.7017543859649122,1.210526315789474,1.771929824561403,13.82567794469424,13.82567794469424,-1.45199414778487
0,0,3,2,0,0,0,0,2,0,3.357635569818448,0.918918918918919,1.459459459459459,2.0,13.18269060815327,13.18269060815327,-1.093089993814855
2,0,21,2,2,0,0,2,0,0,1.634911931943462,0.3475609756097561,0.6890243902439024,1.121951219512195,15.16934533081527,15.16934533081527,-2.098755117627658
0,0,13,2,0,2,0,0,0,0,1.72160450314649,0.4260869565217391,0.7913043478260869,1.252173913043478,14.54388432980771,14.54388432980771,-2.052766481646463
1,0,17,2,0,2,1,0,1,0,0.9005328629068471,0.3888888888888889,0.75,1.194444444444444,14.92160115293017,14.92160115293017,-2.13564716727188
2,0,6,1,1,1,1,1,0,0,3.839745975895104,0.7796610169491526,1.372881355932203,1.966101694915254,13.89323691048514,13.89323691048514,-1.820170944808009
1,0,4,0,0,0,1,0,0,0,3.434943992400677,0.775,1.225,1.625,13.54719823423197,13.54719823423197,-1.154192718256571
0,0,3,0,0,0,0,0,0,0,3.046544992538337,1.153846153846154,1.769230769230769,2.269230769230769,12.94197058453011,12.94197058453011,-1.148873316753978
0,0,4,1,0,0,0,0,1,0,3.305920481588199,1.085714285714286,1.742857142857143,2.342857142857143,13.47165712994717,13.47165712994717,-1.211903780387029
0,0,2,0,0,2,0,0,0,0,3.155375800113369,1.066666666666667,1.633333333333333,2.166666666666667,12.65967168330045,12.65967168330045,-1.169702626484733
0,0,2,0,0,1,0,0,0,0,3.101867412839011,1.214285714285714,1.892857142857143,2.464285714285714,12.5316607877719,12.5316607877719,-1.203511064919795
0,0,2,0,0,1,0,0,0,0,3.14488060828138,1.142857142857143,1.857142857142857,2.392857142857143,12.48967322268414,12.48967322268414,-1.252828063324095
0,0,3,0,0,0,0,0,0,0,2.998749283879156,1.24,1.88,2.4,12.71823076761569,12.71823076761569,-1.037342381026995
0,0,2,0,0,1,0,0,0,0,2.979266736621027,1.391304347826087,2.08695652173913,2.652173913043478,12.25300513878391,12.25300513878391,-1.142709881792223
0,0,3,0,0,1,0,0,0,0,2.528133740498227,1.074074074074074,1.666666666666667,2.111111111111111,12.42941670340976,12.42941670340976,-1.231076406024097
0,0,2,0,0,1,0,0,0,0,3.01305252488628,1.347826086956522,2.08695652173913,2.652173913043478,11.73884839275216,11.73884839275216,-1.148184156378601
0,0,4,0,0,0,0,0,0,2,3.39402718092443,0.9487179487179487,1.564102564102564,2.102564102564103,13.63343978892552,13.63343978892552,-1.118155508836823
0,0,5,0,0,0,0,0,0,0,3.332796466252738,0.918918918918919,1.459459459459459,1.972972972972973,13.58574162331242,13.58574162331242,-1.221375046677175
0,0,4,0,0,0,0,0,0,0,3.365782942270038,0.925,1.55,2.05,13.5550687976099,13.5550687976099,-1.317349938955279
0,0,10,0,0,1,0,0,0,0,3.145711136294295,0.5647058823529412,1.047058823529412,1.576470588235294,14.79745288274919,14.79745288274919,-1.22670198645145
0,0,10,0,0,0,0,0,0,0,4.258345557954505,0.5394736842105263,0.9868421052631579,1.486842105263158,14.31878324525926,14.31878324525926,-1.149932759335487
0,0,5,0,0,0,0,0,0,0,2.558124611847865,0.9230769230769231,1.5,2.0,11.89419291086499,11.89419291086499,-1.295310370679237
0,0,5,0,0,0,0,0,0,0,2.84956712741029,0.725,1.225,1.675,13.1670336932855,13.1670336932855,-1.53215657027002
0,0,9,2,0,0,0,0,1,0,3.361553295484535,0.4805194805194805,0.935064935064935,1.454545454545455,14.01600322161838,14.01600322161838,-1.981536131423203
1,0,9,1,0,0,1,0,0,0,4.091901750856855,0.7313432835820896,1.343283582089552,1.895522388059701,14.08185599512153,14.08185599512153,-1.799209975217849
0,0,5,0,0,0,0,0,0,0,2.773735089476094,0.7105263157894737,1.157894736842105,1.578947368421053,12.82565433981469,12.82565433981469,-1.636442507331411
0,0,8,1,0,0,0,0,1,0,3.845670267228652,0.5714285714285714,1.038961038961039,1.493506493506493,14.54745063788046,14.54745063788046,-1.859117903250749
0,0,5,1,0,0,0,0,1,0,3.579763569249745,0.7407407407407407,1.296296296296296,1.851851851851852,14.14192720257454,14.14192720257454,-1.713393633244184
0,0,8,1,0,0,0,0,0,0,3.659412935524997,0.8070175438596491,1.403508771929824,1.947368421052632,13.78349586201647,13.78349586201647,-1.725111111179481
1,0,3,1,1,0,0,1,0,0,3.254286548560081,0.9459459459459459,1.594594594594595,2.189189189189189,13.29257419133096,13.29257419133096,-1.466643798403428
0,0,4,0,0,0,0,0,0,0,2.680792815012109,0.8181818181818182,1.363636363636364,1.787878787878788,12.96425309166877,12.96425309166877,-1.568845860183516
1,0,2,1,1,0,0,1,0,0,3.065572738879629,1.142857142857143,1.821428571428571,2.428571428571428,12.7685901675485,12.7685901675485,-1.181816342277652
1,0,5,1,1,0,0,1,0,0,3.371964679387415,0.8444444444444444,1.444444444444444,2.022222222222222,13.62638908561843,13.62638908561843,-1.579213162336393
0,0,7,0,0,0,0,0,0,0,3.724547568327477,0.6470588235294118,1.07843137254902,1.549019607843137,13.71097481217732,13.71097481217732,-1.50890706111808
0,0,3,0,0,0,0,0,0,0,2.934400961267191,1.291666666666667,1.916666666666667,2.416666666666667,12.69157123960695,12.69157123960695,-1.13998981691442
0,0,3,0,0,1,0,0,0,0,3.295892487651431,1.055555555555556,1.722222222222222,2.305555555555555,13.28883503946309,13.28883503946309,-1.08542254564935
0,0,15,0,0,0,0,0,0,0,1.638916590071827,0.4021739130434783,0.8043478260869565,1.228260869565217,13.80807227972833,13.80807227972833,-1.68209285050737
0,0,9,1,0,1,0,0,0,0,3.59064023470984,0.4047619047619048,0.7142857142857143,1.047619047619048,14.27380192178566,14.27380192178566,-1.714134625992409
0,0,2,1,0,0,0,0,1,0,2.613303193839356,1.0,1.653846153846154,2.192307692307693,12.44679741958512,12.44679741958512,-1.196958721760309
0,0,3,1,0,0,0,0,1,0,2.810639448385373,0.9428571428571428,1.542857142857143,2.057142857142857,12.85423431767688,12.85423431767688,-1.523524449903418
0,0,2,1,0,0,0,0,1,0,2.612807409406011,1.037037037037037,1.62962962962963,2.148148148148148,12.55346786554128,12.55346786554128,-1.198469781431091
0,0,3,2,0,0,0,0,1,0,2.970089921892446,0.6428571428571429,1.142857142857143,1.738095238095238,13.46911628320414,13.46911628320414,-1.288156229913779
0,0,3,2,0,0,0,0,1,0,2.970144184154362,0.6428571428571429,1.142857142857143,1.738095238095238,13.52832538814241,13.52832538814241,-1.275656532057389
0,0,6,0,0,0,0,0,0,0,3.094230323661214,0.4736842105263158,0.8421052631578947,1.263157894736842,13.74096154290864,13.74096154290864,-1.563143358933784
0,0,5,0,0,0,0,0,0,0,3.082986619824557,0.5510204081632653,0.9387755102040817,1.346938775510204,13.59659666433521,13.59659666433521,-1.469896260215768
0,0,5,0,0,0,0,0,0,0,3.034525512660611,0.5714285714285714,0.9387755102040817,1.346938775510204,13.5508222067101,13.5508222067101,-1.466002988400869
0,0,6,0,0,0,0,0,0,0,3.116859968177262,0.5263157894736842,0.9298245614035088,1.368421052631579,13.80265502894346,13.80265502894346,-1.660143435628159
0,0,6,1,0,0,0,0,1,0,3.615292874438399,0.8490566037735849,1.433962264150943,1.981132075471698,13.94481096913682,13.94481096913682,-1.349640049278883
0,0,5,1,0,0,0,0,0,1,3.56345227062529,0.82,1.4,1.96,13.84801414841061,13.84801414841061,-1.296831532335022
0,0,6,0,0,1,0,0,0,0,2.99256642090409,0.7142857142857143,1.224489795918367,1.693877551020408,13.41160213040185,13.41160213040185,-1.645597853539461
1,0,3,1,1,0,0,1,0,0,3.259359696692167,0.9722222222222222,1.611111111111111,2.194444444444445,13.43537690539179,13.43537690539179,-1.507668126408276
0,0,3,1,0,0,0,0,1,0,3.227551348114198,1.15625,1.78125,2.34375,12.81858522470636,12.81858522470636,-1.226814075148796
0,0,3,1,0,0,0,0,1,0,3.265592842482589,1.117647058823529,1.735294117647059,2.264705882352941,13.26025189137303,13.26025189137303,-1.225250289140565
0,0,4,0,0,0,0,0,0,0,3.215150589903318,0.9696969696969697,1.515151515151515,2.0,13.2621284540242,13.2621284540242,-1.211805054533923
0,0,5,1,0,0,0,0,1,0,2.846071474326597,0.825,1.425,1.925,13.17473339908571,13.17473339908571,-1.597900619755831
0,0,4,1,0,0,0,0,1,0,2.844506985535398,0.868421052631579,1.447368421052632,1.947368421052632,13.20540627101774,13.20540627101774,-1.539032661307019
0,0,10,2,0,0,0,0,0,0,4.200572204955889,0.5333333333333333,0.9066666666666666,1.306666666666667,13.96316650346452,13.96316650346452,-1.535896126245981
0,0,7,0,0,0,0,0,0,0,3.814439229902102,0.7021276595744681,1.212765957446809,1.74468085106383,13.64528212749542,13.64528212749542,-1.094316476653424
0,0,15,0,0,1,0,0,0,0,1.860794730804163,0.4631578947368421,0.9263157894736842,1.452631578947368,14.09652166121213,14.09652166121213,-1.557381295923202
0,0,12,0,0,2,0,0,0,0,4.322468422438684,0.4772727272727273,0.8522727272727273,1.238636363636364,13.86297259074161,13.86297259074161,-1.712085951915794
0,0,12,0,0,1,0,0,0,0,4.373732080202593,0.5542168674698795,1.072289156626506,1.590361445783133,13.81654638450628,13.81654638450628,-1.573968598033714
0,0,3,1,0,0,0,0,1,0,3.327478676368102,1.083333333333333,1.75,2.333333333333333,13.22816097222483,13.22816097222483,-1.065534024004889
0,0,5,0,0,0,0,0,0,0,3.434242631691117,0.8571428571428571,1.476190476190476,2.047619047619047,12.87139774589166,12.87139774589166,-1.162804666686917
0,1,4,1,0,0,0,0,0,0,3.36020561558077,1.026315789473684,1.684210526315789,2.263157894736842,13.46922881961301,13.46922881961301,-1.21417341160956
0,0,4,0,0,1,0,0,0,0,3.387722132415517,0.9024390243902439,1.536585365853659,2.121951219512195,13.31695052297703,13.31695052297703,-1.363414983598273
0,0,4,0,0,0,0,0,0,0,3.25047299125034,1.03030303030303,1.696969696969697,2.242424242424242,12.6314331075139,12.6314331075139,-1.360715798601351
0,0,6,0,0,0,0,0,0,1,3.393966880788689,1.0,1.675,2.225,12.91509060250839,12.91509060250839,-1.241423661710736
0,0,8,1,0,0,0,0,0,0,3.170487868548076,0.5806451612903226,1.080645161290323,1.580645161290323,13.82017753986605,13.82017753986605,-1.812588425668263
0,0,14,1,0,0,0,0,0,0,1.659084048602518,0.4174757281553398,0.7572815533980582,1.155339805825243,14.55526607426334,14.55526607426334,-1.998599645607041
0,0,5,0,0,0,0,0,0,0,3.167747094213305,1.068965517241379,1.758620689655172,2.344827586206896,12.13765849850807,12.13765849850807,-1.102864191717908
0,0,2,0,0,0,0,0,0,0,2.113791590641633,1.333333333333333,1.866666666666667,2.2,11.13393518518518,11.13393518518518,-1.433864323507181
0,0,2,0,0,0,0,0,0,0,2.409456792235764,0.9583333333333334,1.5,1.875,12.18500488158226,12.18500488158226,-1.39461829176115
0,0,2,0,0,0,0,0,0,0,2.431604630144402,0.84,1.28,1.68,12.06911674855127,12.06911674855127,-1.761542186318972
0,0,4,0,0,0,0,0,0,1,2.707542790775579,0.875,1.40625,1.875,12.45657621575821,12.45657621575821,-1.656213088375336
0,0,6,0,0,0,0,0,0,0,2.881056717612157,0.5813953488372093,1.023255813953488,1.418604651162791,13.14170884871358,13.14170884871358,-1.709619621705413
0,1,7,0,0,0,0,0,0,0,3.533113237903452,0.7291666666666666,1.229166666666667,1.666666666666667,13.27151840648472,13.27151840648472,-1.581497276186719
0,0,1,0,0,0,0,0,0,0,2.23285723747615,1.055555555555556,1.611111111111111,2.0,11.36660336356765,11.36660336356765,-1.591779572940288
0,0,4,0,0,0,0,0,0,0,2.822873561521867,0.55,0.925,1.325,12.82889366462328,12.82889366462328,-1.976012874961739
1,0,1,0,0,0,1,0,0,1,2.871685518026918,1.631578947368421,2.368421052631579,2.894736842105263,11.75530919312169,11.75530919312169,-1.103318032459897
0,0,2,0,0,1,0,0,0,0,2.607601810600316,1.035714285714286,1.678571428571429,2.178571428571428,12.5235028404536,12.5235028404536,-1.130669652183901
0,0,3,0,0,1,0,0,0,0,3.440177116356665,1.088235294117647,1.705882352941176,2.294117647058823,13.38008835737642,13.38008835737642,-1.099093886207561
1,0,4,0,0,1,1,0,0,1,3.464947842185377,1.023255813953488,1.627906976744186,2.162790697674418,13.33619385160962,13.33619385160962,-1.599236833826481
0,0,5,1,0,1,0,0,1,0,3.018651493843024,0.8163265306122449,1.387755102040816,1.918367346938775,13.82685786887814,13.82685786887814,-1.317923624341582
0,0,6,1,0,2,0,0,0,0,3.175558170654621,0.6610169491525424,1.152542372881356,1.677966101694915,14.03984211993421,14.03984211993421,-1.666741747881184
0,0,8,0,0,0,0,0,0,1,3.676306414532527,0.6610169491525424,1.152542372881356,1.661016949152542,13.26790725572843,13.26790725572843,-1.611582066298744
1,0,13,3,0,0,1,0,1,1,1.640467408870735,0.4354838709677419,0.7983870967741935,1.225806451612903,15.34055286534974,15.34055286534974,-1.538786450755738
0,0,6,0,0,0,0,0,0,0,3.03837734714042,0.5,0.8269230769230769,1.173076923076923,13.79396836086341,13.79396836086341,-1.202510102176374
0,0,9,0,0,0,0,0,0,0,3.195369748766772,0.4776119402985075,0.8656716417910447,1.283582089552239,13.56022202121182,13.56022202121182,-1.830156540162995
0,0,11,0,0,0,0,0,0,1,1.897449362568807,0.4505494505494506,0.8131868131868132,1.21978021978022,14.34471527262778,14.34471527262778,-1.829109406861793
0,0,5,0,0,0,0,0,0,0,3.338954576791429,0.9459459459459459,1.540540540540541,2.054054054054054,12.9557530986322,12.9557530986322,-1.54326962315793
0,0,6,1,0,0,0,0,0,0,3.81972137556355,0.7735849056603774,1.358490566037736,1.905660377358491,14.26844243535198,14.26844243535198,-1.184108713564768
0,0,11,0,0,0,0,0,0,0,4.13079748480539,0.625,1.111111111111111,1.597222222222222,14.29175049468896,14.29175049468896,-1.755397612292988
0,0,2,2,0,0,0,0,1,0,3.246690844482679,1.032258064516129,1.67741935483871,2.32258064516129,12.89736351719802,12.89736351719802,-1.127677641789293
1,0,5,1,0,0,1,0,0,0,3.668462493698611,1.046511627906977,1.767441860465116,2.395348837209302,13.44643740300812,13.44643740300812,-1.38476473589803
1,0,12,1,1,0,0,1,0,0,4.365068891029511,0.5862068965517241,1.126436781609195,1.701149425287356,14.52329543085738,14.52329543085738,-1.654416181697166
0,0,8,1,0,1,0,0,1,0,3.680159486898024,0.7704918032786885,1.311475409836065,1.819672131147541,14.22111119533632,14.22111119533632,-1.527338480630813
2,0,14,0,0,1,2,0,0,0,1.745363220829827,0.5229357798165137,0.963302752293578,1.440366972477064,14.98740267930009,14.98740267930009,-1.586593094599474
0,0,11,3,0,0,0,0,1,1,1.62496279851413,0.5,0.90625,1.354166666666667,15.1108039410311,15.1108039410311,-1.418307977468692
0,0,5,1,0,0,0,0,1,0,2.886625118533481,0.875,1.45,1.95,13.14839769525115,13.14839769525115,-1.528825095375871
1,0,5,0,0,1,1,0,0,1,3.810921667679993,1.037735849056604,1.716981132075472,2.30188679245283,13.91285292839162,13.91285292839162,-1.266568537292611
0,0,5,1,0,0,0,0,0,0,3.77784999542552,0.82,1.42,1.98,13.96177074628658,13.96177074628658,-1.323089535975088
0,0,6,0,0,0,0,0,0,0,3.378583397098947,0.9024390243902439,1.51219512195122,2.024390243902439,13.47431960289179,13.47431960289179,-1.464813124068625
0,0,4,0,0,0,0,0,0,0,3.381047718067489,1.0,1.548387096774194,2.064516129032258,13.03142386510262,13.03142386510262,-1.110124471536878
1,0,6,0,0,0,1,0,0,0,3.737101331799843,0.8627450980392157,1.411764705882353,1.96078431372549,13.82291644766751,13.82291644766751,-1.5560078369615
1,0,7,0,0,0,1,0,0,0,3.835506940264704,0.7457627118644068,1.254237288135593,1.796610169491526,13.99934271757039,13.99934271757039,-1.678517521390828
1,0,10,0,0,0,1,0,0,0,4.195060796917088,0.573170731707317,1.01219512195122,1.475609756097561,14.27214259866346,14.27214259866346,-1.928128873096668
0,0,3,0,0,0,0,0,0,0,3.177624854684021,1.03125,1.65625,2.15625,13.08816539800361,13.08816539800361,-1.088733664507023
0,0,5,0,0,0,0,0,0,0,3.363519655511955,0.8536585365853658,1.463414634146341,1.975609756097561,13.35684146503171,13.35684146503171,-1.359911385595458
0,0,4,0,0,0,0,0,0,0,3.14560727451554,0.96875,1.53125,2.03125,12.97982268833459,12.97982268833459,-1.323285383597884
0,0,5,1,0,0,0,0,1,0,3.794187788351582,0.8269230769230769,1.423076923076923,1.980769230769231,13.98884410359877,13.98884410359877,-1.181137842749688
0,0,8,1,0,0,0,0,1,0,4.098226724070038,0.6617647058823529,1.176470588235294,1.691176470588235,14.25535036009678,14.25535036009678,-1.336641026845077
0,0,3,0,0,0,0,0,0,0,3.143655832822253,1.137931034482759,1.793103448275862,2.344827586206896,12.53306170235047,12.53306170235047,-1.298928492693374
0,0,5,0,0,0,0,0,0,0,3.340411467612234,0.9736842105263158,1.631578947368421,2.184210526315789,13.02411554583317,13.02411554583317,-1.482366313707403
0,0,5,0,0,1,0,0,0,0,3.677522971459338,0.8888888888888888,1.488888888888889,2.022222222222222,13.5528814329217,13.5528814329217,-1.122819360009825
0,0,7,0,0,1,0,0,0,0,3.76403390754598,0.7547169811320755,1.264150943396226,1.773584905660377,13.66915290720132,13.66915290720132,-1.208828834717963
0,0,8,0,0,1,0,0,0,0,3.832051347550843,0.6896551724137931,1.172413793103448,1.672413793103448,13.73311709955519,13.73311709955519,-1.358365871755
0,0,4,0,0,0,0,0,0,0,3.55848266150118,0.8529411764705882,1.470588235294118,2.029411764705882,13.20931288248388,13.20931288248388,-1.191407275618134
0,0,4,0,0,0,0,0,0,0,3.340411467612234,0.9473684210526315,1.605263157894737,2.157894736842105,13.00411554583317,13.00411554583317,-1.498895239327238
1,0,8,0,0,2,1,0,0,0,3.943764706473179,0.78125,1.359375,1.921875,14.1008784080575,14.1008784080575,-1.452582365540575
1,0,7,0,0,2,1,0,0,0,3.863804881069098,0.8245614035087719,1.421052631578947,1.982456140350877,13.95284651474642,13.95284651474642,-1.425149541948262
1,0,6,0,0,2,1,0,0,0,3.801559571053419,0.8679245283018868,1.471698113207547,2.056603773584906,13.83782345602581,13.83782345602581,-1.399307443058053
1,0,5,0,0,1,1,0,0,0,3.650277493870024,1.0,1.69047619047619,2.285714285714286,13.42961787791333,13.42961787791333,-1.329137147821069
1,0,4,0,0,1,1,0,0,0,3.293558804169169,1.028571428571428,1.714285714285714,2.285714285714286,12.9959422930865,12.9959422930865,-1.296768322628389
0,0,3,0,0,2,0,0,0,0,3.26214986239187,0.9705882352941176,1.529411764705882,2.029411764705882,13.18075728420748,13.18075728420748,-1.210087536187825
3,0,5,2,1,0,2,1,0,0,4.048710624762724,0.6557377049180327,1.180327868852459,1.721311475409836,14.29056374589893,14.29056374589893,-1.639865953388022
3,0,4,2,1,0,2,1,0,0,3.934123508175835,0.6981132075471698,1.264150943396226,1.849056603773585,13.89849357153799,13.89849357153799,-1.596503948248732
3,0,3,1,1,0,2,1,0,0,3.736049246680744,0.8571428571428571,1.428571428571429,1.976190476190476,13.53268963838724,13.53268963838724,-1.612821870479353
2,0,3,1,0,0,2,0,0,0,3.607562902188152,0.8461538461538461,1.435897435897436,1.974358974358974,13.24513499615998,13.24513499615998,-1.507927088343756
0,0,4,2,0,0,0,0,2,0,3.472226730631513,0.8636363636363636,1.431818181818182,1.977272727272727,13.56245698446859,13.56245698446859,-1.12855803334082
0,0,3,1,0,0,0,0,1,0,3.231955746357184,1.125,1.78125,2.34375,13.28147345049131,13.28147345049131,-1.084765351324694
0,0,2,1,0,0,0,0,1,0,2.526787937209583,1.0,1.6,2.12,12.10358497102545,12.10358497102545,-1.354544858066684
0,0,6,0,0,0,0,0,0,1,3.526849883468153,0.9148936170212766,1.574468085106383,2.148936170212766,13.69564130345017,13.69564130345017,-1.307907813255891
0,0,5,0,0,0,0,0,0,0,3.383627779178172,0.9743589743589743,1.615384615384615,2.179487179487179,12.97689212330571,12.97689212330571,-1.265002667535205
0,0,4,0,0,0,0,0,0,0,3.243231984511147,1.032258064516129,1.709677419354839,2.258064516129032,12.629430155199,12.629430155199,-1.212922038404958
0,0,1,1,0,0,0,0,1,0,2.939535280379425,1.35,2.05,2.6,11.92756414294113,11.92756414294113,-1.065350056689341
0,0,2,1,0,0,0,0,1,0,2.453954461414235,1.181818181818182,1.772727272727273,2.272727272727273,11.82318678088519,11.82318678088519,-1.205068289661543
0,0,3,0,0,0,0,0,0,0,3.45110032797813,0.8333333333333334,1.266666666666667,1.766666666666667,13.35656116150164,13.35656116150164,-0.9968256245307663
1,0,5,0,0,0,1,0,0,0,3.84152083510202,0.8936170212765957,1.446808510638298,1.978723404255319,14.05543026321512,14.05543026321512,-1.139350751093737
1,0,5,0,0,0,1,0,0,0,3.842006950466494,0.8936170212765957,1.446808510638298,1.978723404255319,13.9609258133785,13.9609258133785,-1.253310763008675
1,0,8,1,1,0,0,1,0,1,3.838239566010254,0.864406779661017,1.508474576271186,2.135593220338983,13.1272616356322,13.1272616356322,-1.563777988632411
0,0,4,1,0,1,0,0,0,0,3.460690422104689,1.022727272727273,1.681818181818182,2.25,13.52150397046636,13.52150397046636,-1.240644568151229
0,0,7,2,0,0,0,0,1,0,3.272772697032164,0.5441176470588235,1.014705882352941,1.5,13.93350097868925,13.93350097868925,-1.994689866573627
0,0,4,1,0,0,0,0,0,0,2.867628053014928,0.8918918918918919,1.540540540540541,2.081081081081081,13.24009907165345,13.24009907165345,-1.460154406731719
0,0,4,2,0,0,0,0,1,0,3.019583817776065,0.6595744680851063,1.170212765957447,1.702127659574468,13.6446541105674,13.6446541105674,-1.197187197498723
0,0,9,1,0,0,0,0,0,0,3.917063376227879,0.6833333333333333,1.266666666666667,1.833333333333333,14.22566928382248,14.22566928382248,-1.662755238669457
1,0,8,2,1,0,0,1,1,0,4.230933711312799,0.7027027027027027,1.283783783783784,1.905405405405405,14.4295621691447,14.4295621691447,-1.7135074171471
0,0,11,2,0,1,0,0,1,0,1.79061884210934,0.532608695652174,0.9891304347826086,1.532608695652174,14.69082798891764,14.69082798891764,-2.079132300286404
0,0,2,1,0,0,0,0,1,0,2.444977885953221,1.181818181818182,1.772727272727273,2.272727272727273,11.90885881204333,11.90885881204333,-1.257932013740094
0,0,5,0,0,0,0,0,0,0,2.713447404740037,0.84375,1.34375,1.78125,12.54160051868926,12.54160051868926,-1.617180072646343
0,0,5,0,0,1,0,0,0,1,2.878650514305401,0.8536585365853658,1.48780487804878,2.024390243902439,13.13869488883839,13.13869488883839,-1.365146939358928
0,0,2,0,0,1,0,0,0,1,2.598450389510579,1.107142857142857,1.714285714285714,2.214285714285714,12.55213733591845,12.55213733591845,-1.104939120773806
0,0,1,0,0,0,0,0,0,0,2.257685855465615,1.352941176470588,1.941176470588235,2.352941176470588,11.44790462018141,11.44790462018141,-1.119112523095659
0,0,1,0,0,0,0,0,0,0,2.729718739782077,1.352941176470588,2.0,2.529411764705882,11.81735260770975,11.81735260770975,-1.040477240278827
0,0,6,1,0,0,0,0,0,0,3.067173373222817,0.6730769230769231,1.25,1.788461538461539,13.04294850361155,13.04294850361155,-1.562315012499389
1,0,5,0,0,0,1,0,0,1,3.686262810961416,1.022222222222222,1.666666666666667,2.222222222222222,13.4662680354671,13.4662680354671,-1.427627996752727
1,0,12,4,0,0,1,0,1,0,1.742786691815458,0.4821428571428572,0.8928571428571429,1.366071428571429,15.14890921278284,15.14890921278284,-1.908717644974198
1,0,5,2,1,0,0,1,1,0,3.794463283778843,0.8181818181818182,1.472727272727273,2.090909090909091,14.39517373015531,14.39517373015531,-1.648837128709449
0,0,5,0,0,1,0,0,0,0,2.953929704271349,0.6382978723404256,1.085106382978723,1.531914893617021,13.34458059352377,13.34458059352377,-1.581322190239975
0,0,11,0,0,0,0,0,0,0,3.286052063012642,0.4246575342465753,0.8493150684931506,1.315068493150685,13.4090808275713,13.4090808275713,-1.836961301455653
0,0,1,1,0,0,0,0,0,0,2.354514204816744,1.263157894736842,1.842105263157895,2.315789473684211,11.86725292894936,11.86725292894936,-1.046054526748971
0,1,4,0,0,1,0,0,0,0,3.367529895895716,1.025,1.65,2.175,13.46940748119725,13.46940748119725,-1.112472158188316
0,0,3,0,0,1,0,0,0,0,3.233373831562774,1.088235294117647,1.705882352941176,2.235294117647059,13.24164684318274,13.24164684318274,-1.081672602254832
0,1,3,1,0,0,0,0,0,0,2.742853167972123,0.9090909090909091,1.484848484848485,1.96969696969697,12.79556270310644,12.79556270310644,-1.140014430556683
0,1,2,0,0,0,0,0,0,0,2.409297801092334,1.090909090909091,1.636363636363636,2.0,12.2783843537415,12.2783843537415,-1.094497931888805
0,0,1,0,0,0,0,0,0,0,2.137612602553561,1.25,1.75,2.0625,11.58139644746788,11.58139644746788,-1.0157350718065
0,0,4,1,0,0,0,0,0,0,3.400709761205709,1.0,1.641025641025641,2.205128205128205,13.60402819639742,13.60402819639742,-1.174909598704734
0,0,4,2,0,0,0,0,0,0,3.45938925318429,0.8571428571428571,1.428571428571429,1.976190476190476,13.57776195518724,13.57776195518724,-1.191152256693633
0,0,3,1,0,0,0,0,0,0,3.221898923641674,1.129032258064516,1.774193548387097,2.354838709677419,12.73604769457268,12.73604769457268,-1.161141310371177
0,0,2,0,0,0,0,0,0,0,2.850968353770513,1.3,1.9,2.4,12.22588545603426,12.22588545603426,-1.103606229528848
1,0,7,2,1,0,0,1,0,0,3.637511440487503,0.6031746031746031,1.126984126984127,1.714285714285714,13.85862971261367,13.85862971261367,-1.957087860879937
0,0,2,0,0,0,0,0,0,0,2.203340270114163,1.294117647058824,1.823529411764706,2.176470588235294,11.52330782312925,11.52330782312925,-1.115322919291173
0,0,2,1,0,0,0,0,1,1,2.586801807373442,1.115384615384615,1.692307692307692,2.192307692307693,12.48712952464937,12.48712952464937,-1.186517620937263
0,0,16,2,0,1,0,0,1,0,1.729033509304295,0.4957983193277311,0.9663865546218487,1.504201680672269,14.39827676137964,14.39827676137964,-1.844237808886069
1,0,10,3,1,1,0,1,1,0,1.600017776445239,0.6063829787234043,1.127659574468085,1.723404255319149,15.05080325493205,15.05080325493205,-1.873970014598523
0,0,4,0,0,0,0,0,0,0,3.169988374902631,1.206896551724138,1.862068965517241,2.413793103448276,12.57467715944403,12.57467715944403,-1.072342484902216
0,0,3,0,0,0,0,0,0,0,3.055687717004445,1.185185185185185,1.814814814814815,2.333333333333333,12.16968616150164,12.16968616150164,-1.459265138154027
0,0,3,0,0,1,0,0,0,0,2.725197123520429,0.75,1.166666666666667,1.555555555555556,13.14658195666906,13.14658195666906,-1.203809031836143
0,0,3,0,0,1,0,0,0,0,2.696393491389493,0.9393939393939394,1.575757575757576,2.090909090909091,12.43878811691093,12.43878811691093,-1.274778036977226
0,0,3,0,0,1,0,0,0,0,2.674738752773822,0.8484848484848485,1.393939393939394,1.878787878787879,12.77805085551974,12.77805085551974,-1.207805562802371
0,0,5,1,0,0,0,0,0,0,3.444959670326734,0.8863636363636364,1.522727272727273,2.113636363636364,13.67261991909153,13.67261991909153,-1.183307317086366
0,0,7,0,0,0,0,0,0,1,3.567131114661108,0.8301886792452831,1.452830188679245,2.018867924528302,13.56641144073372,13.56641144073372,-1.670556323345981
0,0,4,0,0,1,0,0,0,0,2.868667404448445,0.6136363636363636,0.9545454545454546,1.272727272727273,13.53176278300429,13.53176278300429,-1.229536920622376
0,0,4,0,0,1,0,0,0,0,3.264508931495462,1.117647058823529,1.794117647058824,2.382352941176471,12.6655833978665,12.6655833978665,-1.209681384465836
0,0,5,0,0,0,0,0,0,0,3.367388338732981,0.95,1.575,2.075,13.61546822802685,13.61546822802685,-1.158159238913347
1,0,2,1,1,0,0,1,0,0,3.081676680754602,1.033333333333333,1.666666666666667,2.266666666666667,12.61247346623835,12.61247346623835,-1.454056568615101
2,0,3,1,1,0,1,1,0,0,3.41975353298723,1.03030303030303,1.757575757575758,2.424242424242424,12.79782210569413,12.79782210569413,-1.384210338456371
1,0,2,1,1,0,0,1,0,0,3.068835132925822,1.1,1.766666666666667,2.366666666666667,12.55780667359536,12.55780667359536,-1.511885366801042
1,0,3,1,1,0,0,1,0,0,3.081676680754602,1.1,1.733333333333333,2.333333333333333,12.6055290217939,12.6055290217939,-1.440167679726212
1,0,2,1,1,0,0,1,0,0,3.066721118187564,1.03448275862069,1.689655172413793,2.275862068965517,12.7817790217939,12.7817790217939,-1.142272612748803
1,0,2,1,1,0,0,1,0,0,3.408990330750785,1.233333333333333,2.0,2.666666666666667,12.98350379503653,12.98350379503653,-1.110815959099689
0,0,5,0,0,0,0,0,0,0,3.710217504667233,0.8444444444444444,1.511111111111111,2.088888888888889,13.72130001401275,13.72130001401275,-1.173165272458357
0,0,6,1,0,0,0,0,1,0,3.801267114966651,0.7222222222222222,1.240740740740741,1.796296296296296,14.18388242430074,14.18388242430074,-1.36000111844422
2,0,7,0,0,0,2,0,0,0,3.981430000260001,0.7627118644067796,1.35593220338983,1.88135593220339,13.98492824904669,13.98492824904669,-1.355307775871571
0,0,7,1,0,0,0,0,1,0,3.946912002169245,0.7192982456140351,1.228070175438597,1.754385964912281,14.26230269470222,14.26230269470222,-1.602497615278436
0,0,19,1,0,0,0,0,0,0,1.642730628436878,0.3636363636363636,0.7045454545454546,1.151515151515152,14.93498191371161,14.93498191371161,-1.878384464008824
0,0,3,0,0,0,0,0,0,1,3.16971856087868,1.133333333333333,1.766666666666667,2.266666666666667,12.94962498967549,12.94962498967549,-1.402103384563702
0,0,8,1,0,0,0,0,0,1,3.788051379948352,0.7121212121212122,1.272727272727273,1.833333333333333,13.8257601236159,13.8257601236159,-1.545334296458167
0,0,8,2,0,0,0,0,2,0,3.826458130099124,0.6056338028169014,1.070422535211268,1.535211267605634,14.29872613597171,14.29872613597171,-1.508707574687381
0,1,14,0,0,0,0,0,0,1,1.809840409236367,0.4631578947368421,0.8421052631578947,1.284210526315789,13.90558991100383,13.90558991100383,-1.660189697770641
0,1,2,0,0,0,0,0,0,0,2.208241598171375,1.375,1.9375,2.3125,11.34380165028974,11.34380165028974,-1.189396993365247
0,1,2,0,0,0,0,0,0,0,2.212312827350901,1.375,1.9375,2.3125,11.26909816704459,11.26909816704459,-1.235218253968253
0,0,5,0,0,0,0,0,0,0,3.191599721808478,1.03125,1.65625,2.15625,12.66504599567099,12.66504599567099,-1.383288874191652
0,0,4,0,0,0,0,0,0,0,3.117613971141015,1.071428571428571,1.714285714285714,2.178571428571428,12.44715073066263,12.44715073066263,-1.233315329218108
1,1,2,2,1,0,0,1,1,0,3.20361702020254,0.9696969696969697,1.636363636363636,2.303030303030303,12.65949091599705,12.65949091599705,-1.225274906953367
0,0,3,1,0,0,0,0,0,0,2.719586062904265,0.7878787878787878,1.242424242424242,1.696969696969697,13.04816928431918,13.04816928431918,-1.170995538794285
2,0,2,2,2,0,0,2,0,0,3.51431715998982,0.7894736842105263,1.342105263157895,1.921052631578947,13.33312346932702,13.33312346932702,-1.13557455446261
0,0,4,3,0,0,0,0,0,0,3.102281983085548,0.56,0.88,1.18,14.09560324153894,14.09560324153894,-1.17536204372747
0,0,3,1,0,0,0,0,0,0,3.306345076871918,1.055555555555556,1.722222222222222,2.305555555555555,13.3678690145199,13.3678690145199,-1.185409186822878
0,0,2,1,0,0,0,0,0,0,3.153660203114191,1.148148148148148,1.851851851851852,2.407407407407407,12.78474489795918,12.78474489795918,-1.070095164609053
0,0,2,2,0,0,0,0,0,0,2.666625132053444,0.8518518518518519,1.37037037037037,1.888888888888889,12.45816279289494,12.45816279289494,-1.158410526403436
0,0,4,1,0,0,0,0,1,0,2.828942668681321,0.8157894736842105,1.394736842105263,1.894736842105263,13.00282241186517,13.00282241186517,-1.428745413186701
2,0,5,3,1,0,1,1,2,0,3.90740171735853,0.6290322580645161,1.129032258064516,1.661290322580645,14.21386866391924,14.21386866391924,-1.347790700375165
0,0,7,2,0,0,0,0,1,0,3.689577858653297,0.7288135593220338,1.322033898305085,1.898305084745763,13.8320641474881,13.8320641474881,-1.359893441525404
0,0,4,1,0,0,0,0,1,0,3.436238312319251,0.9318181818181818,1.545454545454545,2.090909090909091,13.59615691559831,13.59615691559831,-1.230230478000442
1,0,3,0,0,0,1,0,0,0,3.466416054012314,1.264705882352941,1.970588235294118,2.529411764705882,13.07135778848576,13.07135778848576,-1.290826160704026
0,0,2,0,0,1,0,0,0,0,2.52309739853029,1.038461538461539,1.615384615384615,2.076923076923077,12.27698189615352,12.27698189615352,-1.280852754682119
0,0,9,0,0,0,0,0,0,0,3.129445387662056,0.4833333333333333,0.9166666666666666,1.366666666666667,13.68282283932894,13.68282283932894,-1.976324364066588
1,0,4,1,1,0,0,1,0,1,3.415020759104647,0.7291666666666666,1.25,1.791666666666667,13.19032462487906,13.19032462487906,-1.865785663699694
0,1,2,0,0,0,0,0,0,1,2.460153266837625,1.238095238095238,1.80952380952381,2.238095238095238,11.82606326635592,11.82606326635592,-1.428749778977503
1,0,2,0,0,0,1,0,0,0,2.974011978620907,1.208333333333333,1.833333333333333,2.291666666666667,12.45594671201814,12.45594671201814,-1.116584362139917
0,0,3,0,0,0,0,0,0,0,3.204076475520538,1.25,2.0,2.583333333333333,12.69861630763416,12.69861630763416,-1.057141334929033
0,0,2,1,0,0,0,0,1,0,2.525107392675064,1.166666666666667,1.75,2.208333333333333,12.16531641051482,12.16531641051482,-1.316927962543042
0,1,3,0,0,0,0,0,0,0,2.547612132565485,0.9230769230769231,1.384615384615385,1.769230769230769,12.41059323472187,12.41059323472187,-1.36935405643739
0,0,3,1,0,2,0,0,1,0,3.429256637536797,0.9285714285714286,1.5,2.071428571428572,13.5736957941783,13.5736957941783,-1.150064090450996
0,1,5,0,0,0,0,0,0,0,3.464480843552637,0.8444444444444444,1.355555555555556,1.844444444444445,13.54028868982352,13.54028868982352,-1.568208082721695
0,0,4,1,0,0,0,0,0,0,2.912815190056557,0.7209302325581395,1.232558139534884,1.720930232558139,13.43457680515907,13.43457680515907,-1.715052445026622
0,0,3,0,0,0,0,0,0,0,3.209938577917651,1.0,1.606060606060606,2.151515151515151,13.07826587310263,13.07826587310263,-1.10846173751475
0,0,2,0,0,0,0,0,0,0,2.479567101257834,0.96,1.48,1.88,12.29464758125472,12.29464758125472,-1.299941867178971
1,0,3,0,0,0,1,0,0,0,3.216822474830152,0.9393939393939394,1.515151515151515,1.96969696969697,12.84901840828924,12.84901840828924,-1.504950580540859
0,0,4,0,0,0,0,0,0,0,3.210227690563836,1.03030303030303,1.666666666666667,2.181818181818182,12.9054393844825,12.9054393844825,-1.361164404903618
0,0,2,0,0,0,0,0,0,0,2.431604630144402,0.84,1.32,1.72,12.14573003275384,12.14573003275384,-1.584391534391534
0,0,2,0,0,0,0,0,0,0,2.461818291429002,1.0,1.56,1.96,12.18711230788612,12.18711230788612,-1.452694869614513
0,0,4,1,0,0,0,0,1,0,2.938827556307207,0.7272727272727273,1.272727272727273,1.772727272727273,13.63275990358647,13.63275990358647,-1.213899465732597
0,0,5,0,0,0,0,0,0,0,3.399393411494244,0.95,1.575,2.125,12.89266234633839,12.89266234633839,-1.591100524888023
0,0,8,1,0,0,0,0,1,0,3.639760374416555,0.75,1.339285714285714,1.910714285714286,13.15918555710507,13.15918555710507,-1.483222917838909
0,0,11,1,0,1,0,0,0,0,4.093317430676558,0.6363636363636364,1.233766233766234,1.844155844155844,13.63729792803417,13.63729792803417,-1.198024545373108
1,0,7,2,1,0,0,1,0,0,4.036400112614963,0.7377049180327869,1.409836065573771,2.098360655737705,14.01440737981837,14.01440737981837,-1.241017163838549
1,0,6,0,0,0,1,0,0,1,3.906869825628259,0.9375,1.6875,2.354166666666667,13.63390740149537,13.63390740149537,-1.109200145413862
1,0,9,0,0,0,1,0,0,0,3.843036408361969,0.5733333333333334,1.053333333333333,1.52,13.59343910496505,13.59343910496505,-2.096428523395652
1,0,8,0,0,0,1,0,0,0,3.699675342785831,0.6349206349206349,1.126984126984127,1.587301587301587,13.23297487179673,13.23297487179673,-1.840129978257943
0,0,9,0,0,0,0,0,0,0,3.186041892839098,0.4603174603174603,0.8571428571428571,1.26984126984127,13.1784890536528,13.1784890536528,-1.715545074386038
0,0,8,1,0,1,0,0,0,0,3.727777658917275,0.7076923076923077,1.261538461538461,1.846153846153846,13.60354715033439,13.60354715033439,-1.927312314757172
0,0,8,0,0,0,0,0,0,1,3.799691961946681,0.5606060606060606,0.9545454545454546,1.363636363636364,13.93551211588431,13.93551211588431,-1.675381757261226
2,0,9,0,0,1,2,0,0,0,4.07457858856905,0.5866666666666667,1.066666666666667,1.586666666666667,13.54780927502665,13.54780927502665,-1.903418440829397
3,0,10,1,1,1,2,1,0,0,1.746894490770933,0.6444444444444445,1.222222222222222,1.822222222222222,14.29193102189813,14.29193102189813,-1.89239176118758
2,0,20,1,1,2,1,1,0,2,1.662043083290994,0.3580246913580247,0.691358024691358,1.080246913580247,14.63372417594785,14.63372417594785,-2.116101088983728
0,1,10,1,0,1,0,0,0,1,3.377159830382382,0.6025641025641025,1.064102564102564,1.551282051282051,14.06648657159643,14.06648657159643,-1.69924178413882
0,2,19,1,0,0,0,0,0,1,1.619746299053911,0.4615384615384616,0.8692307692307693,1.369230769230769,14.48173246911804,14.48173246911804,-2.026642101233122
0,0,3,0,0,2,0,0,0,0,2.884611099201431,0.6585365853658537,1.121951219512195,1.585365853658537,13.18920469443113,13.18920469443113,-1.427065844792667
1,0,4,1,0,0,1,0,0,1,3.546154910291233,0.851063829787234,1.446808510638298,2.021276595744681,13.74151775715132,13.74151775715132,-1.191311893559451
0,0,10,2,0,1,0,0,0,0,4.487569608893976,0.5454545454545454,1.011363636363636,1.534090909090909,14.61695699904315,14.61695699904315,-1.7047985813845
1,0,9,3,1,1,0,1,1,0,1.700298673454639,0.6195652173913043,1.173913043478261,1.815217391304348,14.73066766182647,14.73066766182647,-1.821307695220516
0,0,4,0,0,0,0,0,0,0,2.778187927744699,0.6756756756756757,1.135135135135135,1.513513513513514,13.25179261673805,13.25179261673805,-1.156130444767572
0,0,4,0,0,1,0,0,0,0,2.801263072438937,0.868421052631579,1.473684210526316,1.947368421052632,12.97192287981171,12.97192287981171,-1.256135720482728
0,0,3,1,0,1,0,0,1,0,2.836068214073824,0.9230769230769231,1.512820512820513,2.025641025641026,13.21535060715037,13.21535060715037,-1.2291004813432
1,0,8,0,0,0,1,0,0,0,4.020069877814096,0.684931506849315,1.246575342465754,1.794520547945206,14.12286370997812,14.12286370997812,-1.774235628237976
0,0,11,1,0,0,0,0,1,0,4.178372828330843,0.5555555555555556,1.024691358024691,1.518518518518519,14.48068699503725,14.48068699503725,-1.596273919552232
1,0,10,1,1,0,0,1,0,1,2.499869587087884,0.5517241379310345,1.011494252873563,1.494252873563218,14.48350202587785,14.48350202587785,-2.183096948955977
0,0,7,0,0,1,0,0,0,0,3.759409788817384,0.8,1.4,2.0,13.49947530311789,13.49947530311789,-1.241634038955533
0,0,4,0,0,0,0,0,0,0,3.119456826185912,1.071428571428571,1.714285714285714,2.178571428571428,12.61772171831696,12.61772171831696,-1.237641460905351
0,0,4,0,0,0,0,0,0,0,3.11748469354219,1.107142857142857,1.785714285714286,2.285714285714286,12.61323995338876,12.61323995338876,-1.227466668766273
0,0,3,0,0,0,0,0,0,0,2.331090990905516,1.047619047619048,1.571428571428571,1.952380952380952,11.95823790627362,11.95823790627362,-1.192025480098171
0,0,3,0,0,0,0,0,0,0,2.329102890641487,1.142857142857143,1.714285714285714,2.142857142857143,11.84184901738473,11.84184901738473,-1.191293242758791
0,0,2,0,0,0,0,0,0,0,3.050264000302265,1.1,1.65,2.2,12.52780234315949,12.52780234315949,-0.9732255710926341
0,0,2,0,0,0,0,0,0,0,2.495033866171287,1.0,1.6,2.04,12.45786320546737,12.45786320546737,-1.101191436195945
1,0,2,0,0,0,1,0,0,0,3.055525157901503,1.208333333333333,1.958333333333333,2.5,12.37578443877551,12.37578443877551,-1.135146053791886
0,0,2,1,0,0,0,0,1,0,2.524884687353044,1.208333333333333,1.791666666666667,2.291666666666667,11.76665711346267,11.76665711346267,-1.232932098765432
0,1,2,1,0,0,0,0,1,0,2.640360698997382,1.0,1.571428571428571,2.071428571428572,12.50504201835055,12.50504201835055,-1.281278207155732
0,0,2,0,0,0,0,0,0,0,2.44111624780229,1.045454545454545,1.681818181818182,2.136363636363636,12.22301799886621,12.22301799886621,-1.098315040522382
0,0,2,1,0,0,0,0,1,0,2.512879539330511,1.166666666666667,1.75,2.25,12.07884196271101,12.07884196271101,-1.316927962543043
0,0,12,0,0,0,0,0,0,0,4.441712942958985,0.4698795180722892,0.8795180722891566,1.313253012048193,14.46962747181482,14.46962747181482,-1.4634758237675
0,0,24,1,0,0,0,0,0,1,1.640697862284889,0.3258426966292135,0.651685393258427,1.089887640449438,15.21458998519669,15.21458998519669,-1.739212176632343
0,0,12,0,0,0,0,0,0,0,3.227957395128234,0.4470588235294118,0.8352941176470589,1.258823529411765,14.51747327680349,14.51747327680349,-1.469520062450628
1,0,10,1,0,0,1,0,0,0,2.316052401149225,0.625,1.170454545454545,1.715909090909091,14.56714458939026,14.56714458939026,-2.001946457006811
2,0,10,1,1,0,1,1,0,0,4.529080838854319,0.6235294117647059,1.129411764705882,1.658823529411765,14.62038026200554,14.62038026200554,-1.709896733456447
1,0,8,0,0,0,1,0,0,1,3.707254084567908,0.7049180327868853,1.262295081967213,1.80327868852459,13.96661859829128,13.96661859829128,-1.258386209346371
1,0,5,1,0,0,1,0,0,0,3.747329800465069,0.8958333333333334,1.5625,2.145833333333333,13.95332883125917,13.95332883125917,-1.220087600810043
2,0,6,1,1,0,1,1,0,0,3.830041392118665,0.7368421052631579,1.350877192982456,1.964912280701754,14.21423278342565,14.21423278342565,-1.276308490727065
0,0,7,0,0,1,0,0,0,1,3.666701867408025,0.7627118644067796,1.322033898305085,1.847457627118644,14.0518439602638,14.0518439602638,-1.214963118630249
1,0,6,1,0,1,1,0,0,0,3.89562320131954,0.8833333333333333,1.516666666666667,2.1,14.33161757128186,14.33161757128186,-1.622573836171004
0,0,5,0,0,1,0,0,0,0,2.929229700963278,0.7954545454545454,1.363636363636364,1.863636363636364,13.31998261933674,13.31998261933674,-1.177987759782522
0,0,8,0,0,3,0,0,0,0,3.258954666999723,0.4705882352941176,0.8382352941176471,1.191176470588235,13.69939681744934,13.69939681744934,-1.306396288237884
0,0,4,1,0,1,0,0,0,0,2.835766697208232,0.9444444444444444,1.583333333333333,2.166666666666667,13.10898006424792,13.10898006424792,-1.240022920835511
0,0,1,0,0,0,0,0,0,0,2.10714491041303,1.25,1.75,2.0625,11.59837962962963,11.59837962962963,-1.027688019652305
0,0,3,2,0,0,0,0,0,0,2.928554454920229,0.5853658536585366,0.975609756097561,1.390243902439024,13.13906139814103,13.13906139814103,-1.487550289667444
0,0,4,0,0,0,0,0,0,0,3.344369334571236,0.9354838709677419,1.516129032258065,2.064516129032258,13.034794186193,13.034794186193,-1.508171033845638
0,0,6,2,0,0,0,0,0,0,3.237830662187123,0.5967741935483871,1.080645161290323,1.596774193548387,13.76192395687643,13.76192395687643,-1.733141473876155
0,0,3,0,0,0,0,0,0,0,2.382908028863147,1.045454545454545,1.590909090909091,1.954545454545455,12.15615976946334,12.15615976946334,-1.281828178802385
0,0,4,0,0,0,0,0,0,0,2.482039745531132,0.9230769230769231,1.461538461538461,1.884615384615385,12.35868291761149,12.35868291761149,-1.275636311623415
0,0,4,1,0,0,0,0,1,0,2.755127340738268,0.8571428571428571,1.371428571428571,1.857142857142857,13.13012053317654,13.13012053317654,-1.368379611984896
0,0,5,0,0,0,0,0,0,0,3.413956116965472,0.75,1.272727272727273,1.75,13.6682714225024,13.6682714225024,-1.536143057344604
0,0,6,0,0,0,0,0,0,0,3.425967023887552,0.7777777777777778,1.288888888888889,1.777777777777778,13.58553415398388,13.58553415398388,-1.619251339237608
2,0,3,0,0,0,2,0,0,0,3.493490319406308,0.8888888888888888,1.416666666666667,1.888888888888889,13.19276210947342,13.19276210947342,-1.581213902476772
1,0,2,1,1,0,0,1,0,0,2.96600390372756,1.25,1.958333333333333,2.625,12.33164619551524,12.33164619551524,-1.15338367896133
0,0,6,2,0,1,0,0,2,0,3.25649667708552,0.5735294117647058,0.9558823529411765,1.382352941176471,13.92736817173396,13.92736817173396,-1.923955989380964
0,0,2,0,0,0,0,0,0,1,2.911830143788514,1.476190476190476,2.142857142857143,2.666666666666667,12.52211167800453,12.52211167800453,-0.9972352135298561
0,0,3,0,0,0,0,0,0,0,3.055880693455404,1.28,1.92,2.44,12.04027077576771,12.04027077576771,-1.348195599227346
1,0,7,2,0,0,1,0,1,0,3.779289977803128,0.6153846153846154,1.123076923076923,1.646153846153846,14.04288712287875,14.04288712287875,-1.82805685522344
0,0,10,1,0,0,0,0,1,0,3.272764827238599,0.5571428571428572,1.014285714285714,1.5,13.66699225063357,13.66699225063357,-1.952095373063519
0,0,10,1,0,0,0,0,0,0,4.165371783707605,0.6338028169014085,1.197183098591549,1.788732394366197,13.96659808993144,13.96659808993144,-1.800001772972816
2,0,9,1,0,1,2,0,1,0,4.154337724881914,0.5679012345679012,1.037037037037037,1.54320987654321,14.16068484233797,14.16068484233797,-1.369569941162918
2,0,7,0,0,0,2,0,0,0,3.887228004306432,0.5862068965517241,1.03448275862069,1.482758620689655,13.77424962740583,13.77424962740583,-1.282769925679496
0,0,7,0,0,0,0,0,0,0,3.785301114163386,0.6538461538461539,1.192307692307692,1.692307692307692,13.61747931262603,13.61747931262603,-1.212354616631558
0,0,2,0,0,1,0,0,0,0,3.033766833147754,1.375,2.083333333333333,2.625,12.06986691127068,12.06986691127068,-1.150776748971193
0,0,7,2,0,0,0,0,1,0,3.656606864803711,0.7543859649122807,1.333333333333333,1.929824561403509,13.84148767992587,13.84148767992587,-1.409504778501795
0,0,5,0,0,0,0,0,0,0,3.688542120604249,0.7777777777777778,1.355555555555556,1.933333333333333,13.87395624546768,13.87395624546768,-1.205331156810324
0,0,5,0,0,0,0,0,0,1,3.622582314896022,0.9069767441860465,1.511627906976744,2.069767441860465,13.67477571203838,13.67477571203838,-1.433086717823058
0,0,5,0,0,0,0,0,0,0,2.88351827389064,0.6904761904761905,1.214285714285714,1.666666666666667,13.40974694151021,13.40974694151021,-1.405645309188973
1,0,4,0,0,0,1,0,0,0,3.604537501718237,1.047619047619048,1.714285714285714,2.261904761904762,13.70117049798656,13.70117049798656,-1.174882398191268
0,0,2,0,0,0,0,0,0,0,2.907534092094952,1.380952380952381,2.0,2.476190476190476,12.21877031368103,12.21877031368103,-1.109923101956832
0,0,2,0,0,0,0,0,0,0,2.986613949378652,1.304347826086957,1.91304347826087,2.391304347826087,12.47872637944067,12.47872637944067,-1.053282155454774
0,0,3,0,0,1,0,0,0,0,2.758695349926766,0.9142857142857143,1.485714285714286,1.942857142857143,12.87681524906009,12.87681524906009,-1.58464304085832
1,0,2,2,1,0,0,1,1,0,3.264531132260966,0.9166666666666666,1.611111111111111,2.305555555555555,13.1029253715694,13.1029253715694,-1.161001232862773
0,0,4,0,0,0,0,0,0,0,2.762065280294221,0.7352941176470589,1.264705882352941,1.676470588235294,12.72593793899169,12.72593793899169,-1.316110602342635
0,0,7,1,0,0,0,0,0,1,3.17669349416895,0.6610169491525424,1.23728813559322,1.779661016949152,13.42851961513954,13.42851961513954,-1.604150736123417
0,0,8,0,0,0,0,0,0,0,3.00729031209074,0.4423076923076923,0.7115384615384616,1.038461538461539,13.71645466807621,13.71645466807621,-1.532655653891335
0,0,7,1,0,0,0,0,0,1,3.176537356852763,0.6610169491525424,1.254237288135593,1.796610169491526,13.44725634120792,13.44725634120792,-1.608503747820057
0,0,9,1,0,0,0,0,0,0,3.91568088062986,0.6774193548387096,1.17741935483871,1.693548387096774,14.07581906329318,14.07581906329318,-1.448528312717473
0,0,10,1,0,0,0,0,0,0,3.973492615650928,0.6417910447761194,1.149253731343284,1.701492537313433,14.19684495445039,14.19684495445039,-1.421386076397562
1,0,5,2,1,0,0,1,0,0,3.476478324008709,0.7708333333333334,1.416666666666667,2.104166666666667,13.10550732225695,13.10550732225695,-1.203891811830586
0,0,8,0,0,1,0,0,0,0,3.12604626535143,0.559322033898305,1.016949152542373,1.457627118644068,13.25712562876778,13.25712562876778,-1.758773818827922
0,0,12,1,0,1,0,0,1,0,1.596204394995774,0.5204081632653061,0.9693877551020408,1.469387755102041,14.66180400340134,14.66180400340134,-1.661577683763414
0,0,9,0,0,1,0,0,0,0,3.761640891659363,0.6567164179104478,1.208955223880597,1.746268656716418,13.88200515336504,13.88200515336504,-1.58517542166574
1,0,8,0,0,0,1,0,0,0,3.895759211309972,0.7666666666666667,1.35,1.883333333333333,13.40721334046052,13.40721334046052,-1.717504025862861
0,0,7,0,0,0,0,0,0,0,2.968849346812488,0.574468085106383,1.085106382978723,1.595744680851064,12.63276003952907,12.63276003952907,-1.355849243967748
0,0,7,0,0,0,0,0,0,1,3.152217386399357,0.5333333333333333,0.9666666666666667,1.433333333333333,13.76409295786451,13.76409295786451,-1.750843495342558
0,0,6,1,0,1,0,0,0,1,3.657258888876838,0.8793103448275862,1.53448275862069,2.137931034482758,13.89566350026351,13.89566350026351,-1.705088820541222
0,0,5,0,0,1,0,0,0,1,3.030040292853808,0.6730769230769231,1.153846153846154,1.615384615384615,13.67567474881617,13.67567474881617,-1.300076055829072
0,0,8,1,0,1,0,0,0,0,3.774263372779307,0.746268656716418,1.328358208955224,1.880597014925373,14.29757310847816,14.29757310847816,-1.576565558857175
1,0,6,0,0,0,1,0,0,0,3.842245287260901,0.8867924528301887,1.528301886792453,2.075471698113208,13.81344415728448,13.81344415728448,-1.627020347902327
0,0,6,1,0,0,0,0,0,0,3.837566800233062,0.6909090909090909,1.236363636363636,1.763636363636364,13.91939765679724,13.91939765679724,-1.203284967744899
0,0,8,1,0,0,0,0,1,0,3.687911146358239,0.7377049180327869,1.262295081967213,1.80327868852459,13.904464458676,13.904464458676,-1.746615870317723
1,0,6,1,0,0,1,0,0,0,3.823625358015522,0.8,1.36,1.86,13.28077246295126,13.28077246295126,-1.682727426076543
1,0,6,1,0,0,1,0,0,0,3.688612125862292,0.7017543859649122,1.298245614035088,1.842105263157895,13.71456236122038,13.71456236122038,-1.682944152783109
0,0,6,0,0,0,0,0,0,0,3.898262184470693,0.6666666666666666,1.137254901960784,1.647058823529412,13.83803713110472,13.83803713110472,-1.4259479496779
0,0,5,0,0,1,0,0,0,2,3.754995755257403,0.84,1.42,2.0,14.15852258887553,14.15852258887553,-1.142512365190994
0,0,2,0,0,0,0,0,0,0,2.23285723747615,1.166666666666667,1.722222222222222,2.111111111111111,11.40741969009826,11.40741969009826,-1.466779572940288
0,0,2,0,0,0,0,0,0,0,2.390537867838098,1.0,1.476190476190476,1.80952380952381,12.29099678760393,12.29099678760393,-1.097434282354917
0,0,6,1,0,0,0,0,0,1,3.636402165279365,0.9245283018867925,1.622641509433962,2.245283018867925,13.28327046833119,13.28327046833119,-1.194933544838334
1,0,5,2,1,0,0,1,1,0,3.796742438362279,0.8035714285714286,1.410714285714286,2.017857142857143,14.37785783882177,14.37785783882177,-1.27077986533261
1,0,7,0,0,1,1,0,0,0,3.718868624828628,0.7213114754098361,1.229508196721312,1.688524590163935,13.91590929398414,13.91590929398414,-1.626326219843276
0,0,10,0,0,1,0,0,0,0,3.823547739741922,0.6111111111111112,1.111111111111111,1.625,14.08944001211757,14.08944001211757,-1.622390830480628
1,0,8,0,0,0,1,0,0,0,3.70192429922965,0.6721311475409836,1.163934426229508,1.655737704918033,13.80469706863481,13.80469706863481,-1.601600884238663
0,0,11,1,0,1,0,0,0,1,4.479597634051792,0.6547619047619048,1.214285714285714,1.773809523809524,14.14407763017378,14.14407763017378,-1.440852312267727
1,0,8,1,0,1,1,0,1,0,4.170085370505856,0.7536231884057971,1.347826086956522,1.898550724637681,14.54849142030949,14.54849142030949,-1.557589650221074
2,0,8,2,1,0,1,1,0,0,4.097247328870957,0.7164179104477612,1.358208955223881,2.044776119402985,13.77149612512422,13.77149612512422,-1.355342890430793
1,0,6,0,0,1,1,0,0,0,3.658218430103715,0.7894736842105263,1.333333333333333,1.807017543859649,13.77401564461726,13.77401564461726,-1.578111099641393
0,0,8,0,0,1,0,0,0,0,3.558874626536155,0.7924528301886793,1.339622641509434,1.849056603773585,13.47780154817804,13.47780154817804,-1.490071996086104
0,0,10,0,0,1,0,0,0,1,4.159896554146087,0.6712328767123288,1.219178082191781,1.753424657534246,13.96008322683432,13.96008322683432,-1.428345023729913
0,0,11,0,0,1,0,0,0,0,3.341851303623517,0.475,0.8875,1.3125,13.73197006355553,13.73197006355553,-1.934435013812168
0,0,7,0,0,1,0,0,0,0,3.065767006699054,0.7358490566037735,1.30188679245283,1.792452830188679,13.33722300415096,13.33722300415096,-1.712076761939036
1,0,6,2,1,0,0,1,1,0,3.563666251244749,0.7592592592592593,1.425925925925926,2.074074074074074,13.76265218970288,13.76265218970288,-1.326312840838457
1,0,7,2,1,0,0,1,0,0,4.044968819512468,0.7142857142857143,1.285714285714286,1.888888888888889,13.86784539071627,13.86784539071627,-1.612507469640582
1,0,5,0,0,0,1,0,0,0,3.534340921907504,0.7551020408163265,1.26530612244898,1.73469387755102,13.50573871385133,13.50573871385133,-1.785347203509572
0,1,8,0,0,0,0,0,0,0,3.85148543472556,0.74,1.24,1.76,13.46020125487772,13.46020125487772,-1.43623658103454
0,0,10,0,0,1,0,0,0,0,4.1714684111253,0.5571428571428572,0.9714285714285714,1.471428571428572,14.51644369443407,14.51644369443407,-1.549604390086685
1,0,6,2,1,0,0,1,0,0,3.666202459048418,0.6,1.153846153846154,1.769230769230769,14.19776914490479,14.19776914490479,-1.465970730218328
0,2,6,1,0,1,0,0,1,0,3.082560097768691,0.7115384615384616,1.269230769230769,1.826923076923077,13.22735554115156,13.22735554115156,-1.599318495038939
0,2,5,1,0,0,0,0,0,0,3.045357426939044,0.62,1.02,1.46,13.61688876513943,13.61688876513943,-1.575066958176326
2,2,7,0,0,0,2,0,0,0,3.803472741069772,0.75,1.269230769230769,1.769230769230769,13.15218863425685,13.15218863425685,-1.747632575728975
0,2,9,0,0,0,0,0,0,0,3.583419244995666,0.7735849056603774,1.415094339622641,1.943396226415094,13.63866042019482,13.63866042019482,-1.578781821922783
0,2,7,1,0,0,0,0,1,0,3.640164572368585,0.7678571428571429,1.285714285714286,1.803571428571429,13.33977921425226,13.33977921425226,-1.713108591430032
0,2,7,1,0,0,0,0,1,0,3.636136988762532,0.7857142857142857,1.339285714285714,1.857142857142857,13.51727249487455,13.51727249487455,-1.668642179865407
1,1,5,3,0,0,1,0,2,1,3.751649791156703,0.65,1.116666666666667,1.65,13.93430783777638,13.93430783777638,-1.348134194830312
1,2,6,2,1,0,0,1,1,0,3.536292996669828,0.7169811320754716,1.30188679245283,1.943396226415094,13.29943109857072,13.29943109857072,-1.328543515213013
2,1,5,0,0,0,2,0,0,0,3.774490484526416,0.68,1.14,1.64,13.33423973377535,13.33423973377535,-1.490899055842184
0,1,8,1,0,0,0,0,1,1,3.787287771946169,0.7058823529411765,1.235294117647059,1.794117647058824,13.74231062962154,13.74231062962154,-1.779970982369766
1,1,5,0,0,0,1,0,0,1,3.724078373674468,0.9583333333333334,1.583333333333333,2.145833333333333,13.60566492559243,13.60566492559243,-1.782095664306566
0,0,6,2,0,0,0,0,1,0,3.18610112986934,0.5833333333333334,1.033333333333333,1.533333333333333,13.78534362780788,13.78534362780788,-1.842352546773301
0,1,6,0,0,1,0,0,0,1,3.022211434706971,0.78,1.32,1.82,13.18770647709054,13.18770647709054,-1.755485360787473
0,0,7,0,0,0,0,0,0,0,3.470911477693361,0.7346938775510204,1.285714285714286,1.795918367346939,13.45579457968083,13.45579457968083,-1.697726507727585
0,0,6,1,0,1,0,0,0,0,3.980234996200964,0.7586206896551724,1.275862068965517,1.827586206896552,14.20151636335123,14.20151636335123,-1.223338368598118
0,0,7,0,0,0,0,0,0,0,3.783640821129774,0.6296296296296297,1.12962962962963,1.648148148148148,13.55055149384121,13.55055149384121,-1.498912935410431
0,2,6,2,0,0,0,0,1,0,3.10518394011669,0.6415094339622641,1.075471698113208,1.566037735849057,13.70498472186805,13.70498472186805,-1.378158660758226
0,0,6,0,0,2,0,0,0,0,3.879524053842857,0.6833333333333333,1.216666666666667,1.75,14.34549738723714,14.34549738723714,-1.722541493615051
0,0,7,1,0,0,0,0,1,0,3.641986606976085,0.7241379310344828,1.293103448275862,1.879310344827586,13.36576659529917,13.36576659529917,-1.98080885178671
0,0,7,0,0,0,0,0,0,1,3.559318339196828,0.7547169811320755,1.320754716981132,1.886792452830189,13.03910583956569,13.03910583956569,-1.820992758017656
0,0,5,2,0,0,0,0,2,0,3.597355709313782,0.7692307692307693,1.326923076923077,1.865384615384615,13.89255147355308,13.89255147355308,-1.596185171588439
1,0,5,0,0,0,1,0,0,1,3.717449752422576,0.9787234042553191,1.680851063829787,2.276595744680851,13.22442285614315,13.22442285614315,-1.693136262760376
0,0,5,1,0,0,0,0,1,2,3.540318932417749,0.8936170212765957,1.48936170212766,2.085106382978724,13.41760654344943,13.41760654344943,-1.348144263837541
0,0,6,0,0,0,0,0,0,0,3.65875899090135,0.7608695652173914,1.282608695652174,1.739130434782609,13.78567739511237,13.78567739511237,-1.352358098916789
1,0,1,0,0,1,1,0,0,0,2.936772657512105,1.5,2.227272727272727,2.772727272727273,11.91788042223062,11.91788042223062,-1.135977366255143
1,0,2,0,0,0,1,0,0,0,3.236767001326309,1.461538461538461,2.192307692307693,2.769230769230769,12.86064531368103,12.86064531368103,-1.013234243677064
1,0,1,1,0,0,1,0,0,0,2.999307826955989,1.272727272727273,2.0,2.590909090909091,12.03690980095742,12.03690980095742,-1.093358791047282
0,0,18,1,0,1,0,0,0,0,1.729384182437535,0.452991452991453,0.905982905982906,1.435897435897436,14.38772185359923,14.38772185359923,-1.954695584417447
0,0,8,1,0,0,0,0,0,0,4.06600206336326,0.676923076923077,1.184615384615385,1.676923076923077,14.05032722709364,14.05032722709364,-1.483204713006619
1,0,10,0,0,0,1,0,0,0,4.252474153727864,0.5844155844155844,1.038961038961039,1.506493506493507,14.25510977004816,14.25510977004816,-1.536358787342486
0,0,12,0,0,1,0,0,0,0,2.992402376282932,0.5454545454545454,0.9886363636363636,1.443181818181818,14.23640533820662,14.23640533820662,-1.774854326732501
1,0,13,1,0,0,1,0,0,0,1.589813259036634,0.5416666666666666,1.03125,1.5625,14.46469177777289,14.46469177777289,-2.070798167294215
0,1,8,0,0,1,0,0,0,0,3.074021555696124,0.6792452830188679,1.188679245283019,1.679245283018868,13.27958059978822,13.27958059978822,-1.73307527750975
1,0,5,1,0,0,1,0,1,0,3.784816127597715,0.9038461538461539,1.538461538461539,2.096153846153846,14.10482992223661,14.10482992223661,-1.324079600918993
0,0,7,1,0,0,0,0,0,0,3.899487636513977,0.6166666666666667,1.1,1.633333333333333,14.07333179244417,14.07333179244417,-1.196973063462506
0,0,2,1,0,0,0,0,1,0,2.587255205588304,1.037037037037037,1.592592592592593,2.037037037037037,12.44184229864785,12.44184229864785,-1.343548332913413
0,0,3,0,0,0,0,0,0,0,3.054573721314137,1.185185185185185,1.814814814814815,2.333333333333333,12.74547939020522,12.74547939020522,-1.040660999730229
0,0,6,2,0,0,0,0,0,0,3.920363603641388,0.6440677966101694,1.11864406779661,1.576271186440678,14.29555319167842,14.29555319167842,-1.255566430290971
0,0,5,1,0,0,0,0,0,1,3.505459531891959,0.9318181818181818,1.568181818181818,2.159090909090909,13.35353298146473,13.35353298146473,-1.430325138241798
1,0,7,2,1,0,0,1,0,0,3.907509354047365,0.75,1.416666666666667,2.1,14.35284283826538,14.35284283826538,-1.472020735833554
1,0,6,2,1,0,0,1,0,1,3.879483955897871,0.8360655737704918,1.491803278688525,2.147540983606557,14.40502933238828,14.40502933238828,-1.713508224509064
0,0,9,3,0,1,0,0,1,0,4.372920306800837,0.5977011494252874,1.126436781609195,1.71264367816092,14.82359715274654,14.82359715274654,-1.638260344947428
1,0,5,2,1,0,0,1,0,0,3.838543219330357,0.8727272727272727,1.563636363636364,2.254545454545454,13.92090931175233,13.92090931175233,-1.267391084717058
0,0,4,1,0,1,0,0,0,0,3.528702695420689,0.9787234042553191,1.638297872340426,2.234042553191489,14.01512461045386,14.01512461045386,-1.299750298281611
1,0,5,1,1,1,0,1,0,0,3.752308375348132,0.9259259259259259,1.574074074074074,2.203703703703704,14.38671615193035,14.38671615193035,-1.545361410540312
1,0,5,2,0,0,1,0,0,0,3.970320377511612,0.7272727272727273,1.290909090909091,1.872727272727273,14.17071258258546,14.17071258258546,-1.607078968299305
0,0,5,2,0,1,0,0,0,0,3.58332703238469,0.8367346938775511,1.428571428571429,2.0,13.9265296529389,13.9265296529389,-1.238968334827953
0,0,4,2,0,1,0,0,1,0,3.554673453180409,0.9387755102040817,1.551020408163265,2.163265306122449,14.0976628466336,14.0976628466336,-1.577861461641763
0,0,9,0,0,1,0,0,0,0,3.72722236828826,0.6818181818181818,1.227272727272727,1.742424242424242,13.97520538571684,13.97520538571684,-1.739510296999636
1,0,6,0,0,0,1,0,0,0,3.873548894337663,0.9019607843137255,1.607843137254902,2.215686274509804,13.69650150320019,13.69650150320019,-1.415795299677875
0,0,10,0,0,1,0,0,0,0,4.054767478150011,0.5789473684210527,1.118421052631579,1.671052631578947,13.64179967116317,13.64179967116317,-1.832634399101988
0,0,14,1,0,1,0,0,0,0,0.8501545477539961,0.4,0.7142857142857143,1.066666666666667,14.23290206715915,14.23290206715915,-2.230418191086247
0,0,8,0,0,0,0,0,0,0,3.674644537227792,0.6935483870967742,1.209677419354839,1.709677419354839,13.95829770378829,13.95829770378829,-1.60240029453625
0,0,12,0,0,1,0,0,0,0,2.020450455594431,0.5056179775280899,1.0,1.550561797752809,13.72045274103739,13.72045274103739,-1.86700350920539
0,0,8,2,0,0,0,0,1,0,4.135238729546397,0.6666666666666666,1.217391304347826,1.768115942028986,14.52206175701113,14.52206175701113,-1.641854887068382
0,0,7,1,0,0,0,0,0,0,3.999797180975524,0.7543859649122807,1.403508771929824,2.017543859649123,13.98375818713734,13.98375818713734,-1.189718516377696
0,0,7,2,0,0,0,0,1,0,3.981220356493192,0.6307692307692307,1.184615384615385,1.753846153846154,14.44638285766593,14.44638285766593,-1.335208641046936
0,0,7,3,0,0,0,0,0,0,3.80229427507002,0.5645161290322581,1.016129032258065,1.483870967741935,14.15160243839736,14.15160243839736,-1.24656967239508
0,0,6,1,0,0,0,0,0,0,3.670146755343397,0.7358490566037735,1.283018867924528,1.792452830188679,13.8718778422884,13.8718778422884,-1.596028441937989
0,0,5,0,0,1,0,0,0,0,3.451944751374919,0.9130434782608695,1.521739130434783,2.043478260869565,13.36773681805281,13.36773681805281,-1.331709443752142
0,0,2,1,0,0,0,0,1,0,3.177845252421951,1.206896551724138,1.896551724137931,2.517241379310345,12.80334215883323,12.80334215883323,-1.101595820171758
0,0,3,1,0,1,0,0,0,0,2.850190146483263,0.918918918918919,1.567567567567568,2.162162162162162,13.06214724551835,13.06214724551835,-1.231280405105243
0,0,12,0,0,1,0,0,0,0,3.834260215408001,0.5569620253164557,1.025316455696202,1.518987341772152,14.11067659762792,14.11067659762792,-1.779686658571565
1,0,20,1,1,1,0,1,0,0,1.659626491688463,0.443609022556391,0.8270676691729323,1.278195488721805,15.04413748230109,15.04413748230109,-1.846063717159278
0,0,9,0,0,0,0,0,0,0,4.162775829142394,0.5205479452054794,0.9726027397260274,1.438356164383562,14.44971124896905,14.44971124896905,-1.809370004684666
2,0,5,0,0,0,2,0,0,0,3.803491873658742,0.9555555555555556,1.577777777777778,2.111111111111111,13.44876290965389,13.44876290965389,-1.315134934469005
0,0,5,2,0,1,0,0,1,1,3.136846341540582,0.6964285714285714,1.178571428571429,1.678571428571429,14.17249119262099,14.17249119262099,-1.329742207080772
0,0,7,0,0,0,0,0,0,0,2.879563339179818,0.5454545454545454,0.8636363636363636,1.204545454545455,13.29891912744404,13.29891912744404,-1.636213138063217
1,0,10,0,0,1,1,0,0,1,4.182457399609164,0.7142857142857143,1.246753246753247,1.805194805194805,14.01218291829588,14.01218291829588,-1.795323893969835
0,0,10,1,0,1,0,0,0,0,3.892690451497937,0.6419753086419753,1.17283950617284,1.691358024691358,14.64813770712098,14.64813770712098,-1.972778929935978
1,1,5,0,0,0,1,0,0,0,3.56499879919446,1.189189189189189,1.891891891891892,2.513513513513514,13.07957775831739,13.07957775831739,-1.23321140213174
0,1,8,2,0,0,0,0,2,0,3.288662632795769,0.5217391304347826,0.927536231884058,1.391304347826087,14.05091211331171,14.05091211331171,-1.695828107515288
0,1,4,0,0,0,0,0,0,0,3.445470345209246,1.03030303030303,1.606060606060606,2.151515151515151,12.98713907976826,12.98713907976826,-1.059225105928263
0,1,8,0,0,0,0,0,0,0,3.810874207861889,0.7962962962962963,1.37037037037037,1.888888888888889,13.90905344036534,13.90905344036534,-1.600787676821384
0,1,5,0,0,0,0,0,0,0,3.296207191953084,1.085714285714286,1.771428571428571,2.342857142857143,12.54805295920892,12.54805295920892,-1.438700736926747
0,0,6,1,0,0,0,0,0,0,3.067997835131838,0.6153846153846154,1.115384615384615,1.634615384615385,13.21940843268045,13.21940843268045,-1.845616423884059
0,0,7,2,0,0,0,0,1,0,3.702378569786913,0.7213114754098361,1.278688524590164,1.836065573770492,14.14577769560322,14.14577769560322,-1.646739527496374
0,0,10,2,0,0,0,0,2,0,3.330251724129573,0.5,0.9078947368421053,1.368421052631579,14.33448780698102,14.33448780698102,-1.782283330667213
1,0,6,2,0,0,1,0,0,0,3.953669764489138,0.6875,1.1875,1.703125,14.34898306939589,14.34898306939589,-1.449603255101177
0,0,4,0,0,0,0,0,0,0,3.359295818498859,0.8292682926829268,1.365853658536585,1.902439024390244,13.4793183271421,13.4793183271421,-1.359600249872998
0,0,5,0,0,0,0,0,0,0,3.373631933014969,0.8604651162790697,1.441860465116279,1.953488372093023,13.4119718193278,13.4119718193278,-1.581605393521186
0,0,8,0,0,0,0,0,0,0,3.686196465886806,0.671875,1.21875,1.75,13.67711457459827,13.67711457459827,-1.632143387657214
0,0,3,0,0,0,0,0,0,1,3.246568379395562,1.060606060606061,1.727272727272727,2.303030303030303,13.11830361415814,13.11830361415814,-1.324085732739683
0,0,5,0,0,0,0,0,0,0,3.274867727850743,1.027027027027027,1.675675675675676,2.216216216216216,12.6887107917864,12.6887107917864,-1.384581627126184
0,0,10,0,0,1,0,0,0,0,3.722800895997698,0.6911764705882353,1.279411764705882,1.823529411764706,13.61574220195925,13.61574220195925,-1.820756339754658
0,0,11,0,0,1,0,0,0,0,3.792850449684231,0.64,1.186666666666667,1.72,13.69468511933345,13.69468511933345,-1.871805284022143
0,0,3,0,0,0,0,0,0,0,2.533709530653132,0.8,1.28,1.72,11.91605379188712,11.91605379188712,-1.561417915931806
2,0,5,2,2,1,0,2,0,0,3.988234092195281,0.7868852459016393,1.344262295081967,1.918032786885246,14.39586898425535,14.39586898425535,-1.643367605637682
0,0,4,1,0,0,0,0,1,0,3.352690264798488,1.0,1.641025641025641,2.205128205128205,13.46005693227194,13.46005693227194,-1.421464498558446
0,0,5,0,0,0,0,0,0,0,2.870060737195648,0.675,1.225,1.725,12.43866234586531,12.43866234586531,-1.509093131566303
0,0,7,0,0,0,0,0,0,0,3.771556072958214,0.7692307692307693,1.346153846153846,1.884615384615385,14.01543036643643,14.01543036643643,-1.590120088813847
0,0,11,0,0,0,0,0,0,0,4.023243078262573,0.5675675675675675,1.108108108108108,1.648648648648649,14.28320277280996,14.28320277280996,-1.738218394111377
0,0,9,0,0,0,0,0,0,0,3.9638334323878,0.6323529411764706,1.176470588235294,1.705882352941176,14.21685781987189,14.21685781987189,-1.694460104140966
0,0,5,0,0,0,0,0,0,0,3.630420515521689,0.7954545454545454,1.363636363636364,1.886363636363636,13.40190149630895,13.40190149630895,-1.100197450929223
0,0,4,0,0,0,0,0,0,0,3.649193639752889,0.8205128205128205,1.358974358974359,1.923076923076923,13.56721144005505,13.56721144005505,-1.068165113644313
0,0,5,0,0,0,0,0,0,0,3.8332586594286,0.6956521739130435,1.152173913043478,1.652173913043478,13.92904577068536,13.92904577068536,-1.066907740351667
0,0,3,0,0,0,0,0,0,0,3.210227690563836,1.0,1.575757575757576,2.090909090909091,12.77779934775155,12.77779934775155,-1.567209282537114
0,0,12,2,0,2,0,0,1,0,1.502005295641617,0.4905660377358491,0.8962264150943396,1.358490566037736,14.79302530980354,14.79302530980354,-1.963920879101997
0,0,4,2,0,0,0,0,0,0,3.49098845408867,0.8409090909090909,1.431818181818182,2.0,13.33054637470191,13.33054637470191,-1.359364308011182
0,0,8,1,0,0,0,0,0,0,3.74769210158465,0.7230769230769231,1.353846153846154,1.923076923076923,14.00172327039612,14.00172327039612,-1.497165349151347
0,0,4,1,0,1,0,0,0,0,2.957423021699638,0.8636363636363636,1.454545454545455,2.0,13.41739453445862,13.41739453445862,-1.560790343177366
0,0,2,2,0,0,0,0,1,0,2.77271483843373,0.7878787878787878,1.363636363636364,1.939393939393939,12.7684430203568,12.7684430203568,-1.329384084913938
0,0,7,2,0,1,0,0,0,0,3.263579687351071,0.5757575757575758,1.0,1.46969696969697,14.05795921481471,14.05795921481471,-1.842062339029731
0,0,3,1,0,0,0,0,0,0,2.819921762765632,0.8888888888888888,1.472222222222222,1.972222222222222,13.1132784113033,13.1132784113033,-1.664092461618304
0,0,7,1,0,0,0,0,0,0,3.869310027283255,0.7288135593220338,1.305084745762712,1.88135593220339,14.2105377219004,14.2105377219004,-1.593015214101293
1,0,9,2,0,1,1,0,0,0,4.389040076291858,0.6049382716049383,1.098765432098765,1.641975308641975,14.83230072355904,14.83230072355904,-1.500618324967754
0,0,7,1,0,1,0,0,0,0,3.730133100909437,0.765625,1.328125,1.875,14.32252002829722,14.32252002829722,-1.930263584012591
0,0,2,2,0,0,0,0,0,0,2.721190443626669,0.7931034482758621,1.275862068965517,1.758620689655172,12.4057714826059,12.4057714826059,-1.303753044427648
0,0,2,2,0,0,0,0,1,0,2.740294874314087,0.84375,1.40625,1.96875,12.94792410291328,12.94792410291328,-1.136538013394559
0,0,6,1,0,0,0,0,0,0,2.895972170993847,0.6923076923076923,1.205128205128205,1.769230769230769,12.36926877798761,12.36926877798761,-1.234444970819041
0,0,8,0,0,0,0,0,0,0,2.963086212401314,0.5416666666666666,0.8958333333333334,1.270833333333333,13.3711689458872,13.3711689458872,-1.693063555471079
0,0,23,0,0,0,0,0,0,0,1.640494638074774,0.3055555555555556,0.6111111111111112,0.9722222222222222,14.70028569296331,14.70028569296331,-2.193191398519151
1,0,22,2,0,1,1,0,0,0,0.9100750598991824,0.364963503649635,0.7007299270072993,1.102189781021898,14.36792682055251,14.36792682055251,-1.993059304227077
0,0,7,2,0,0,0,0,0,0,3.787490349436727,0.6818181818181818,1.227272727272727,1.757575757575758,14.09337365652448,14.09337365652448,-1.565237133350643
0,0,5,0,0,0,0,0,0,0,2.765083137562613,0.6857142857142857,1.285714285714286,1.8,12.596684529796,12.596684529796,-1.702596930620019
1,0,5,0,0,0,1,0,0,0,3.414878635068315,0.875,1.5,2.075,13.225823881575,13.225823881575,-1.217772458875818
0,0,6,0,0,0,0,0,0,0,2.766928734377277,0.7714285714285715,1.342857142857143,1.857142857142857,12.61370270552359,12.61370270552359,-1.574424599704181
0,0,6,1,0,0,0,0,1,0,2.883454894881128,0.7692307692307693,1.333333333333333,1.846153846153846,12.67600817645642,12.67600817645642,-1.589751882034461
1,0,4,0,0,0,1,0,0,0,3.614504172639454,1.111111111111111,1.777777777777778,2.361111111111111,13.58502062862182,13.58502062862182,-1.049514711378889
3,0,6,3,2,0,1,2,1,0,4.153204060863088,0.6111111111111112,1.111111111111111,1.597222222222222,15.02373201440738,15.02373201440738,-1.406461408494237
0,0,5,1,0,0,0,0,0,0,2.959086172628708,0.8048780487804879,1.439024390243902,2.024390243902439,13.29066318132807,13.29066318132807,-1.23690491926148
0,0,4,0,0,0,0,0,0,0,3.515625472124508,0.8888888888888888,1.472222222222222,2.027777777777778,13.34920346680403,13.34920346680403,-1.052553763213919
0,0,5,0,0,0,0,0,0,0,3.31897084741425,0.9473684210526315,1.552631578947368,2.052631578947369,13.07046503994632,13.07046503994632,-1.56355116127654
0,0,7,0,0,0,0,0,0,0,3.64747634902022,0.7954545454545454,1.340909090909091,1.863636363636364,13.75876872596941,13.75876872596941,-1.366708721459291
0,1,9,0,0,2,0,0,0,0,4.071546646492454,0.6133333333333333,1.08,1.56,14.10736878444108,14.10736878444108,-1.275084261202574
0,0,6,0,0,1,0,0,0,0,2.934079801627528,0.6590909090909091,1.090909090909091,1.5,12.92695071192764,12.92695071192764,-1.965151707455757
0,0,9,1,0,0,0,0,0,0,3.696905495377721,0.6984126984126984,1.253968253968254,1.777777777777778,14.1396544771904,14.1396544771904,-1.866286572976993
1,0,6,0,0,1,1,0,0,0,3.747606277980292,1.04,1.7,2.26,13.60935434123338,13.60935434123338,-1.660498206311264
1,0,4,0,0,0,1,0,0,0,3.729519555894926,0.975,1.575,2.175,13.79153080949423,13.79153080949423,-1.035725525921068
1,0,9,1,0,0,1,0,0,0,4.071352525855775,0.6883116883116883,1.246753246753247,1.805194805194805,14.12755699712768,14.12755699712768,-1.833369018877924
0,0,5,0,0,0,0,0,0,0,3.364937318122251,0.9230769230769231,1.538461538461539,2.051282051282051,13.47943387397302,13.47943387397302,-1.429389549140771
0,1,5,0,0,0,0,0,0,0,3.624652208549073,0.926829268292683,1.48780487804878,2.024390243902439,13.22871254786225,13.22871254786225,-1.077327330680469
0,1,17,1,0,0,0,0,0,0,1.748005482766984,0.4406779661016949,0.847457627118644,1.313559322033898,14.70179204161074,14.70179204161074,-1.863685949294648
0,0,10,0,0,0,0,0,0,0,3.854160403687187,0.5822784810126582,1.088607594936709,1.607594936708861,14.10143009987613,14.10143009987613,-1.682859718853863
0,0,2,0,0,0,0,0,0,0,2.547477402940683,0.9615384615384616,1.5,1.923076923076923,12.42668847631645,12.42668847631645,-1.18827064146238
0,0,4,1,0,1,0,0,0,0,3.498516009298744,1.045454545454545,1.704545454545455,2.295454545454545,13.46813818279689,13.46813818279689,-1.414592416858589
0,0,6,0,0,0,0,0,0,0,3.651204901065305,0.9069767441860465,1.511627906976744,2.069767441860465,13.70286199449033,13.70286199449033,-1.244330923472338
1,0,11,0,0,0,1,0,0,0,4.411202381056103,0.6024096385542169,1.060240963855422,1.578313253012048,14.70918826953564,14.70918826953564,-1.685000960466998
0,0,10,1,0,0,0,0,1,0,3.378331532597536,0.5128205128205128,0.9230769230769231,1.384615384615385,14.11161346918426,14.11161346918426,-1.975756964853312
0,0,3,1,0,0,0,0,1,0,2.807429191068489,0.8529411764705882,1.411764705882353,1.911764705882353,13.21694457566977,13.21694457566977,-1.215892009946636
0,0,6,0,0,0,0,0,0,0,3.553897780695621,0.7843137254901961,1.352941176470588,1.862745098039216,13.48305910838333,13.48305910838333,-1.577674650016059
0,0,6,0,0,0,0,0,0,0,3.576498548352448,0.75,1.288461538461539,1.788461538461539,13.49413578423274,13.49413578423274,-1.626573296110381
0,0,10,0,0,1,0,0,0,0,3.301059892721782,0.4864864864864865,0.8513513513513513,1.256756756756757,13.86376291364129,13.86376291364129,-1.738118385766259
0,0,8,0,0,1,0,0,0,0,3.795876016498127,0.6164383561643836,1.095890410958904,1.602739726027397,14.29660756325697,14.29660756325697,-1.641164144853063
0,0,9,0,0,1,0,0,0,0,3.844944169493314,0.5769230769230769,1.038461538461539,1.551282051282051,14.35120807700305,14.35120807700305,-1.677977990379029
0,0,12,0,0,1,0,0,0,0,1.95990570864699,0.5164835164835165,0.945054945054945,1.428571428571429,14.4389276290032,14.4389276290032,-1.755980602144504
1,0,23,4,0,0,1,0,2,0,1.6647232105637,0.345679012345679,0.6481481481481481,0.9938271604938271,15.22161420316695,15.22161420316695,-2.117749735129037
0,1,29,3,0,0,0,0,2,0,1.662799818256745,0.2921348314606741,0.5449438202247191,0.8539325842696629,15.01727568264361,15.01727568264361,-2.189354697072607
0,0,24,0,0,1,0,0,0,0,1.688257328827193,0.3496503496503496,0.6503496503496503,0.9790209790209791,14.38808644544953,14.38808644544953,-2.291689900521284
0,0,26,0,0,1,0,0,0,0,1.649229263293835,0.3311258278145696,0.6158940397350994,0.9470198675496688,14.46249599039952,14.46249599039952,-2.303201726951405
0,0,1,0,0,0,0,0,0,0,2.216585882558072,1.375,1.875,2.1875,11.55212962962963,11.55212962962963,-1.317031368102797
0,0,3,0,0,0,0,0,0,0,2.717027853240519,0.75,1.21875,1.625,13.05187778197699,13.05187778197699,-1.117935239517824
0,0,3,0,0,0,0,0,0,0,2.662246620188066,0.7741935483870968,1.193548387096774,1.548387096774194,12.93594807676157,12.93594807676157,-1.122930987817143
1,0,4,1,0,0,1,0,1,0,3.711674659183529,1.044444444444445,1.733333333333333,2.311111111111111,13.6958959798719,13.6958959798719,-1.478995026321415
0,0,4,0,0,0,0,0,0,0,2.726002808771268,0.9032258064516129,1.516129032258065,2.064516129032258,12.40525054084883,12.40525054084883,-1.204300777151201
0,0,4,0,0,0,0,0,0,0,2.685936638699437,0.8709677419354839,1.483870967741935,2.032258064516129,12.36636543124944,12.36636543124944,-1.203934658481511
0,0,4,1,0,0,0,0,0,0,2.880603997964861,0.918918918918919,1.567567567567568,2.162162162162162,13.17564012260746,13.17564012260746,-1.218492200506585
0,0,4,1,0,0,0,0,0,0,2.848386117781694,0.8648648648648649,1.513513513513514,2.108108108108108,13.11077901149635,13.11077901149635,-1.218304634611949
0,0,5,0,0,0,0,0,0,0,3.436631303204653,0.8780487804878049,1.48780487804878,2.073170731707317,12.89754697980642,12.89754697980642,-1.450874268578647
0,0,6,0,0,0,0,0,0,0,2.96160014215629,0.7555555555555555,1.311111111111111,1.8,13.33519639246903,13.33519639246903,-1.609006328501381
1,0,4,1,0,0,1,0,0,0,3.490438652257491,0.8409090909090909,1.431818181818182,2.0,13.66516632994898,13.66516632994898,-1.21639761610639
0,0,4,0,0,0,0,0,0,0,2.82709569120664,0.6571428571428571,1.114285714285714,1.6,12.7968205738065,12.7968205738065,-1.517627830389375
0,0,7,2,0,0,0,0,0,0,3.957421076109927,0.6666666666666666,1.158730158730159,1.650793650793651,14.44429389838491,14.44429389838491,-1.286732121849081
1,0,5,1,1,1,0,1,0,1,3.842862372931751,0.9137931034482759,1.568965517241379,2.241379310344827,14.34144725075007,14.34144725075007,-1.197142130869792
0,0,5,0,0,1,0,0,0,1,3.520047219770462,0.9166666666666666,1.583333333333333,2.166666666666667,13.79969444535415,13.79969444535415,-1.186130515132003
0,0,5,0,0,0,0,0,0,0,2.909901988077807,0.7441860465116279,1.302325581395349,1.790697674418605,13.42300377601955,13.42300377601955,-1.499929766727725
0,0,4,0,0,0,0,0,0,0,3.507871825436993,0.9722222222222222,1.583333333333333,2.166666666666667,13.05223537012263,13.05223537012263,-1.057870098050935
0,0,3,0,0,0,0,0,0,0,3.267576762583079,0.9705882352941176,1.588235294117647,2.147058823529412,13.10477404581616,13.10477404581616,-1.120117984890244
0,0,18,0,0,1,0,0,0,1,1.707425284304309,0.4628099173553719,0.9008264462809917,1.396694214876033,14.30119293076546,14.30119293076546,-1.975674397451927
0,0,14,1,0,0,0,0,1,1,1.63725901508788,0.5370370370370371,1.018518518518519,1.564814814814815,14.73016056015876,14.73016056015876,-2.01072055990782
0,0,4,1,0,0,0,0,1,0,2.895666305134901,0.8780487804878049,1.51219512195122,2.048780487804878,13.11584531120845,13.11584531120845,-1.436265578671472
0,0,8,0,0,0,0,0,0,0,3.955662441981254,0.609375,1.09375,1.59375,14.15119257965732,14.15119257965732,-1.606508449080842
0,0,4,1,0,0,0,0,1,1,3.010357404157319,0.7333333333333333,1.222222222222222,1.733333333333333,13.59527092195923,13.59527092195923,-1.565419123339189
0,0,8,2,0,0,0,0,1,0,4.132490724174334,0.569620253164557,1.063291139240506,1.59493670886076,14.49736086561003,14.49736086561003,-1.784879963567944
0,0,13,1,0,1,0,0,0,0,0.8526315001307366,0.42,0.79,1.22,14.22237785743967,14.22237785743967,-2.17801053406587
0,0,14,1,0,2,0,0,0,0,0.8498807527359921,0.3783783783783784,0.7117117117117117,1.135135135135135,14.27385101370467,14.27385101370467,-2.205529397423324
0,0,3,0,0,0,0,0,0,0,3.136380755558669,1.103448275862069,1.724137931034483,2.241379310344827,13.01103872505027,13.01103872505027,-1.037176311101691
0,0,4,1,0,0,0,0,0,0,3.370825042363388,0.95,1.575,2.15,13.70760650030852,13.70760650030852,-1.496874629098655
0,0,3,1,0,0,0,0,0,0,2.80161122786019,0.8611111111111112,1.444444444444444,1.944444444444444,13.06782443933598,13.06782443933598,-1.465594612334782
0,0,4,0,0,0,0,0,0,0,3.24364397499546,0.9444444444444444,1.555555555555556,2.083333333333333,13.11988824280054,13.11988824280054,-1.405306347756883
0,0,21,0,0,1,0,0,0,0,1.649787111953412,0.371900826446281,0.7024793388429752,1.074380165289256,14.3029184760676,14.3029184760676,-2.216759490643189
0,0,23,0,0,1,0,0,0,0,1.719486352821344,0.3488372093023256,0.6589147286821705,1.031007751937985,14.41656221482036,14.41656221482036,-2.248571132846444
0,0,24,1,0,1,0,0,0,0,1.675281117469964,0.3642857142857143,0.6857142857142857,1.057142857142857,14.64691527424971,14.64691527424971,-2.269638823704559
0,0,1,0,0,0,0,0,0,0,2.213790331044622,1.222222222222222,1.777777777777778,2.166666666666667,11.59118150037793,11.59118150037793,-1.262641723356009
0,0,8,0,0,0,0,0,0,0,3.960428534651001,0.6,1.092307692307692,1.6,14.30340081096424,14.30340081096424,-1.258652911566537
1,0,3,0,0,0,1,0,0,0,3.182531271061648,0.9375,1.53125,2.03125,12.77273478163584,12.77273478163584,-1.218551567739393
0,0,8,3,0,1,0,0,0,0,3.909215893180678,0.575,1.025,1.5,14.7290360329683,14.7290360329683,-1.335794569419087
0,0,17,2,0,0,0,0,0,0,1.762906603293904,0.4247787610619469,0.8053097345132744,1.256637168141593,14.60695511148848,14.60695511148848,-2.041686345601825
0,0,10,0,0,1,0,0,0,0,3.285351275432372,0.472972972972973,0.8918918918918919,1.378378378378378,13.69586744230886,13.69586744230886,-1.728674005005135
0,0,10,0,0,1,0,0,0,0,3.276473838040849,0.4594594594594595,0.8243243243243243,1.27027027027027,13.58704527355632,13.58704527355632,-1.82387104404963
0,0,7,1,0,1,0,0,1,0,3.171076197332176,0.7213114754098361,1.278688524590164,1.819672131147541,13.68934308677311,13.68934308677311,-1.768956670198405
0,0,12,0,0,1,0,0,0,0,1.640752440470668,0.4673913043478261,0.9130434782608695,1.423913043478261,14.52502539304661,14.52502539304661,-1.854687457698726
0,0,7,1,0,1,0,0,0,0,3.147760356619702,0.6666666666666666,1.183333333333333,1.7,13.89402912092283,13.89402912092283,-1.953591725389409
0,0,9,1,0,1,0,0,0,0,3.322546038606544,0.5657894736842105,1.026315789473684,1.526315789473684,14.10848787460407,14.10848787460407,-1.957177379177279
0,0,5,1,0,0,0,0,1,0,2.886335163245688,0.8048780487804879,1.341463414634146,1.853658536585366,12.95019257042276,12.95019257042276,-1.409129698478232
0,0,5,1,0,0,0,0,0,0,2.880671376477803,0.8048780487804879,1.317073170731707,1.804878048780488,13.30211031109209,13.30211031109209,-1.744826141668813
0,0,4,1,0,0,0,0,0,0,2.83005429556464,0.8648648648648649,1.459459459459459,1.972972972972973,12.81045092685175,12.81045092685175,-1.308316761799045
0,0,8,1,0,0,0,0,0,0,3.660076682294554,0.7796610169491526,1.372881355932203,1.915254237288136,14.14040136048085,14.14040136048085,-1.684024539954484
2,0,10,0,0,0,2,0,0,0,4.215403785571344,0.6,1.1125,1.625,14.34825369485565,14.34825369485565,-1.366602791793494
0,0,3,0,0,0,0,0,0,0,2.650995920895538,0.7419354838709677,1.129032258064516,1.451612903225806,12.93102922650542,12.93102922650542,-1.122228643763151
0,0,1,0,0,0,0,0,0,1,2.233859877896549,1.352941176470588,1.941176470588235,2.352941176470588,11.44360638699924,11.44360638699924,-1.444139266817839
0,0,2,0,0,0,0,0,0,1,2.494025343699625,1.04,1.6,2.04,12.24977452863861,12.24977452863861,-1.389498299319729
0,0,23,1,0,1,0,0,0,1,1.734723209933341,0.3956834532374101,0.7338129496402878,1.129496402877698,14.64484995763155,14.64484995763155,-2.264647372774145
1,0,4,0,0,0,1,0,0,1,3.406956659017247,0.8809523809523809,1.428571428571429,1.928571428571429,13.18735407452003,13.18735407452003,-1.940589086830196
1,0,4,0,0,0,1,0,0,1,3.661320521786067,1.093023255813953,1.790697674418605,2.395348837209302,13.61172838157919,13.61172838157919,-1.173612333470443
0,0,4,0,0,1,0,0,0,1,2.946121926538184,0.7777777777777778,1.311111111111111,1.844444444444445,13.29833681961603,13.29833681961603,-1.641482747100984
0,0,5,0,0,1,0,0,0,1,2.980999193515125,0.7446808510638298,1.212765957446809,1.638297872340426,13.27699423781652,13.27699423781652,-1.624755385396339
0,0,6,2,0,1,0,0,0,0,3.114394603541692,0.6545454545454545,1.127272727272727,1.636363636363636,13.65293920454718,13.65293920454718,-1.312151003237522
0,0,16,4,0,1,0,0,0,0,1.683309163924449,0.4,0.7703703703703704,1.2,15.20426431517077,15.20426431517077,-1.632354544796662
0,0,5,1,0,0,0,0,1,0,3.363583971438708,1.025,1.65,2.2,12.86142613805123,12.86142613805123,-1.551041890451128
0,0,5,0,0,0,0,0,0,0,3.49827865853576,0.918918918918919,1.486486486486486,2.0,13.14090844862691,13.14090844862691,-1.416059172125641
0,0,4,1,0,0,0,0,1,1,3.31047582220822,1.138888888888889,1.805555555555556,2.388888888888889,13.1787698501628,13.1787698501628,-1.191561846476168
0,0,7,0,0,0,0,0,0,0,2.856775019059184,0.5813953488372093,1.0,1.441860465116279,13.17656059018342,13.17656059018342,-1.80171127693085
0,0,9,0,0,0,0,0,0,0,3.806691877177838,0.6964285714285714,1.267857142857143,1.803571428571429,13.69958983976911,13.69958983976911,-1.511254189092445
0,0,11,1,0,1,0,0,1,0,1.669757419770647,0.5869565217391305,1.032608695652174,1.543478260869565,14.66145304609687,14.66145304609687,-1.716222435939223
0,0,8,0,0,0,0,0,0,0,2.942215435902898,0.5833333333333334,1.041666666666667,1.479166666666667,13.25325958649916,13.25325958649916,-1.612265075585297
2,0,19,2,1,0,1,1,1,0,1.721375346550345,0.4503816793893129,0.9236641221374046,1.473282442748092,14.84886195980417,14.84886195980417,-2.190533298595997
2,0,8,0,0,0,2,0,0,0,4.112988844202138,0.71875,1.328125,1.875,14.10755291899642,14.10755291899642,-1.315078279065648
0,0,9,0,0,0,0,0,0,0,4.230048277420161,0.5,0.9358974358974359,1.41025641025641,14.25544612786069,14.25544612786069,-1.745022165134617
0,0,4,0,0,0,0,0,0,0,3.529452745991863,1.027777777777778,1.777777777777778,2.388888888888889,13.41281396495186,13.41281396495186,-1.128663340419067
0,0,7,0,0,0,0,0,0,0,3.876962194481538,0.6842105263157895,1.298245614035088,1.842105263157895,13.92504343946051,13.92504343946051,-1.660663249977804
0,0,7,0,0,0,0,0,0,0,3.427330144996908,0.8333333333333334,1.452380952380952,1.976190476190476,13.15614429565534,13.15614429565534,-1.62562320894032
2,0,4,0,0,0,2,0,0,0,3.739179840324784,0.9024390243902439,1.48780487804878,1.975609756097561,13.55634734208192,13.55634734208192,-1.213837902208889
1,0,9,1,0,0,1,0,0,1,4.304397087866956,0.7051282051282052,1.307692307692308,1.91025641025641,14.33889734798358,14.33889734798358,-1.615344568574094
0,0,9,0,0,0,0,0,0,0,4.116182063743298,0.6,1.107692307692308,1.630769230769231,14.33367433930874,14.33367433930874,-1.648658963992318
0,0,6,0,0,1,0,0,0,1,3.921467260868138,0.8148148148148148,1.407407407407407,1.944444444444444,13.99606039817451,13.99606039817451,-1.226301121956877
0,0,9,0,0,1,0,0,0,0,3.914889275536861,0.7419354838709677,1.419354838709677,2.0,13.41133626469955,13.41133626469955,-1.375845556777378
0,0,8,2,0,0,0,0,0,1,3.859739041604842,0.6301369863013698,1.095890410958904,1.589041095890411,14.59149064858584,14.59149064858584,-1.233587278533224
1,0,5,0,0,0,1,0,0,0,3.406767847570694,0.8372093023255814,1.372093023255814,1.86046511627907,13.16941168768876,13.16941168768876,-1.966466303525697
0,0,9,0,0,0,0,0,0,0,3.856563228069712,0.6333333333333333,1.133333333333333,1.65,14.14257549699741,14.14257549699741,-1.370692152962343
0,0,5,1,0,1,0,0,1,0,3.601978441036475,0.9433962264150944,1.566037735849057,2.132075471698113,13.7626107642331,13.7626107642331,-1.668344584338262
0,0,8,3,0,1,0,0,0,0,4.152478748728972,0.575,1.025,1.4875,14.41603267581434,14.41603267581434,-1.514208161347591
0,1,7,1,0,1,0,0,0,0,3.740913692556731,0.8125,1.453125,2.046875,14.39203976390907,14.39203976390907,-1.234753994828677
0,0,8,0,0,2,0,0,0,0,4.025219907185662,0.5540540540540541,0.9864864864864865,1.5,14.41061786941626,14.41061786941626,-1.235651769638847
0,0,6,1,0,1,0,0,1,0,3.601978441036475,0.9433962264150944,1.566037735849057,2.132075471698113,13.77649965312199,13.77649965312199,-1.660532084338262
0,0,4,0,0,1,0,0,0,0,3.53242269452012,1.0,1.605263157894737,2.184210526315789,13.07183503665046,13.07183503665046,-1.068659657231537
0,0,12,0,0,1,0,0,0,0,1.829691393486881,0.5217391304347826,1.0,1.510869565217391,14.35141683719582,14.35141683719582,-1.920714773314829
0,0,3,0,0,1,0,0,0,0,2.827122238832275,0.75,1.25,1.75,12.81158449912533,12.81158449912533,-1.371733372297496
0,0,5,0,0,1,0,0,0,0,2.862489712872421,0.7441860465116279,1.232558139534884,1.697674418604651,13.25147689435503,13.25147689435503,-1.533952029007061
0,0,8,1,0,1,0,0,0,0,3.252324454144775,0.6323529411764706,1.117647058823529,1.617647058823529,13.8745014271075,13.8745014271075,-1.931948637751481
2,0,11,0,0,0,2,0,0,0,4.330839777386481,0.6049382716049383,1.074074074074074,1.580246913580247,14.09087696720758,14.09087696720758,-1.34190487190817
0,0,6,0,0,1,0,0,0,0,3.0085155799895,0.6938775510204082,1.224489795918367,1.73469387755102,13.23331772016941,13.23331772016941,-1.49250314593749
0,0,10,1,0,1,0,0,1,0,3.37374182263775,0.525,1.0,1.5375,13.99818746434332,13.99818746434332,-1.887470315637681
0,0,15,2,0,2,0,0,2,0,0.8516449804840606,0.3233082706766917,0.5864661654135338,0.8796992481203008,14.80054088332574,14.80054088332574,-1.853045846353524
0,0,3,0,0,0,0,0,0,1,2.542736308502963,1.166666666666667,1.791666666666667,2.291666666666667,11.91284018507413,11.91284018507413,-1.151684275904604
1,0,8,1,0,0,1,0,0,0,4.167045604524067,0.7361111111111112,1.333333333333333,1.944444444444444,14.29740630463496,14.29740630463496,-1.546695264010823
0,0,4,1,0,0,0,0,1,0,2.834605548497842,0.7714285714285715,1.314285714285714,1.828571428571429,12.64739910156598,12.64739910156598,-1.649106769617371
1,1,8,4,0,0,1,0,3,0,3.950640986317505,0.4936708860759494,0.8481012658227848,1.240506329113924,14.74567731695162,14.74567731695162,-1.618731952164713
1,0,13,1,0,0,1,0,0,0,1.567387335270776,0.5096153846153846,0.9519230769230769,1.451923076923077,14.36324986009021,14.36324986009021,-1.983013363968466
1,0,1,1,1,0,0,1,0,0,2.884059311982637,1.333333333333333,2.047619047619047,2.714285714285714,11.61375086608717,11.61375086608717,-1.15391581632653
0,1,4,0,0,0,0,0,0,0,2.793326950363188,0.8055555555555556,1.333333333333333,1.805555555555556,12.76684159545361,12.76684159545361,-1.720592264280324
1,0,14,1,0,0,1,0,0,0,1.622959376148186,0.4821428571428572,0.8839285714285714,1.330357142857143,14.94753279769754,14.94753279769754,-1.889377724236955
0,0,4,0,0,0,0,0,0,0,3.256692827615996,0.8888888888888888,1.416666666666667,1.916666666666667,13.34990084043218,13.34990084043218,-1.19923894210781
0,0,9,0,0,0,0,0,0,0,3.673432415516779,0.59375,1.046875,1.53125,14.13273110666744,14.13273110666744,-1.824986075832966
0,0,13,1,0,1,0,0,1,1,1.626522117883999,0.5555555555555556,1.027777777777778,1.555555555555556,14.92458880715773,14.92458880715773,-1.854182135105078
1,0,8,0,0,0,1,0,0,0,3.684781637174738,0.7288135593220338,1.338983050847458,1.864406779661017,13.84175868667513,13.84175868667513,-1.618630314975845
0,0,3,0,0,0,0,0,0,0,3.133354029153734,1.107142857142857,1.714285714285714,2.214285714285714,12.9790736194488,12.9790736194488,-1.03853470291338
0,0,25,0,0,1,0,0,0,1,1.670398069256553,0.3378378378378378,0.6283783783783784,0.9864864864864865,14.45761934779636,14.45761934779636,-2.270159522283365
0,0,26,1,0,1,0,0,0,1,1.711765540741418,0.3522012578616352,0.6540880503144654,1.012578616352201,14.68797240722571,14.68797240722571,-2.282222096752972
0,0,5,0,0,0,0,0,0,0,3.384076346615208,0.813953488372093,1.372093023255814,1.883720930232558,13.62011785242318,13.62011785242318,-1.48724781875305
0,0,6,0,0,1,0,0,0,0,3.557508408044428,0.7777777777777778,1.333333333333333,1.87037037037037,13.82948160782159,13.82948160782159,-1.52304937894263
0,0,5,0,0,0,0,0,0,0,2.843920398288644,0.717948717948718,1.282051282051282,1.769230769230769,12.48726124991484,12.48726124991484,-1.557780154730312
0,0,5,0,0,0,0,0,0,0,2.77863480545523,0.8611111111111112,1.444444444444444,1.916666666666667,12.72725547341934,12.72725547341934,-1.575691250788654
0,0,4,1,0,0,0,0,0,1,2.959146320812906,0.813953488372093,1.348837209302326,1.883720930232558,13.61512464519274,13.61512464519274,-1.573054870865949
0,0,3,0,0,0,0,0,0,0,2.66306943354568,0.7741935483870968,1.290322580645161,1.67741935483871,12.97270990803729,12.97270990803729,-1.121154290616842
0,0,9,0,0,0,0,0,0,0,3.807016272757501,0.5833333333333334,1.041666666666667,1.527777777777778,14.00279362563708,14.00279362563708,-1.796449397028274
2,0,4,0,0,0,2,0,0,0,3.76571381380584,0.9767441860465116,1.534883720930233,2.023255813953488,13.69693446286024,13.69693446286024,-1.200102731430293
0,0,14,2,0,1,0,0,0,0,1.685942819928125,0.4594594594594595,0.8288288288288288,1.261261261261261,14.8039261503415,14.8039261503415,-1.905597481606625
0,0,5,0,0,0,0,0,0,0,3.459720969261627,0.9428571428571428,1.514285714285714,2.057142857142857,13.33547146282973,13.33547146282973,-1.521290981392582
0,0,4,0,0,0,0,0,0,0,3.501368437262699,1.0,1.628571428571429,2.228571428571429,13.43056334773732,13.43056334773732,-1.189074511739971
2,0,12,1,0,0,2,0,1,0,1.714029305003213,0.5652173913043478,1.010869565217391,1.510869565217391,14.40891594735285,14.40891594735285,-1.575840676931627
0,0,3,0,0,0,0,0,0,0,2.706140011142448,0.8,1.266666666666667,1.666666666666667,12.78597129518576,12.78597129518576,-1.285655339296213
0,0,1,0,0,0,0,0,0,0,2.105423111405592,1.266666666666667,1.733333333333333,2.0,11.39324074074074,11.39324074074074,-1.317314814814815
0,1,23,2,0,2,0,0,0,0,0.8488108548123279,0.3012820512820513,0.5833333333333334,0.9038461538461539,14.83993341694142,14.83993341694142,-2.271106481496919
0,0,25,1,0,2,0,0,1,0,1.698676796195472,0.3428571428571429,0.68,1.102857142857143,15.14118909725965,15.14118909725965,-2.048172295067693
0,0,26,1,0,2,0,0,1,0,1.702834194893039,0.3278688524590164,0.6502732240437158,1.054644808743169,15.17632639201585,15.17632639201585,-2.064806241728697
0,0,7,0,0,1,0,0,0,0,3.691096553239837,0.7213114754098361,1.245901639344262,1.737704918032787,14.03243280486026,14.03243280486026,-1.605672386619061
1,0,4,2,1,1,0,1,0,0,3.763547531938973,0.9423076923076923,1.615384615384615,2.307692307692307,13.96422498633219,13.96422498633219,-1.197755647478671
0,1,5,3,0,0,0,0,2,0,3.096682840381697,0.5882352941176471,1.0,1.470588235294118,13.92600390348722,13.92600390348722,-1.427158283115764
0,0,6,1,0,1,0,0,1,0,2.994219280586346,0.7551020408163265,1.285714285714286,1.816326530612245,13.53721036241974,13.53721036241974,-1.516980313594914
0,0,7,1,0,0,0,0,1,0,3.580750336948511,0.8301886792452831,1.415094339622641,1.962264150943396,13.5587944939935,13.5587944939935,-1.612855367877499
0,0,3,1,0,0,0,0,1,0,2.697945477798597,0.875,1.40625,1.875,12.66684247260275,12.66684247260275,-1.527455635591597
1,0,3,2,1,0,0,1,1,0,3.379132191880265,0.8604651162790697,1.534883720930233,2.186046511627907,13.56361347056423,13.56361347056423,-1.182890130046269
0,0,10,2,0,0,0,0,2,0,3.879423577956652,0.5822784810126582,1.063291139240506,1.544303797468354,14.51222830659633,14.51222830659633,-1.601164261622912
0,0,3,1,0,0,0,0,1,0,2.585704077683066,1.038461538461539,1.653846153846154,2.153846153846154,12.34427238179222,12.34427238179222,-1.272937374023683
0,0,2,0,0,0,0,0,0,0,2.99014617430575,1.347826086956522,1.956521739130435,2.434782608695652,12.54636534706475,12.54636534706475,-1.196707294028723
0,0,6,0,0,0,0,0,0,0,2.97419379560015,0.5625,0.9375,1.291666666666667,13.20075414292182,13.20075414292182,-1.933804446090668
0,0,6,0,0,0,0,0,0,0,2.918669104226767,0.5416666666666666,0.9166666666666666,1.3125,13.17291339680919,13.17291339680919,-1.931769981070091
0,0,5,1,0,0,0,0,1,0,2.910412872402492,0.7857142857142857,1.285714285714286,1.761904761904762,13.39230242367328,13.39230242367328,-1.751222763232768
1,0,6,1,1,0,0,1,0,0,3.358700112287893,0.8181818181818182,1.363636363636364,1.909090909090909,13.30364627017269,13.30364627017269,-1.547325731367142
1,0,6,1,1,0,0,1,0,0,3.329707848921204,0.7727272727272727,1.272727272727273,1.818181818181818,13.2647611605733,13.2647611605733,-1.544449692062531
0,0,4,0,0,0,0,0,0,1,2.64481116604955,0.9310344827586207,1.413793103448276,1.827586206896552,12.61813310972537,12.61813310972537,-1.582813929596939
0,0,4,1,0,1,0,0,1,0,3.01179967379777,0.7755102040816326,1.326530612244898,1.877551020408163,13.75002819265029,13.75002819265029,-1.62056914233446
0,0,7,1,0,0,0,0,0,0,3.678664388802833,0.7666666666666667,1.366666666666667,1.95,13.72544969070875,13.72544969070875,-1.559565230099628
0,0,5,1,0,1,0,0,0,0,3.570159816314,0.8490566037735849,1.452830188679245,2.018867924528302,14.09568950631702,14.09568950631702,-1.239901845319441
1,0,4,2,1,1,0,1,1,0,3.766235911051272,0.9622641509433962,1.622641509433962,2.283018867924528,14.24130317940976,14.24130317940976,-1.314674408830462
0,0,12,4,0,0,0,0,3,0,1.803642728737597,0.4444444444444444,0.8080808080808081,1.262626262626263,15.05322260106023,15.05322260106023,-1.634334624295924
0,0,1,1,0,0,0,0,1,0,2.373696623848251,1.263157894736842,1.842105263157895,2.315789473684211,11.62814027462837,11.62814027462837,-1.362622406987487
0,0,2,1,0,1,0,0,1,0,2.745672520189777,1.09375,1.6875,2.21875,12.87064276790963,12.87064276790963,-1.231455210170489
1,0,8,1,1,1,0,1,0,0,3.737233201867072,0.6081081081081081,1.027027027027027,1.486486486486486,13.97030765030369,13.97030765030369,-1.745279006039709
0,2,11,0,0,0,0,0,0,0,3.869060811361029,0.5,0.8648648648648649,1.27027027027027,13.63979238435482,13.63979238435482,-1.779536365394686
0,0,11,2,0,0,0,0,1,0,2.8554525103896,0.6091954022988506,1.137931034482759,1.701149425287356,14.9115699534766,14.9115699534766,-1.677510853308387
0,0,3,0,0,0,0,0,0,0,2.734032004424436,0.84375,1.4375,1.9375,12.60587048615232,12.60587048615232,-1.29393573633157
0,0,3,1,0,0,0,0,1,0,2.643032975542721,1.0,1.551724137931034,2.03448275862069,12.62079826992525,12.62079826992525,-1.278893350550097
0,0,2,0,0,0,0,0,0,0,3.054726455766835,1.208333333333333,1.791666666666667,2.291666666666667,12.57482064121945,12.57482064121945,-1.051036976391414
1,0,1,2,1,0,0,1,0,0,3.046281697979954,1.038461538461539,1.730769230769231,2.461538461538462,12.40076877047115,12.40076877047115,-1.081946945317255
0,0,4,1,0,2,0,0,1,0,3.084620920590991,0.6415094339622641,1.075471698113208,1.528301886792453,13.66020567816215,13.66020567816215,-1.503928301463371
0,0,2,1,0,1,0,0,1,0,2.757083641523964,0.9696969696969697,1.575757575757576,2.151515151515151,12.80293602576476,12.80293602576476,-1.173401924704684
0,0,5,0,0,0,0,0,0,0,3.527959452287722,0.8717948717948718,1.384615384615385,1.846153846153846,13.58494594882898,13.58494594882898,-1.323051815355797
0,0,2,0,0,0,0,0,0,1,3.051414024143924,1.416666666666667,2.083333333333333,2.625,12.55347706020731,12.55347706020731,-1.051314754169191
0,0,5,1,0,1,0,0,1,0,3.561575370331967,0.9215686274509803,1.490196078431373,2.058823529411764,13.83199005249601,13.83199005249601,-1.513096505808031
0,0,1,0,0,0,0,0,0,0,2.137612602553561,1.25,1.75,2.0625,11.38846371882086,11.38846371882086,-1.44925925925926
0,0,5,2,0,1,0,0,2,0,3.619773799441385,0.8113207547169812,1.377358490566038,1.924528301886792,14.00179387244619,14.00179387244619,-1.571639141502109
0,0,3,1,0,1,0,0,0,0,3.429204383164606,0.9743589743589743,1.615384615384615,2.179487179487179,13.16736868747601,13.16736868747601,-1.272594695451388
0,0,2,1,0,0,0,0,1,0,2.674173267164572,0.9333333333333333,1.533333333333333,2.066666666666667,12.50571655927446,12.50571655927446,-1.630018277985936
0,0,3,1,0,0,0,0,0,0,2.700581377907485,0.9333333333333333,1.566666666666667,2.133333333333333,12.61293315746103,12.61293315746103,-1.193399818416538
0,0,2,1,0,0,0,0,0,0,2.521684340907066,1.130434782608696,1.739130434782609,2.260869565217391,11.96963915658856,11.96963915658856,-1.416810861179999
0,0,3,1,0,1,0,0,0,0,2.914315363628763,0.8048780487804879,1.365853658536585,1.902439024390244,13.31722078416613,13.31722078416613,-1.475323751618742
0,0,3,1,0,0,0,0,1,0,3.217245474538109,1.193548387096774,1.838709677419355,2.419354838709677,12.73936546458191,12.73936546458191,-1.201634376424759
0,0,5,2,0,0,0,0,1,0,3.55233384354472,0.8367346938775511,1.448979591836735,2.040816326530612,13.84281397334171,13.84281397334171,-1.484591020772269
1,0,21,2,1,0,0,1,1,0,1.64667916358968,0.3703703703703703,0.7469135802469136,1.222222222222222,15.10634733954119,15.10634733954119,-2.100513431974592
0,0,6,2,0,0,0,0,1,0,3.620732599972891,0.7962962962962963,1.407407407407407,2.0,13.95781563376919,13.95781563376919,-1.504388676944397
1,0,10,3,1,1,0,1,1,0,1.823766528936404,0.5913978494623656,1.10752688172043,1.698924731182796,14.85197752662831,14.85197752662831,-1.959225700631745
2,1,19,0,0,1,2,0,0,0,1.51164410591185,0.432,0.8,1.216,14.36125498591725,14.36125498591725,-2.155873173733474
0,1,9,3,0,0,0,0,1,0,4.141549774399601,0.6,1.105882352941177,1.658823529411765,14.59990774075243,14.59990774075243,-1.930947361695851
0,0,7,3,0,0,0,0,2,0,3.780743958850924,0.6323529411764706,1.132352941176471,1.676470588235294,14.54703253005176,14.54703253005176,-1.617093595535591
1,0,10,1,0,1,1,0,1,0,4.102840545972878,0.7051282051282052,1.230769230769231,1.769230769230769,14.45430274858082,14.45430274858082,-1.746068767937643
1,0,7,2,1,0,0,1,0,0,3.558028623212622,0.6785714285714286,1.267857142857143,1.892857142857143,13.79371872809837,13.79371872809837,-1.272271369870796
1,0,7,0,0,0,1,0,0,0,3.516556746480121,0.7608695652173914,1.326086956521739,1.847826086956522,13.00129877844129,13.00129877844129,-1.549275678498573
0,0,1,1,0,0,0,0,1,0,2.451705696796847,1.285714285714286,1.857142857142857,2.333333333333333,12.00073664651046,12.00073664651046,-1.060617198925279
1,0,9,2,1,0,0,1,0,0,3.966005307527104,0.7205882352941176,1.264705882352941,1.852941176470588,14.48750783529123,14.48750783529123,-1.751059815502594
0,0,3,1,0,0,0,0,0,0,2.786808547629708,1.0625,1.71875,2.25,12.97652008450304,12.97652008450304,-1.090483682059606
1,0,4,1,1,1,0,1,0,1,3.419755668290189,0.9148936170212766,1.553191489361702,2.191489361702128,13.75964845294668,13.75964845294668,-1.774797299447777
0,0,6,1,0,0,0,0,1,1,3.10977481875027,0.6909090909090909,1.236363636363636,1.781818181818182,13.34875860980698,13.34875860980698,-1.205063222115812
0,0,4,1,0,1,0,0,0,0,2.917407585966641,0.8604651162790697,1.441860465116279,1.976744186046512,12.9013297196438,12.9013297196438,-1.673126695091461
0,0,2,0,0,0,0,0,0,0,2.405613871532331,1.0,1.545454545454545,1.954545454545455,11.85309854497354,11.85309854497354,-1.340733024691358
0,0,2,0,0,0,0,0,0,0,2.303931626821485,1.052631578947368,1.578947368421053,1.947368421052632,11.80949798437894,11.80949798437894,-1.137903281683043
0,0,3,0,0,1,0,0,0,0,3.230488927576828,1.057142857142857,1.685714285714286,2.228571428571429,13.14632196397077,13.14632196397077,-1.150853951285915
0,0,5,1,0,0,0,0,1,0,3.003724254261622,0.66,1.2,1.7,13.40089075419881,13.40089075419881,-1.692371872421094
0,0,5,1,0,1,0,0,0,0,3.083328610155887,0.6851851851851852,1.166666666666667,1.685185185185185,13.66459515221975,13.66459515221975,-1.671809708959487
0,1,9,0,0,0,0,0,0,0,3.721874408313249,0.65,1.183333333333333,1.683333333333333,12.97744556194855,12.97744556194855,-1.805276785256801
3,0,16,1,0,0,3,0,0,0,1.313627913464537,0.3884297520661157,0.7520661157024794,1.173553719008265,14.46283379991504,14.46283379991504,-2.125871967098048
0,0,8,0,0,0,0,0,0,0,3.184376684202525,0.5,0.90625,1.328125,13.75907859759085,13.75907859759085,-1.728975804721177
2,0,5,2,1,0,1,1,0,0,3.991385147224752,0.8596491228070176,1.56140350877193,2.280701754385965,13.96486930976978,13.96486930976978,-1.206168274106068
0,0,3,2,0,0,0,0,0,0,2.811558943820291,0.7878787878787878,1.333333333333333,1.848484848484848,12.40789232462406,12.40789232462406,-1.384242938949379
1,0,4,1,1,0,0,1,0,0,3.522323055507667,1.135135135135135,1.864864864864865,2.54054054054054,13.29703578548147,13.29703578548147,-1.275565867820662
1,0,2,2,1,1,0,1,1,0,3.290099312388395,0.9736842105263158,1.657894736842105,2.342105263157895,13.28022084246922,13.28022084246922,-1.24328273557867
0,0,8,0,0,0,0,0,0,1,3.691361692283041,0.6451612903225806,1.129032258064516,1.645161290322581,13.66941330399884,13.66941330399884,-1.860732172129059
0,0,4,1,0,0,0,0,1,0,2.896786835067421,0.7045454545454546,1.159090909090909,1.590909090909091,13.03321112536761,13.03321112536761,-1.871878716552377
1,0,2,1,1,1,0,1,0,0,3.120101494452827,1.193548387096774,1.903225806451613,2.580645161290323,12.43175974074565,12.43175974074565,-1.189130727059187
1,0,3,1,1,1,0,1,0,0,3.201034432711669,1.028571428571428,1.714285714285714,2.371428571428571,12.80460783776575,12.80460783776575,-1.266490683387398
0,0,9,0,0,0,0,0,0,0,3.856029858488787,0.5466666666666666,1.0,1.48,14.35026946255049,14.35026946255049,-1.730822082269887
0,0,6,0,0,0,0,0,0,0,2.982103263570459,0.5957446808510638,1.042553191489362,1.446808510638298,13.22011401862984,13.22011401862984,-1.814981667226575
0,0,5,0,0,0,0,0,0,0,2.900695151613825,0.6428571428571429,1.071428571428571,1.452380952380952,13.12759220944594,13.12759220944594,-1.750089064856069
0,0,4,1,0,0,0,0,1,0,2.946789542036542,0.6444444444444445,1.111111111111111,1.577777777777778,13.47760979287775,13.47760979287775,-1.625085639597101
0,0,5,0,0,0,0,0,0,1,3.469234112373476,0.8260869565217391,1.456521739130435,2.021739130434783,13.73885676687004,13.73885676687004,-1.13995897020677
0,0,6,0,0,0,0,0,0,0,2.952385762048082,0.6382978723404256,1.085106382978723,1.51063829787234,13.42548364581013,13.42548364581013,-1.742466361849069
0,0,5,0,0,0,0,0,0,0,2.925339159655567,0.5581395348837209,0.9534883720930233,1.372093023255814,13.33884648298308,13.33884648298308,-1.620974270921504
0,0,7,0,0,0,0,0,0,0,3.497000688210748,0.7755102040816326,1.346938775510204,1.877551020408163,13.24650481283085,13.24650481283085,-1.646383983366619
0,0,5,1,0,0,0,0,1,0,3.010343064353399,0.6274509803921569,1.058823529411765,1.490196078431373,13.26862977030762,13.26862977030762,-1.933090087479553
0,0,9,2,0,0,0,0,2,0,2.645591221698056,0.4044943820224719,0.7415730337078652,1.146067415730337,14.48913372605228,14.48913372605228,-2.103060566553237
0,0,6,2,0,0,0,0,2,0,3.242434836301197,0.5,0.8787878787878788,1.287878787878788,14.17740266464395,14.17740266464395,-1.961969385912816
0,0,6,0,0,0,0,0,0,0,3.769320130179177,0.75,1.326923076923077,1.846153846153846,13.80966730132137,13.80966730132137,-1.519249666960394
0,0,2,1,0,0,0,0,1,0,2.543045881549571,1.08,1.64,2.12,12.09767563198119,12.09767563198119,-1.235524691358024
0,0,2,2,0,0,0,0,1,0,2.686082191054714,0.8620689655172413,1.379310344827586,1.931034482758621,12.79488793356849,12.79488793356849,-1.205180041152263
0,1,1,0,0,0,0,0,0,1,2.208802213436314,1.6,2.2,2.6,11.37998834719073,11.37998834719073,-1.101466180608045
0,0,8,0,0,0,0,0,0,0,3.90541657036882,0.6037735849056604,0.9811320754716981,1.377358490566038,13.27231566630093,13.27231566630093,-1.589867907262404
0,0,2,1,0,0,0,0,0,0,2.653159551124196,1.0,1.571428571428571,2.071428571428572,12.48796241181658,12.48796241181658,-1.432657890316621
0,0,2,1,0,0,0,0,0,0,2.572169042695041,1.08,1.72,2.28,11.81717164798018,11.81717164798018,-1.192880395985555
0,0,8,1,0,2,0,0,0,0,3.798259899561458,0.6285714285714286,1.157142857142857,1.714285714285714,14.19016060109856,14.19016060109856,-1.623029788974586
0,0,8,0,0,0,0,0,0,0,3.71113329119396,0.6212121212121212,1.181818181818182,1.727272727272727,14.04601087825869,14.04601087825869,-1.477885195328347
0,0,1,0,0,0,0,0,0,0,2.633033232702988,1.571428571428571,2.214285714285714,2.714285714285714,11.4687962962963,11.4687962962963,-1.012972411186697
0,0,4,2,0,1,0,0,1,0,3.050419390240321,0.72,1.22,1.78,13.768040710175,13.768040710175,-1.610326147956643
1,0,4,0,0,0,1,0,0,0,3.299980427653699,0.8888888888888888,1.5,1.972222222222222,12.82161692033716,12.82161692033716,-1.17904424232707
0,0,2,1,0,0,0,0,0,1,2.67734177854608,1.0,1.620689655172414,2.172413793103448,12.52046457280494,12.52046457280494,-1.197694351044403
1,0,3,2,1,1,0,1,0,0,3.390475208136919,0.8863636363636364,1.522727272727273,2.181818181818182,13.788357907608,13.788357907608,-1.200414498060446
0,0,8,0,0,1,0,0,0,0,3.928621208987343,0.6666666666666666,1.111111111111111,1.555555555555556,13.42711827593184,13.42711827593184,-1.317868040947874
3,0,4,3,3,0,0,3,0,0,3.841347283289549,0.5686274509803921,0.9607843137254902,1.431372549019608,13.93978061724236,13.93978061724236,-1.539737305408822
2,0,3,3,2,0,0,2,0,0,3.667186331151364,0.6304347826086957,1.130434782608696,1.717391304347826,13.51043364697277,13.51043364697277,-1.479270221970509
1,0,3,3,1,1,0,1,0,0,3.481268749887447,0.7291666666666666,1.270833333333333,1.895833333333333,13.78163628420708,13.78163628420708,-1.244684194459038
1,0,4,2,1,1,0,1,0,0,3.423307222724012,0.8043478260869565,1.41304347826087,2.065217391304348,13.51992442353689,13.51992442353689,-1.340496443940778
1,0,3,2,1,1,0,1,0,0,3.38941544868739,0.8863636363636364,1.522727272727273,2.181818181818182,13.66909889344729,13.66909889344729,-1.199001057735915
2,0,3,2,2,1,0,2,0,0,3.650913107463443,0.75,1.229166666666667,1.708333333333333,13.98074755469732,13.98074755469732,-1.755017413487017
1,0,3,3,1,0,0,1,2,0,3.476766545858385,0.6875,1.229166666666667,1.833333333333333,13.94406856000741,13.94406856000741,-1.210529191588649
3,0,3,3,3,0,0,3,0,0,3.841347283289549,0.5490196078431373,0.9411764705882353,1.411764705882353,13.89896429071174,13.89896429071174,-1.664737305408822
2,0,3,3,2,0,0,2,1,0,3.670455063874361,0.7083333333333334,1.25,1.8125,13.80438702925636,13.80438702925636,-1.554229069707133
0,0,4,1,0,2,0,0,1,0,2.941872163084814,0.7272727272727273,1.227272727272727,1.75,13.45960155348232,13.45960155348232,-1.47419915528028
0,0,3,0,0,0,0,0,0,0,2.385853726833439,1.052631578947368,1.684210526315789,2.157894736842105,11.3520064877803,11.3520064877803,-1.290158730158731
0,0,3,0,0,0,0,0,0,0,2.383629508459663,0.9473684210526315,1.421052631578947,1.894736842105263,11.17553681657848,11.17553681657848,-1.203767609237937
0,0,5,2,0,1,0,0,2,0,3.076847117997896,0.6538461538461539,1.153846153846154,1.673076923076923,13.6027304105085,13.6027304105085,-1.43914832322456
0,0,9,2,0,1,0,0,1,0,3.285510403449191,0.5571428571428572,1.057142857142857,1.614285714285714,13.76653258279684,13.76653258279684,-1.867703778668806
0,0,2,0,0,1,0,0,0,0,2.477198134690457,1.125,1.708333333333333,2.166666666666667,12.02703102691694,12.02703102691694,-1.177237654320987
0,0,4,1,0,1,0,0,1,0,2.873954765256063,0.8292682926829268,1.390243902439024,1.926829268292683,13.25713845704698,13.25713845704698,-1.505270849080373
0,0,3,1,0,0,0,0,1,0,3.219238961464737,1.1875,1.84375,2.4375,12.77133057018338,12.77133057018338,-1.200275984613071
0,0,7,1,0,0,0,0,1,0,3.602660030121065,0.8545454545454545,1.454545454545455,2.0,13.50430939252519,13.50430939252519,-1.439132201923826
0,0,6,1,0,1,0,0,0,0,3.556241537164661,0.94,1.62,2.22,13.9009964511892,13.9009964511892,-1.271306156415556
1,0,3,1,1,0,0,1,0,0,3.21318105772407,1.0,1.694444444444444,2.333333333333333,12.86857360474288,12.86857360474288,-1.324378847777707
0,0,9,1,0,1,0,0,0,0,3.752989364520084,0.7313432835820896,1.328358208955224,1.91044776119403,14.49838580054417,14.49838580054417,-1.433985686439426
1,0,2,1,1,0,0,1,0,0,3.084208070198366,1.032258064516129,1.67741935483871,2.290322580645161,12.66482056248425,12.66482056248425,-1.450897082598472
1,0,5,1,1,0,0,1,0,0,3.344989757357557,0.8863636363636364,1.545454545454545,2.159090909090909,13.0578426672562,13.0578426672562,-1.432145547963515
0,0,6,1,0,0,0,0,1,0,3.042477655225686,0.7058823529411765,1.235294117647059,1.745098039215686,13.57190718931411,13.57190718931411,-1.311118913039661
1,0,4,2,1,0,0,1,1,0,3.914393284472371,0.8125,1.479166666666667,2.166666666666667,14.19980250215692,14.19980250215692,-1.220372231789703
0,0,3,0,0,0,0,0,0,0,2.564245188467602,0.9629629629629629,1.555555555555556,2.037037037037037,12.47194467023877,12.47194467023877,-1.170820630575112
0,0,2,1,0,0,0,0,1,0,3.337480834661297,1.185185185185185,1.925925925925926,2.555555555555555,12.70551151633493,12.70551151633493,-1.134483287142016
0,0,4,0,0,1,0,0,0,0,3.364970927516869,0.9512195121951219,1.536585365853659,2.073170731707317,13.05620657322735,13.05620657322735,-1.402983620562293
1,0,3,1,1,1,0,1,0,0,3.562580524425287,1.170731707317073,1.902439024390244,2.585365853658537,13.51615859751058,13.51615859751058,-1.21754571799617
1,0,6,1,0,0,1,0,0,0,3.909508406883493,0.847457627118644,1.474576271186441,2.067796610169491,13.92200177040743,13.92200177040743,-1.786288402408324
1,0,7,2,0,0,1,0,1,0,4.052914482450508,0.7323943661971831,1.295774647887324,1.845070422535211,14.51460962179449,14.51460962179449,-1.840022875071397
0,0,7,2,0,0,0,0,0,0,3.7365590371788,0.6984126984126984,1.253968253968254,1.80952380952381,14.10079101000233,14.10079101000233,-1.560663916985801
1,0,4,1,1,1,0,1,0,0,3.699502739446208,1.0,1.708333333333333,2.375,13.44063161063849,13.44063161063849,-1.445186207347657
0,0,4,2,0,1,0,0,1,0,3.559762586763072,0.9,1.48,2.06,13.99698985531469,13.99698985531469,-1.28529344410179
0,0,5,0,0,1,0,0,0,0,3.495777944661581,0.7647058823529411,1.254901960784314,1.745098039215686,13.58544100248523,13.58544100248523,-1.656906407829374
1,0,2,1,1,1,0,1,0,0,3.116035261267853,1.161290322580645,1.838709677419355,2.483870967741935,12.90949543860754,12.90949543860754,-1.193945664558038
0,0,7,1,0,0,0,0,0,0,3.861152299544906,0.6949152542372882,1.186440677966102,1.677966101694915,14.29998738736549,14.29998738736549,-1.588649484265344
0,0,6,2,0,0,0,0,0,0,3.85793601963158,0.7407407407407407,1.277777777777778,1.814814814814815,13.54775033995438,13.54775033995438,-1.45602511300639
0,0,8,1,0,0,0,0,0,0,3.916290161273427,0.6774193548387096,1.17741935483871,1.709677419354839,14.17814812033865,14.17814812033865,-1.391290500245843
0,0,5,1,0,1,0,0,1,0,3.787954199591954,0.8679245283018868,1.471698113207547,2.037735849056604,14.0534333586649,14.0534333586649,-1.237297640294714
2,0,5,3,2,0,0,2,1,0,3.954511208786024,0.7543859649122807,1.350877192982456,1.964912280701754,14.53190558470407,14.53190558470407,-1.406594281573281
0,0,4,1,0,0,0,0,0,0,3.406932813868446,0.975,1.625,2.2,13.53963042599264,13.53963042599264,-1.369462179168168
0,0,4,0,0,0,0,0,0,0,3.365769134067136,0.8461538461538461,1.358974358974359,1.846153846153846,13.26899676066478,13.26899676066478,-1.08135374180093
0,0,4,0,0,0,0,0,0,0,2.747413416594673,0.7428571428571429,1.314285714285714,1.8,12.82576053581059,12.82576053581059,-1.20749716484986
0,0,4,0,0,0,0,0,0,0,3.300776576395497,1.0,1.657142857142857,2.2,13.03344217032033,13.03344217032033,-1.339028555802997
0,0,3,0,0,0,0,0,0,0,3.198790727250202,1.0625,1.71875,2.25,13.13125614679491,13.13125614679491,-1.040354741629976
0,0,6,0,0,0,0,0,0,0,2.940887201014781,0.7674418604651163,1.395348837209302,1.906976744186047,12.97835039568976,12.97835039568976,-1.305558399396923
0,0,5,1,0,1,0,0,0,0,3.087378015714282,0.8,1.36,1.92,13.67137698640945,13.67137698640945,-1.615595067826111
1,0,5,0,0,0,1,0,0,0,3.322547817549919,0.8888888888888888,1.416666666666667,1.888888888888889,12.28824099584733,12.28824099584733,-1.268048468192125
0,0,6,0,0,1,0,0,0,0,3.076770733896766,0.660377358490566,1.150943396226415,1.622641509433962,13.45828959947903,13.45828959947903,-1.687022196903184
0,0,4,0,0,1,0,0,0,0,3.553592095661692,1.078947368421053,1.815789473684211,2.421052631578947,13.31400096869898,13.31400096869898,-1.09817447140702
1,0,2,1,1,0,0,1,0,0,3.08550318375956,1.032258064516129,1.67741935483871,2.290322580645161,12.5635607468296,12.5635607468296,-1.450897082598472
0,0,3,2,0,0,0,0,0,0,2.872085187836019,0.7105263157894737,1.131578947368421,1.578947368421053,13.1641717497503,13.1641717497503,-1.640520702108004
1,0,2,1,1,0,0,1,0,0,3.125177645877193,1.096774193548387,1.774193548387097,2.387096774193548,12.57583569538927,12.57583569538927,-1.453773121903082
0,0,4,0,0,0,0,0,0,0,2.715658560663628,0.8484848484848485,1.424242424242424,1.909090909090909,12.48204102057832,12.48204102057832,-1.338897006205808
0,0,4,1,0,0,0,0,0,0,2.821369846638951,0.7368421052631579,1.236842105263158,1.710526315789474,12.72123418984214,12.72123418984214,-1.570806488752016
0,0,3,2,0,0,0,0,2,0,2.885681313187207,0.6829268292682927,1.097560975609756,1.536585365853659,13.38141811712259,13.38141811712259,-1.436480342045958
0,0,9,1,0,1,0,0,0,0,3.335809516771608,0.56,1.053333333333333,1.573333333333333,14.07379575677759,14.07379575677759,-1.484030252521165
0,0,2,1,0,1,0,0,0,0,2.620934191764376,1.148148148148148,1.814814814814815,2.407407407407407,11.97359096397568,11.97359096397568,-1.182147666321131
0,0,3,0,0,1,0,0,0,0,2.596607077099103,1.0,1.586206896551724,2.068965517241379,12.51595063901747,12.51595063901747,-1.192869933531008
0,0,4,1,0,0,0,0,0,0,2.908764245640827,0.7692307692307693,1.307692307692308,1.82051282051282,13.35732004560828,13.35732004560828,-1.216074350304658
0,0,5,1,0,1,0,0,1,0,3.117763261934531,0.7454545454545455,1.290909090909091,1.818181818181818,13.77863859279786,13.77863859279786,-1.609478804670575
0,0,7,0,0,0,0,0,0,0,2.891195900199218,0.5227272727272727,0.8409090909090909,1.227272727272727,13.38205052281563,13.38205052281563,-1.510286351917251
0,0,10,2,0,0,0,0,1,0,4.288340581043624,0.5822784810126582,1.025316455696202,1.518987341772152,14.68400805229081,14.68400805229081,-1.598325160171401
0,0,9,1,0,1,0,0,0,1,3.861095172456708,0.72,1.293333333333333,1.826666666666667,14.37778827277511,14.37778827277511,-1.59572970631743
0,0,5,0,0,0,0,0,0,0,3.49343500418095,0.8837209302325582,1.488372093023256,2.0,13.38860688862281,13.38860688862281,-1.575317203257434
0,0,3,1,0,0,0,0,0,0,3.222865832579057,1.125,1.78125,2.375,12.92520034637414,12.92520034637414,-1.140881432038954
0,0,3,0,0,0,0,0,0,1,2.40809826428685,1.136363636363636,1.681818181818182,2.090909090909091,12.11217876039305,12.11217876039305,-1.436128117913833
0,1,2,0,0,0,0,0,0,1,2.558040983611638,1.125,1.75,2.25,12.36003519463341,12.36003519463341,-1.108912903124212
1,0,2,1,1,1,0,1,0,0,3.116214604703142,1.166666666666667,1.9,2.566666666666667,12.80282499265138,12.80282499265138,-1.192434604887256
1,0,2,1,1,0,0,1,0,0,3.094401495705547,1.137931034482759,1.862068965517241,2.551724137931035,12.39423470103529,12.39423470103529,-1.120430330233791
1,0,3,1,1,0,0,1,0,0,3.178073581918989,1.0,1.696969696969697,2.363636363636364,12.74142625340362,12.74142625340362,-1.197790286562
1,0,2,1,1,0,0,1,0,0,3.078760958454924,1.178571428571429,1.928571428571429,2.642857142857143,12.18381803436863,12.18381803436863,-1.117837737641198
1,0,2,1,1,0,0,1,0,0,3.025398224015076,1.071428571428571,1.714285714285714,2.321428571428572,12.44261802406148,12.44261802406148,-1.443686198244731
0,0,10,3,0,1,0,0,0,0,3.478986577481626,0.475609756097561,0.8780487804878049,1.317073170731707,14.21235491467711,14.21235491467711,-1.513411921452465
0,0,5,3,0,0,0,0,2,0,3.896076104620149,0.6379310344827587,1.086206896551724,1.568965517241379,14.38755923992658,14.38755923992658,-1.308442078493561
0,0,10,1,0,0,0,0,0,0,4.289920770712995,0.5454545454545454,0.935064935064935,1.350649350649351,14.51229304476052,14.51229304476052,-1.475801826172329
0,0,8,2,0,0,0,0,0,0,4.043403755153383,0.6197183098591549,1.154929577464789,1.661971830985915,14.46144118748213,14.46144118748213,-1.506754720047571
0,0,11,0,0,1,0,0,0,0,4.05839204605627,0.5641025641025641,1.051282051282051,1.576923076923077,14.2917561172729,14.2917561172729,-1.675966285114871
0,0,2,0,0,0,0,0,0,0,2.389138380578249,1.15,1.7,2.1,11.96838687326782,11.96838687326782,-1.135658102619682
2,0,13,1,0,0,2,0,0,0,1.894522585613239,0.5494505494505495,0.989010989010989,1.483516483516484,14.35432961365485,14.35432961365485,-1.972982835480902
0,0,10,1,0,1,0,0,1,0,3.909057773383379,0.6153846153846154,1.102564102564103,1.58974358974359,13.94008395144088,13.94008395144088,-1.681107584615829
0,0,5,0,0,0,0,0,0,0,3.301095752693994,0.8918918918918919,1.486486486486486,2.027027027027027,12.84248231694629,12.84248231694629,-1.167407878538034
0,0,5,0,0,0,0,0,0,0,3.256719597034489,1.117647058823529,1.794117647058824,2.382352941176471,12.68862030918339,12.68862030918339,-1.521674105616309
0,0,5,1,0,0,0,0,0,0,3.690806816448866,0.8478260869565217,1.456521739130435,2.043478260869565,13.73862366020434,13.73862366020434,-1.588850954521639
0,0,5,3,0,1,0,0,2,0,3.727096524828549,0.6935483870967742,1.225806451612903,1.806451612903226,14.42784930392168,14.42784930392168,-1.684940301358797
1,0,5,2,0,1,1,0,0,0,3.708862578140473,0.6333333333333333,1.083333333333333,1.516666666666667,14.17064549320349,14.17064549320349,-1.80030397179212
1,0,6,2,1,0,0,1,0,0,3.943389489315086,0.671875,1.265625,1.90625,14.30825319300589,14.30825319300589,-1.513834759580751
0,0,15,0,0,0,0,0,0,0,0.8842055131334502,0.3302752293577982,0.6697247706422018,1.091743119266055,13.83787192381321,13.83787192381321,-2.156032707935811
0,0,17,0,0,0,0,0,0,0,1.621773810552297,0.4519230769230769,0.8557692307692307,1.307692307692308,14.06547261538194,14.06547261538194,-1.844284827408463
2,1,4,1,0,0,2,0,1,0,3.698742831889291,0.7674418604651163,1.255813953488372,1.674418604651163,13.5417229010732,13.5417229010732,-1.363438125828479
0,0,5,1,0,1,0,0,1,0,3.506231066438259,0.9583333333333334,1.604166666666667,2.1875,13.91935920601092,13.91935920601092,-1.247167735636893
0,0,6,0,0,1,0,0,0,0,3.486994480285953,0.9361702127659575,1.595744680851064,2.148936170212766,13.72698535772999,13.72698535772999,-1.48798935877021
1,0,7,1,0,0,1,0,1,0,3.885864946665406,0.864406779661017,1.491525423728814,2.067796610169491,13.7401498147931,13.7401498147931,-1.585828269343433
0,0,4,1,0,1,0,0,1,0,3.468361065976346,1.022222222222222,1.666666666666667,2.244444444444444,13.87963315337465,13.87963315337465,-1.405259032639551
0,0,8,1,0,1,0,0,0,0,3.700195843709329,0.7540983606557377,1.344262295081967,1.950819672131147,13.53581187459785,13.53581187459785,-1.720546636715554
0,0,8,1,0,1,0,0,0,0,3.961781119498425,0.7164179104477612,1.223880597014925,1.716417910447761,14.14235835049291,14.14235835049291,-1.663421239356277
0,0,2,0,0,1,0,0,0,1,2.519468900960617,1.25,1.916666666666667,2.458333333333333,11.73608465608466,11.73608465608466,-1.17206156684692
1,1,3,1,0,0,1,0,0,0,3.342005124190914,0.9166666666666666,1.527777777777778,2.083333333333333,12.76064016118895,12.76064016118895,-1.546290080336798
1,0,9,2,1,0,0,1,0,0,4.217509242760295,0.5783132530120482,1.120481927710843,1.734939759036145,14.28593408408863,14.28593408408863,-2.000915573944035
0,0,11,2,0,1,0,0,0,0,1.637944078920418,0.4574468085106383,0.8297872340425532,1.234042553191489,14.66847049638705,14.66847049638705,-2.2134666202727
0,0,13,2,0,0,0,0,0,0,1.787058611688128,0.4421052631578947,0.8315789473684211,1.252631578947368,14.52889335230563,14.52889335230563,-1.609898910452651
0,0,7,1,0,0,0,0,0,0,3.934267934923739,0.7049180327868853,1.295081967213115,1.852459016393443,13.91077812735863,13.91077812735863,-1.821387271688216
0,0,6,0,0,0,0,0,0,0,3.797751677715487,0.5892857142857143,1.017857142857143,1.5,14.27711516574137,14.27711516574137,-1.089935216997875
0,0,7,1,0,0,0,0,1,0,3.690337899579049,0.75,1.316666666666667,1.85,13.9512222075007,13.9512222075007,-1.688247045442421
0,0,8,0,0,0,0,0,0,1,4.134391544744243,0.6268656716417911,1.119402985074627,1.611940298507463,14.23057721432626,14.23057721432626,-1.342171122722531
0,0,3,0,0,0,0,0,0,0,2.620238588982295,0.7419354838709677,1.193548387096774,1.580645161290323,12.78345177731586,12.78345177731586,-1.314169474888722
0,0,3,0,0,0,0,0,0,0,3.264208919589203,1.074074074074074,1.666666666666667,2.259259259259259,12.54136692632364,12.54136692632364,-1.028813530804387
0,0,5,1,0,0,0,0,0,0,3.432552384683987,1.024390243902439,1.682926829268293,2.268292682926829,12.75732887562589,12.75732887562589,-1.498749215684642
1,0,6,1,1,1,0,1,0,0,3.884384398737661,0.8387096774193549,1.467741935483871,2.096774193548387,14.19554018554029,14.19554018554029,-1.567478634694644
0,0,4,2,0,1,0,0,0,0,3.525654576406422,0.8666666666666667,1.422222222222222,1.977777777777778,13.67674106622294,13.67674106622294,-1.108284415262889
0,0,4,0,0,0,0,0,0,0,3.331842316366656,0.9722222222222222,1.666666666666667,2.25,12.72711202287771,12.72711202287771,-1.318921499195183
0,0,4,2,0,0,0,0,1,0,3.465325806485897,0.8604651162790697,1.511627906976744,2.13953488372093,12.98281946093346,12.98281946093346,-1.505999243742439
1,0,4,1,1,0,0,1,0,0,3.698345649378678,1.025641025641026,1.692307692307692,2.384615384615385,13.08472686951378,13.08472686951378,-1.189685675690054
0,0,8,1,0,0,0,0,1,0,3.959344424669976,0.6923076923076923,1.246153846153846,1.8,14.03498946269212,14.03498946269212,-1.435885534837485
0,0,4,0,0,1,0,0,0,0,2.922759977747658,0.7954545454545454,1.340909090909091,1.818181818181818,13.2116905550177,13.2116905550177,-1.620039685272127
0,0,7,0,0,0,0,0,0,0,4.029853671358816,0.6206896551724138,1.068965517241379,1.568965517241379,14.07342671578296,14.07342671578296,-1.360870803743417
0,0,5,0,0,1,0,0,0,0,3.485564443301141,0.8775510204081632,1.469387755102041,1.979591836734694,13.54219095233763,13.54219095233763,-1.703326601196059
0,0,10,0,0,0,0,0,0,0,3.246305400009331,0.5147058823529411,0.9558823529411765,1.382352941176471,14.05573150288951,14.05573150288951,-1.710111926534995
0,0,5,1,0,1,0,0,0,0,3.827046367896498,0.8148148148148148,1.462962962962963,2.092592592592593,14.27599900645041,14.27599900645041,-1.554132466809496
1,0,7,1,0,0,1,0,0,0,4.082424323893457,0.7540983606557377,1.360655737704918,1.950819672131147,14.07794660331077,14.07794660331077,-1.229522800815121
0,0,6,2,0,1,0,0,1,0,3.946226051559736,0.75,1.265625,1.765625,14.45542278232334,14.45542278232334,-1.648785674474581
0,0,5,0,0,0,0,0,0,0,3.629223661884329,0.8333333333333334,1.357142857142857,1.80952380952381,13.68654583992375,13.68654583992375,-1.506013733583284
0,0,3,1,0,1,0,0,0,0,2.819540631318923,1.057142857142857,1.714285714285714,2.285714285714286,12.75565134176928,12.75565134176928,-1.217916381332912
0,0,3,1,0,1,0,0,0,0,2.872174575253209,0.9487179487179487,1.564102564102564,2.102564102564103,13.34755704849642,13.34755704849642,-1.210234030614848
0,0,4,1,0,1,0,0,0,0,2.869386232121669,0.875,1.425,1.95,13.24055858263109,13.24055858263109,-1.237590125556396
0,0,3,1,0,1,0,0,0,0,2.79776765826306,0.9444444444444444,1.555555555555556,2.111111111111111,12.9496833884176,12.9496833884176,-1.161026475870677
0,0,2,1,0,0,0,0,0,0,2.668022989088242,1.0,1.620689655172414,2.172413793103448,12.81588977605888,12.81588977605888,-1.10155223803291
0,0,2,1,0,0,0,0,0,0,2.667898951154221,1.0,1.620689655172414,2.172413793103448,12.75573561254162,12.75573561254162,-1.129340303876531
0,0,10,0,0,0,0,0,0,1,4.042921946378796,0.4810126582278481,0.8354430379746836,1.253164556962025,14.16841610245077,14.16841610245077,-2.019269858442046
0,0,3,0,0,0,0,0,0,0,3.387007725799032,0.7692307692307693,1.192307692307692,1.692307692307692,13.0276881771227,13.0276881771227,-0.9979314684500464
0,0,4,1,0,0,0,0,1,0,3.725828826615396,0.8571428571428571,1.357142857142857,1.904761904761905,13.9791629706673,13.9791629706673,-1.042483095855047
0,0,6,0,0,0,0,0,0,1,3.757140467977828,0.875,1.479166666666667,2.020833333333333,13.67247490641168,13.67247490641168,-1.340561647956186
0,0,10,0,0,0,0,0,0,0,4.003450867173293,0.6290322580645161,1.112903225806452,1.612903225806452,13.70513946027801,13.70513946027801,-1.522027140713842
0,0,10,2,0,1,0,0,1,0,0.8869202158227606,0.4787234042553192,0.8723404255319149,1.308510638297872,14.68009913471053,14.68009913471053,-2.110610542388843
1,0,11,1,0,1,1,0,1,0,1.822620809697902,0.6595744680851063,1.212765957446809,1.74468085106383,14.63505147838831,14.63505147838831,-1.903589390116351
0,0,7,2,0,0,0,0,2,0,3.220373030939903,0.5873015873015873,1.015873015873016,1.476190476190476,13.73289249672695,13.73289249672695,-1.968738911704142
0,0,6,0,0,0,0,0,0,1,3.724380016340517,0.8541666666666666,1.458333333333333,2.0,13.66558555838597,13.66558555838597,-1.337685608651576
0,2,4,1,0,0,0,0,1,0,2.835579221439891,0.8571428571428571,1.4,1.914285714285714,12.39546304911195,12.39546304911195,-1.29258341377127
1,0,4,1,1,0,0,1,0,0,3.267026888806562,0.9444444444444444,1.611111111111111,2.25,12.49458224141461,12.49458224141461,-1.412537712113935
0,1,5,1,0,0,0,0,0,0,3.510126750696689,0.9761904761904762,1.595238095238095,2.142857142857143,13.23049882384808,13.23049882384808,-1.319060325780655
1,0,5,1,1,0,0,1,0,0,3.706055935593751,0.9583333333333334,1.625,2.270833333333333,13.68349499803093,13.68349499803093,-1.435312864042642
0,0,7,2,0,0,0,0,1,0,3.702871056734065,0.7333333333333333,1.316666666666667,1.883333333333333,13.49048096924014,13.49048096924014,-1.606993804524359
0,0,10,1,0,1,0,0,0,0,3.848590269331452,0.6623376623376623,1.246753246753247,1.818181818181818,14.25786247646175,14.25786247646175,-1.725212798606967
1,0,5,2,0,1,1,0,1,0,3.714359652129705,0.6885245901639344,1.19672131147541,1.737704918032787,14.09851248309925,14.09851248309925,-1.318685864777644
1,0,2,1,1,0,0,1,0,0,3.400341123145403,1.258064516129032,2.032258064516129,2.774193548387097,12.91659311758067,12.91659311758067,-1.1176013582983
0,0,2,0,0,1,0,0,0,0,2.976954089381853,1.347826086956522,2.043478260869565,2.652173913043478,11.98212599804997,11.98212599804997,-1.030695162387983
0,0,7,0,0,1,0,0,0,0,3.654163037612908,0.6779661016949152,1.11864406779661,1.542372881355932,13.70783785701701,13.70783785701701,-1.680779505747837
0,0,4,0,0,0,0,0,0,0,3.600695797569871,1.0,1.676470588235294,2.294117647058823,13.09772400308669,13.09772400308669,-1.045546085709065
0,0,11,0,0,0,0,0,0,0,4.029820252773449,0.6111111111111112,1.138888888888889,1.666666666666667,14.08381137967052,14.08381137967052,-1.742631827490507
0,0,7,0,0,0,0,0,0,0,3.368435768184302,0.8717948717948718,1.512820512820513,2.076923076923077,12.82103439786791,12.82103439786791,-1.592729580774764
0,0,7,1,0,0,0,0,1,0,4.018488675736927,0.711864406779661,1.203389830508474,1.728813559322034,13.98858872959405,13.98858872959405,-1.286441176066208
0,1,5,0,0,0,0,0,0,0,3.353262313525645,1.026315789473684,1.631578947368421,2.131578947368421,13.16560114762058,13.16560114762058,-1.591481190964065
0,0,5,0,0,0,0,0,0,0,2.593680859574954,0.8888888888888888,1.444444444444444,2.0,11.74320329525763,11.74320329525763,-1.229907137961679
1,0,5,2,0,0,1,0,1,0,3.89794565808136,0.8421052631578947,1.508771929824561,2.140350877192982,14.21762889750154,14.21762889750154,-1.265701624495137
0,0,4,1,0,1,0,0,0,0,3.496483466402102,0.9574468085106383,1.617021276595745,2.212765957446809,13.93370995328291,13.93370995328291,-1.464138851576206
0,0,3,1,0,0,0,0,0,0,3.50121782858839,1.058823529411765,1.794117647058824,2.411764705882353,13.42688614222344,13.42688614222344,-1.037362141351555
0,0,3,1,0,0,0,0,0,0,3.275387629616776,0.9714285714285714,1.571428571428571,2.142857142857143,13.40081238977072,13.40081238977072,-1.042749011016507
0,0,4,1,0,0,0,0,1,0,3.622163265678276,0.8604651162790697,1.441860465116279,2.023255813953488,13.73080843853235,13.73080843853235,-1.173053554267979
0,0,5,1,0,0,0,0,1,0,3.85869626786963,0.74,1.3,1.88,14.31186404843286,14.31186404843286,-1.092008943754525
2,0,8,1,1,0,1,1,0,0,4.050697825473868,0.8059701492537313,1.447761194029851,2.059701492537314,14.30375246070761,14.30375246070761,-1.810131358142034
0,0,6,1,0,0,0,0,1,0,3.939845088161065,0.6964285714285714,1.196428571428571,1.732142857142857,14.17863851027202,14.17863851027202,-1.547059266358811
0,0,7,1,0,0,0,0,0,0,3.569442752229922,0.88,1.54,2.12,13.74308623511226,13.74308623511226,-1.411363770897746
1,0,10,1,1,0,0,1,0,0,3.972171381781937,0.7536231884057971,1.36231884057971,1.971014492753623,14.36847108986849,14.36847108986849,-1.554559172264171
0,0,1,1,0,0,0,0,0,0,2.926472571084235,1.368421052631579,2.105263157894737,2.684210526315789,11.91344891660368,11.91344891660368,-1.004444444444443
0,0,2,2,0,0,0,0,2,0,3.253700053733016,0.96875,1.5,2.03125,12.90559549177615,12.90559549177615,-1.188583254034192
1,0,1,1,1,0,0,1,0,0,2.941030463581203,1.347826086956522,2.043478260869565,2.695652173913043,12.23093474426808,12.23093474426808,-1.035190520525116
1,0,5,1,0,0,1,0,1,0,3.605177177240394,0.7407407407407407,1.296296296296296,1.814814814814815,13.88994741224584,13.88994741224584,-1.55237110467238
0,0,7,1,0,0,0,0,0,0,3.02807453316078,0.66,1.22,1.78,13.00331090794185,13.00331090794185,-1.239326807380514
1,0,8,1,1,0,0,1,0,0,3.985845310875517,0.7419354838709677,1.338709677419355,1.935483870967742,14.21381051251826,14.21381051251826,-1.60403044838297
0,0,9,3,0,0,0,0,0,0,3.336856798187103,0.4189189189189189,0.7297297297297297,1.094594594594595,14.36286847395451,14.36286847395451,-2.036475714023506
1,0,8,2,1,0,0,1,0,0,4.040635405248676,0.7619047619047619,1.412698412698413,2.095238095238095,13.88745904478434,13.88745904478434,-1.429248994784315
1,0,8,1,0,0,1,0,0,0,4.222987077093308,0.625,1.083333333333333,1.597222222222222,14.66039658480018,14.66039658480018,-1.310662540923564
1,0,6,2,1,0,0,1,0,0,4.060201474705169,0.7457627118644068,1.322033898305085,1.983050847457627,14.35990008074604,14.35990008074604,-1.226779903271457
0,0,4,1,0,0,0,0,1,0,2.857341518813177,0.9210526315789473,1.526315789473684,2.052631578947369,13.21105144730651,13.21105144730651,-1.293688311673938
0,0,5,1,0,0,0,0,1,0,2.838489503366092,0.868421052631579,1.394736842105263,1.894736842105263,12.65967904654499,12.65967904654499,-1.278618940328784
1,0,3,0,0,0,1,0,0,0,3.207547104574092,1.129032258064516,1.806451612903226,2.32258064516129,12.97283604182413,12.97283604182413,-1.181834914023767
0,0,3,1,0,0,0,0,0,1,3.250723150053358,1.258064516129032,1.967741935483871,2.612903225806452,12.88254903916173,12.88254903916173,-1.041240652526953
0,0,3,0,0,1,0,0,0,0,3.390879873551469,1.166666666666667,1.933333333333333,2.566666666666667,12.62781865566092,12.62781865566092,-1.16817092036515
0,0,3,1,0,1,0,0,1,0,3.357512337002145,1.128205128205128,1.794871794871795,2.384615384615385,13.2437554404434,13.2437554404434,-1.241986955940798
0,0,6,0,0,1,0,0,0,1,3.436535746476723,0.9318181818181818,1.590909090909091,2.159090909090909,13.43694517770648,13.43694517770648,-1.37823761748998
0,0,3,0,0,1,0,0,0,0,3.120133148156718,1.241379310344828,1.896551724137931,2.448275862068965,12.64650148929692,12.64650148929692,-1.185543255512591
0,0,9,0,0,0,0,0,0,0,3.298918738140197,0.4324324324324325,0.8243243243243243,1.256756756756757,13.89739424360107,13.89739424360107,-1.887166710315903
0,0,3,0,0,0,0,0,0,1,3.192716545592843,1.133333333333333,1.8,2.366666666666667,13.06228203472747,13.06228203472747,-1.046362407183565
1,0,3,1,1,0,0,1,0,1,3.57801862090089,1.153846153846154,1.923076923076923,2.641025641025641,13.58365933150482,13.58365933150482,-1.163198239412442
0,1,3,1,0,0,0,0,0,0,2.747935903482983,0.9375,1.53125,2.0625,12.51587924280079,12.51587924280079,-1.233866869474942
0,1,2,1,0,0,0,0,0,0,2.595317910909334,1.0,1.576923076923077,2.076923076923077,12.31779793398841,12.31779793398841,-1.455040102460738
1,0,2,0,0,1,1,0,0,0,3.072950548272456,1.346153846153846,2.076923076923077,2.653846153846154,11.85748410456525,11.85748410456525,-1.1919119647655
0,0,2,1,0,0,0,0,0,0,2.594822621928,0.9629629629629629,1.518518518518519,2.0,12.41842151675485,12.41842151675485,-1.432941337028639
0,1,11,0,0,2,0,0,0,0,2.431014020422899,0.5632183908045977,1.045977011494253,1.517241379310345,14.29883492936338,14.29883492936338,-1.58088353341375
1,0,2,2,1,1,0,1,0,0,3.27934380894982,0.9459459459459459,1.621621621621622,2.324324324324324,13.1039408194152,13.1039408194152,-1.183737757518039
1,0,2,2,1,1,0,1,1,0,3.285180709135117,0.9736842105263158,1.657894736842105,2.342105263157895,13.11805604575265,13.11805604575265,-1.262330239187272
2,0,3,2,2,0,0,2,0,0,3.49559926438895,0.7894736842105263,1.315789473684211,1.868421052631579,13.11768916597605,13.11768916597605,-1.268907331443928
0,0,2,0,0,0,0,0,0,0,2.213129675150716,1.0,1.588235294117647,2.058823529411764,11.12533131771227,11.12533131771227,-1.250209488116235
0,0,2,0,0,0,0,0,0,0,2.101665648703015,1.076923076923077,1.615384615384615,2.076923076923077,10.73789115646258,10.73789115646258,-1.140276491769547
0,0,5,2,0,0,0,0,0,0,3.619459718216731,0.7307692307692307,1.269230769230769,1.769230769230769,14.10308046574114,14.10308046574114,-1.240564256252185
0,0,8,0,0,0,0,0,0,0,3.614487346218436,0.7777777777777778,1.351851851851852,1.888888888888889,13.70019572375584,13.70019572375584,-1.537166485547129
0,0,6,0,0,0,0,0,0,1,3.084958838017701,0.6111111111111112,1.12962962962963,1.648148148148148,13.30482823691251,13.30482823691251,-1.681278795691294
0,0,7,0,0,0,0,0,0,0,3.648112898732318,0.6964285714285714,1.232142857142857,1.75,13.50007741649281,13.50007741649281,-1.544185699597821
0,0,8,0,0,0,0,0,0,0,3.612017889816858,0.7192982456140351,1.298245614035088,1.842105263157895,13.71924788007712,13.71924788007712,-1.553131321722388
0,0,7,0,0,0,0,0,0,0,3.64157102518236,0.6896551724137931,1.189655172413793,1.706896551724138,14.20201469487726,14.20201469487726,-1.278041461159152
0,0,7,1,0,1,0,0,1,0,3.667680905516244,0.8166666666666667,1.416666666666667,1.966666666666667,14.08242169777393,14.08242169777393,-1.661170374354066
0,0,8,0,0,1,0,0,0,0,3.669245540327239,0.8166666666666667,1.433333333333333,1.966666666666667,14.20097011286665,14.20097011286665,-1.58891824791619
0,0,7,1,0,1,0,0,1,0,3.18823048980811,0.7049180327868853,1.229508196721312,1.737704918032787,13.63242124596895,13.63242124596895,-1.758901534604426
1,0,8,1,0,0,1,0,1,0,3.943956412453729,0.796875,1.40625,1.984375,13.93838513470516,13.93838513470516,-1.466009157779695
0,0,9,0,0,1,0,0,0,0,3.74468167028928,0.7230769230769231,1.292307692307692,1.846153846153846,13.90955947915424,13.90955947915424,-1.628485092881908
0,0,8,1,0,1,0,0,0,0,3.222523033976966,0.5970149253731343,1.104477611940299,1.626865671641791,13.52494056462083,13.52494056462083,-1.971459212081003
1,0,6,1,0,1,1,0,0,0,3.779724958605689,0.6176470588235294,1.058823529411765,1.5,14.00983376891751,14.00983376891751,-1.764458127093113
0,0,10,1,0,0,0,0,0,0,3.784628530507696,0.6617647058823529,1.205882352941176,1.75,13.95182946286225,13.95182946286225,-1.815350405423984
0,0,5,0,0,0,0,0,0,0,2.825365235272346,0.7435897435897436,1.307692307692308,1.769230769230769,12.81174479328669,12.81174479328669,-1.348376009757511
0,0,7,1,0,1,0,0,0,0,3.713805167927716,0.746031746031746,1.333333333333333,1.888888888888889,13.87244991580868,13.87244991580868,-1.266573110035138
1,0,6,0,0,1,1,0,0,1,3.753825861438358,1.04,1.72,2.32,13.69745842449018,13.69745842449018,-1.279772854073928
0,0,5,0,0,0,0,0,0,0,3.475768507519047,1.0,1.571428571428571,2.114285714285714,12.72687770946776,12.72687770946776,-1.513902565468841
0,0,4,1,0,0,0,0,1,0,2.846119716621612,0.8918918918918919,1.486486486486486,2.0,12.77979302264035,12.77979302264035,-1.479232793335115
2,0,10,2,1,0,1,1,0,0,4.183826081954551,0.6551724137931034,1.28735632183908,1.931034482758621,14.60285727612404,14.60285727612404,-1.26778134584114
0,0,12,3,0,0,0,0,2,0,1.885346099625899,0.4945054945054945,0.8901098901098901,1.351648351648352,14.92637671549359,14.92637671549359,-1.862676223281408
1,0,10,2,0,0,1,0,1,0,4.38236571725605,0.6463414634146342,1.170731707317073,1.719512195121951,14.70641196647231,14.70641196647231,-1.694590041123782
0,0,4,0,0,1,0,0,0,0,3.323116007537302,1.025641025641026,1.666666666666667,2.205128205128205,13.60119750900054,13.60119750900054,-1.204211419740582
1,0,2,1,1,0,0,1,0,0,2.935101368976099,1.25,1.958333333333333,2.625,12.13905690980096,12.13905690980096,-1.232505335339931
0,0,7,1,0,1,0,0,0,0,3.176346458511268,0.5967741935483871,1.064516129032258,1.532258064516129,13.99894549450929,13.99894549450929,-1.470126531953136
0,0,8,1,0,1,0,0,1,0,3.867365780994554,0.6301369863013698,1.095890410958904,1.589041095890411,14.11895059286794,14.11895059286794,-1.772168796223823
0,0,6,0,0,1,0,0,0,0,2.953214972617836,0.7608695652173914,1.347826086956522,1.847826086956522,13.27251036037142,13.27251036037142,-1.59273027731212
1,0,3,1,1,0,0,1,0,0,3.125177645877193,1.129032258064516,1.806451612903226,2.419354838709677,12.62109721901208,12.62109721901208,-1.328773121903082
0,0,3,0,0,0,0,0,0,0,2.354363551760025,1.045454545454545,1.590909090909091,2.0,11.93611599269337,11.93611599269337,-1.259247921390779
0,0,2,0,0,0,0,0,0,0,2.389621517848031,1.0,1.523809523809524,1.857142857142857,11.93154667422525,11.93154667422525,-1.233425925925927
0,0,2,0,0,0,0,0,0,0,2.985236311553859,1.25,1.875,2.375,12.61496409674981,12.61496409674981,-1.108293598303519
0,0,5,0,0,0,0,0,0,0,2.959980293042521,0.6511627906976745,1.069767441860465,1.465116279069767,13.45650509184645,13.45650509184645,-1.388499445161673
1,0,8,3,1,0,0,1,2,1,4.241700859716617,0.6172839506172839,1.098765432098765,1.641975308641975,14.45606745484404,14.45606745484404,-1.692327480427677
2,2,22,3,2,4,0,2,0,1,1.669754826011402,0.375,0.7135416666666666,1.098958333333333,15.75637284410166,15.75637284410166,-1.837760278093361
0,0,2,0,0,0,0,0,0,0,2.587228982493745,0.8518518518518519,1.333333333333333,1.777777777777778,12.57934421453767,12.57934421453767,-1.107485816602429
2,2,25,4,2,5,0,2,0,1,1.665328318188187,0.3287671232876712,0.6438356164383562,1.009132420091324,15.80239532121856,15.80239532121856,-1.917748234180474
0,0,5,0,0,2,0,0,0,0,3.497087385086724,0.75,1.3125,1.833333333333333,13.83672610141829,13.83672610141829,-1.390728845564721
1,0,11,0,0,0,1,0,0,0,3.34317657213749,0.5882352941176471,1.094117647058824,1.6,14.32322957036836,14.32322957036836,-1.70482373734998
0,0,10,1,0,0,0,0,1,1,3.917559141175262,0.5769230769230769,1.08974358974359,1.628205128205128,14.13271053880164,14.13271053880164,-1.686596553012569
0,0,3,0,0,0,0,0,0,0,3.071534435489265,1.192307692307692,1.884615384615385,2.461538461538462,12.48847920340976,12.48847920340976,-1.120921779205509
0,1,10,0,0,0,0,0,0,0,3.807709796414248,0.5733333333333334,1.026666666666667,1.48,14.04177960396215,14.04177960396215,-1.871050689670415
0,0,22,0,0,2,0,0,0,1,1.653885210993292,0.3099415204678362,0.6374269005847953,1.087719298245614,14.84699711553325,14.84699711553325,-2.288738157607438
0,1,23,0,0,1,0,0,0,1,1.622624696185215,0.3202247191011236,0.6235955056179775,1.0,14.8020647561128,14.8020647561128,-1.785811675917236
1,0,5,1,0,0,1,0,1,0,3.73150194064525,0.9166666666666666,1.541666666666667,2.125,13.7560357432622,13.7560357432622,-1.271027786009026
0,0,5,0,0,0,0,0,0,0,2.76079681693738,0.75,1.25,1.694444444444444,12.68276838703291,12.68276838703291,-1.436329224527277
1,0,2,1,1,0,0,1,0,0,3.458784912822808,1.103448275862069,1.793103448275862,2.551724137931035,13.05642243008314,13.05642243008314,-0.9835548578226037
1,0,2,1,1,0,0,1,0,0,3.325467780306454,1.344827586206897,2.068965517241379,2.758620689655173,12.79377862490777,12.79377862490777,-1.253269531578064
0,0,5,2,0,0,0,0,1,1,3.618790647688781,0.9019607843137255,1.568627450980392,2.196078431372549,13.54349195164614,13.54349195164614,-1.26042716323457
1,0,7,0,0,2,1,0,0,0,3.953194120270344,0.7878787878787878,1.348484848484848,1.878787878787879,13.74552923329136,13.74552923329136,-1.626573903509833
0,0,16,0,0,0,0,0,0,0,0.8618631439813559,0.3423423423423423,0.6486486486486487,1.027027027027027,14.21331801966901,14.21331801966901,-1.847416001545784
0,0,18,2,0,0,0,0,0,0,0.842698984679793,0.2657342657342657,0.5314685314685315,0.8951048951048951,14.46699826151133,14.46699826151133,-1.838291724173462
0,0,12,2,0,0,0,0,0,0,0.8454699600374824,0.3714285714285714,0.7238095238095238,1.152380952380952,14.68347078488184,14.68347078488184,-1.840910060932307
1,0,16,1,0,0,1,0,0,0,1.451996441044732,0.3902439024390244,0.7560975609756098,1.178861788617886,14.64064618325842,14.64064618325842,-1.845145852545229
1,0,32,1,1,0,0,1,0,0,1.668338221351975,0.2053571428571428,0.4151785714285715,0.71875,14.82125318037152,14.82125318037152,-1.837930916285767
1,0,30,1,1,0,0,1,0,1,1.671237858639189,0.2647058823529412,0.5392156862745098,0.9411764705882353,14.78873035133677,14.78873035133677,-1.810950230948605
1,0,31,1,1,0,0,1,0,3,1.672478522320239,0.2300884955752212,0.4469026548672566,0.7389380530973452,14.79942043069818,14.79942043069818,-2.069772939201649
1,0,33,1,1,0,0,1,0,1,1.652482570656287,0.2387387387387387,0.472972972972973,0.7792792792792793,14.68792090534522,14.68792090534522,-1.975950420151438
1,0,35,1,1,0,0,1,0,0,1.666614441228239,0.2711111111111111,0.5555555555555556,0.9555555555555556,14.750550172167,14.750550172167,-2.079947411923559
0,0,17,0,0,0,0,0,0,1,1.63701496293351,0.373015873015873,0.7063492063492064,1.126984126984127,14.72175890571975,14.72175890571975,-1.75478009858958
0,1,20,3,0,0,0,0,0,1,0.8399058702993568,0.2883435582822086,0.5398773006134969,0.8404907975460123,15.14007053234116,15.14007053234116,-1.791854598299829
0,0,25,0,0,0,0,0,0,1,0.844540870226085,0.231638418079096,0.4745762711864407,0.8248587570621468,14.38852606527752,14.38852606527752,-1.942709924105864
0,0,27,0,0,0,0,0,0,1,1.682410309501342,0.2736318407960199,0.5373134328358209,0.8706467661691543,14.95149736770921,14.95149736770921,-2.211289610573615
1,0,23,3,0,0,1,0,0,1,1.126594273801141,0.3160919540229885,0.6264367816091954,1.005747126436782,14.86945010540661,14.86945010540661,-1.850402419855098
0,0,4,0,0,0,0,0,0,0,2.828541466674514,0.4523809523809524,0.7857142857142857,1.142857142857143,12.80987798377509,12.80987798377509,-2.101510179673683
0,0,18,0,0,0,0,0,0,0,1.657646466473149,0.368,0.72,1.136,14.57357989812123,14.57357989812123,-1.805403551675317
0,2,37,3,0,1,0,0,0,0,0.8701467221534079,0.1895910780669145,0.3754646840148699,0.654275092936803,14.83275366717001,14.83275366717001,-2.028774901486783
1,0,17,2,1,3,0,1,1,0,1.680576439016181,0.3493150684931507,0.684931506849315,1.10958904109589,15.06851487177922,15.06851487177922,-1.766745389071028
0,2,28,1,0,0,0,0,0,0,0.8494736908679333,0.2404371584699453,0.4754098360655737,0.7814207650273224,14.65346906527346,14.65346906527346,-2.025909684165348
0,0,13,1,0,3,0,0,0,0,1.229536016238304,0.4761904761904762,0.8857142857142857,1.342857142857143,14.90672622271134,14.90672622271134,-1.534662710002768
1,0,40,2,1,1,0,1,0,0,1.661571240014193,0.2296819787985866,0.4840989399293286,0.8409893992932862,15.31287746111572,15.31287746111572,-2.123705816078141
1,0,36,2,1,2,0,1,0,1,1.670392938330835,0.2481481481481481,0.5,0.8592592592592593,15.27746354839195,15.27746354839195,-2.029512455286017
3,0,19,3,1,0,2,1,0,0,1.672659426383341,0.3116883116883117,0.6363636363636364,1.077922077922078,14.87341975648166,14.87341975648166,-1.481810270644504
0,0,14,0,0,0,0,0,0,0,0.8503089901508919,0.1811023622047244,0.2992125984251969,0.4330708661417323,14.92076739083641,14.92076739083641,-1.327728995529693
0,0,35,0,0,5,0,0,0,1,0.8318135425934232,0.1541218637992832,0.3010752688172043,0.4802867383512545,14.9949389769198,14.9949389769198,-2.075859139992463
0,0,38,4,0,5,0,0,0,0,1.666283859693694,0.1886792452830189,0.3805031446540881,0.6289308176100629,15.57675640246586,15.57675640246586,-2.192881236226222
3,0,41,4,1,1,2,1,0,2,1.670987152421963,0.2195121951219512,0.4634146341463415,0.8118466898954704,15.00265515503074,15.00265515503074,-2.06039407126781
0,0,33,3,0,0,0,0,0,0,1.676634797270575,0.2340425531914894,0.4808510638297872,0.8425531914893617,15.20369948593601,15.20369948593601,-2.007675773524014
0,0,4,1,0,1,0,0,1,0,2.944550417710793,0.9523809523809523,1.595238095238095,2.142857142857143,12.88426776171151,12.88426776171151,-1.491148920004128
0,0,7,0,0,0,0,0,0,0,3.669262346110514,0.6885245901639344,1.229508196721312,1.721311475409836,13.96250210087192,13.96250210087192,-1.777149170532142
0,0,4,0,0,0,0,0,0,0,2.855136711394575,0.6829268292682927,1.195121951219512,1.634146341463415,13.27752972373012,13.27752972373012,-1.634756462096866
0,0,15,1,0,0,0,0,0,0,0.8490325481774865,0.3596491228070176,0.7280701754385965,1.166666666666667,14.62871153406958,14.62871153406958,-1.842360755194191
0,0,16,1,0,0,0,0,0,0,0.8415308951867864,0.3389830508474576,0.7033898305084746,1.14406779661017,14.64180862373099,14.64180862373099,-1.84621999755604
0,0,18,1,0,0,0,0,0,0,0.8516236602458925,0.3023255813953488,0.5736434108527132,0.9302325581395349,14.54016512301489,14.54016512301489,-1.828253438552639
0,0,19,1,0,0,0,0,0,0,0.8514225848404698,0.3007518796992481,0.5864661654135338,0.9548872180451128,14.58671372541925,14.58671372541925,-1.839231217770773
0,0,15,1,0,0,0,0,0,0,0.8503174320490944,0.3565217391304348,0.7130434782608696,1.165217391304348,14.59355889075602,14.59355889075602,-1.840832266815937
1,0,16,1,0,0,1,0,0,0,1.018186990850791,0.384,0.752,1.2,14.65042068671212,14.65042068671212,-1.84873855469508
1,0,16,1,0,0,1,0,0,0,1.564573444923402,0.3779527559055118,0.7322834645669292,1.15748031496063,14.66904203726873,14.66904203726873,-1.849311877889142
0,0,15,2,0,0,0,0,0,0,0.8411469500792295,0.3504273504273504,0.7008547008547008,1.153846153846154,14.59849418381157,14.59849418381157,-1.839868201913528
0,0,15,1,0,0,0,0,0,0,0.8485886218665802,0.3565217391304348,0.7130434782608696,1.147826086956522,14.49002255004903,14.49002255004903,-1.832659774240696
2,0,16,4,1,0,1,1,0,0,1.667459624669859,0.3012820512820513,0.5897435897435898,0.9423076923076923,15.27014644975326,15.27014644975326,-1.801066712969484
2,0,17,4,1,0,1,1,0,0,1.242929747214953,0.3333333333333333,0.6363636363636364,1.0,15.53934964122043,15.53934964122043,-1.499685980171338
2,0,17,4,1,0,1,1,0,0,1.626857933297282,0.2865853658536585,0.5609756097560976,0.8963414634146342,15.23896021678456,15.23896021678456,-1.825109499401812
2,0,17,4,1,0,1,1,0,0,1.679681025186715,0.2710843373493976,0.5301204819277109,0.8493975903614458,15.34697215434195,15.34697215434195,-1.505963852431354
0,0,13,0,0,0,0,0,0,0,0.867170898762854,0.2242990654205607,0.3925233644859813,0.5981308411214953,14.46527430355235,14.46527430355235,-1.31949498773754
0,0,13,4,0,5,0,0,4,0,0.8514883183176453,0.2777777777777778,0.4682539682539683,0.6825396825396826,15.2039878981745,15.2039878981745,-1.951517082834885
0,0,14,1,0,0,0,0,0,1,1.743756436602862,0.5445544554455446,1.01980198019802,1.534653465346535,14.23921952121518,14.23921952121518,-1.76167955627858
2,2,21,2,2,3,0,2,0,0,1.688677981330515,0.3846153846153846,0.7159763313609467,1.106508875739645,15.16906473252249,15.16906473252249,-2.018220752909926
1,1,14,1,1,2,0,1,0,0,1.730176209584096,0.5779816513761468,1.045871559633027,1.568807339449541,14.88815203797737,14.88815203797737,-1.873414176664639
0,0,5,1,0,0,0,0,1,0,3.412415039389371,0.975609756097561,1.634146341463415,2.219512195121951,12.69997097305783,12.69997097305783,-1.66284454052169
0,0,6,0,0,0,0,0,0,0,3.404860682600008,0.9512195121951219,1.585365853658537,2.121951219512195,12.84839705854289,12.84839705854289,-1.345418966754638
1,0,8,0,0,1,1,0,0,0,3.965405003821656,0.8059701492537313,1.402985074626866,1.970149253731343,13.93813390992602,13.93813390992602,-1.690574820327533
6,0,18,7,6,0,0,6,1,0,1.705760496063394,0.3050847457627119,0.5706214689265536,0.8531073446327684,16.25642193641747,16.25642193641747,-1.652023590587794
6,0,18,7,6,4,0,6,1,0,1.618956212696024,0.3135135135135135,0.5891891891891892,0.8810810810810811,16.36196747432226,16.36196747432226,-1.755808259161929
0,0,3,0,0,1,0,0,0,0,2.750321469261515,0.8333333333333334,1.388888888888889,1.861111111111111,12.80274753370127,12.80274753370127,-1.702630755650895
2,0,10,4,2,0,0,2,0,0,1.615855843853082,0.3333333333333333,0.6296296296296297,1.018518518518519,14.96627987628909,14.96627987628909,-1.394065110275188
0,0,11,2,0,1,0,0,0,0,1.781664445323012,0.4466019417475728,0.7766990291262136,1.145631067961165,14.85311810354045,14.85311810354045,-1.378627141535938
2,0,10,4,2,0,0,2,0,0,1.648148088539073,0.3333333333333333,0.6296296296296297,1.018518518518519,15.28123850262173,15.28123850262173,-1.432646405213055
0,0,3,0,0,0,0,0,0,0,3.242981804913749,1.125,1.78125,2.3125,13.29003945349183,13.29003945349183,-1.113336316615329
0,0,3,0,0,0,0,0,0,0,3.192915533663383,1.09375,1.75,2.28125,13.27284565467601,13.27284565467601,-1.113235824413189
0,2,28,1,0,0,0,0,0,0,0.8554033446891117,0.2404371584699453,0.4754098360655737,0.7923497267759563,14.59219941290865,14.59219941290865,-1.968375186775131
0,2,28,1,0,0,0,0,0,0,0.833344025594877,0.2404371584699453,0.4699453551912569,0.7595628415300546,14.59803456694779,14.59803456694779,-1.970730426908524
2,0,13,2,1,2,1,1,0,0,1.713291178665239,0.496,0.928,1.376,15.02151965002797,15.02151965002797,-1.689935613370165
1,0,13,1,0,2,1,0,0,0,1.656351685540572,0.4916666666666666,0.8916666666666667,1.291666666666667,14.98948481102715,14.98948481102715,-1.700236725678316
3,0,26,5,1,4,2,1,1,0,1.66605380130671,0.2655601659751037,0.5186721991701245,0.8091286307053942,15.86587500663331,15.86587500663331,-1.65638163478643
0,0,11,1,0,0,0,0,0,0,3.784165711525118,0.5647058823529412,1.035294117647059,1.529411764705882,14.37188067821746,14.37188067821746,-1.759861335081192
1,0,12,1,1,0,0,1,0,0,2.711741812825549,0.6162790697674418,1.116279069767442,1.686046511627907,14.58594081953377,14.58594081953377,-1.892426757501759
0,0,5,1,0,0,0,0,0,0,2.995475308422891,0.6875,1.25,1.770833333333333,13.30713012226655,13.30713012226655,-1.698877906686036
0,0,6,0,0,0,0,0,0,0,3.739279760751387,0.9047619047619048,1.523809523809524,2.095238095238095,13.73403952270083,13.73403952270083,-1.525264601183937
1,1,4,1,1,0,0,1,0,0,3.379450519156513,0.8666666666666667,1.466666666666667,2.044444444444444,13.41170044207975,13.41170044207975,-1.474223405585793
0,0,26,1,0,0,0,0,1,1,1.586998232515662,0.3241758241758242,0.6318681318681318,1.054945054945055,14.80172716655779,14.80172716655779,-2.134144498974324
0,2,32,2,0,0,0,0,0,0,1.651687054624363,0.2467532467532468,0.5021645021645021,0.8441558441558441,15.05871455782218,15.05871455782218,-2.148276001374346
0,0,17,2,0,3,0,0,0,0,0.8359404537861849,0.303448275862069,0.5793103448275863,0.9172413793103448,15.02722712187846,15.02722712187846,-2.051234390167276
3,0,24,2,0,6,3,0,0,0,1.316924648700943,0.2405660377358491,0.4716981132075472,0.7971698113207547,15.22125694374358,15.22125694374358,-1.834450782861829
0,1,8,0,0,1,0,0,0,0,3.269194375350524,0.5,0.8285714285714286,1.185714285714286,14.02146998007506,14.02146998007506,-1.676907351992058
0,0,6,1,0,1,0,0,0,0,3.049139184545438,0.7450980392156863,1.313725490196078,1.843137254901961,13.724223918057,13.724223918057,-1.453668571737966
0,0,3,0,0,1,0,0,0,0,3.285321216358904,1.114285714285714,1.771428571428571,2.342857142857143,13.31700460721075,13.31700460721075,-1.216390116245834
1,0,12,3,1,1,0,1,0,0,1.636233391527529,0.4636363636363636,0.9090909090909091,1.427272727272727,15.01509322727901,15.01509322727901,-1.834289168467455
0,0,11,0,0,0,0,0,0,0,3.53189816157361,0.3764705882352941,0.7058823529411765,1.094117647058824,14.07840011921464,14.07840011921464,-1.607223670745104
0,0,11,2,0,0,0,0,0,0,3.378211738071177,0.4175824175824176,0.7912087912087912,1.241758241758242,14.31427764002167,14.31427764002167,-1.635140515258887
0,0,4,0,0,1,0,0,0,0,3.364096342974112,1.025641025641026,1.641025641025641,2.179487179487179,13.52165158151384,13.52165158151384,-1.183219894751558
2,0,6,2,2,0,0,2,0,0,4.000309508081172,0.4054054054054054,0.7027027027027027,1.067567567567568,14.95074894535809,14.95074894535809,-1.338931611776162
1,1,5,0,0,0,1,0,0,0,3.585073504477884,1.026315789473684,1.657894736842105,2.184210526315789,13.02719218558385,13.02719218558385,-1.631116073064958
1,6,30,5,1,4,0,1,3,0,1.674868498941746,0.2773109243697479,0.5504201680672269,0.9285714285714286,15.08656813193809,15.08656813193809,-2.022290513696163
1,6,30,5,1,4,0,1,3,0,1.672150554060554,0.2780082987551867,0.5560165975103735,0.9377593360995851,15.08965282008647,15.08965282008647,-2.025642804212299
0,6,47,2,0,7,0,0,2,0,1.671226700146764,0.1797752808988764,0.3651685393258427,0.6151685393258427,15.497230329982,15.497230329982,-2.122011581862359
2,4,55,3,2,8,0,2,0,1,1.649423645208944,0.1825,0.3775,0.6475,15.84176824155475,15.84176824155475,-2.202295162111027
0,4,19,2,0,5,0,0,2,0,1.029373464359191,0.2993630573248408,0.5605095541401274,0.8726114649681529,15.05688718389207,15.05688718389207,-1.971871648682023
0,0,14,0,0,0,0,0,0,0,0.8561448357852289,0.2980769230769231,0.5480769230769231,0.875,14.17415866881467,14.17415866881467,-1.485155349871129
1,0,14,1,1,0,0,1,0,1,1.717563345784686,0.4495412844036697,0.8440366972477065,1.311926605504587,14.34982633774759,14.34982633774759,-1.51943527636893
0,0,14,0,0,0,0,0,0,0,0.8607043584132743,0.3018867924528302,0.5660377358490566,0.9150943396226415,14.26668403812142,14.26668403812142,-1.484109072517057
1,0,36,2,1,2,0,1,0,0,1.670708835939718,0.2333333333333333,0.4777777777777778,0.8333333333333334,15.27025704924879,15.27025704924879,-2.030120579863922
0,0,21,1,0,7,0,0,0,0,1.682043317230878,0.2762430939226519,0.5138121546961326,0.7845303867403315,15.24212686462189,15.24212686462189,-1.592312038313906
1,0,23,3,0,0,1,0,0,1,1.295441106152246,0.3125,0.6136363636363636,0.9829545454545454,14.96077261440912,14.96077261440912,-1.852535794475681
1,0,17,1,0,4,1,0,0,0,1.608976731302098,0.4485294117647059,0.8455882352941176,1.294117647058824,15.08146857782539,15.08146857782539,-1.885979869311874
0,2,34,1,0,0,0,0,0,0,0.8358355666915763,0.206140350877193,0.4298245614035088,0.7763157894736842,14.72571305680094,14.72571305680094,-2.130490866439883
0,2,24,3,0,0,0,0,0,0,1.680033904537501,0.2941176470588235,0.5561497326203209,0.9197860962566845,15.3556480746441,15.3556480746441,-1.861397860276038
1,0,19,2,0,0,1,0,0,0,1.632271968735758,0.3840579710144927,0.717391304347826,1.152173913043478,14.67331191616488,14.67331191616488,-1.784263884777656
1,0,19,2,0,0,1,0,0,0,1.650839244397812,0.4014084507042254,0.7605633802816901,1.197183098591549,14.87031352952066,14.87031352952066,-1.788680855835097
1,0,19,2,0,0,1,0,0,0,1.700405217204251,0.3916083916083916,0.7342657342657343,1.146853146853147,14.87918158507622,14.87918158507622,-1.788397409123079
1,0,19,2,0,0,1,0,0,0,1.641078467781226,0.3835616438356164,0.7191780821917808,1.123287671232877,14.89147995556475,14.89147995556475,-1.792619577462381
1,0,19,2,0,0,1,0,0,0,1.703210024353289,0.3758389261744967,0.7046979865771812,1.114093959731544,14.99949206292126,14.99949206292126,-1.794731510916643
1,0,18,2,0,0,1,0,0,0,1.635736043071333,0.3533333333333333,0.66,1.06,15.00613668221294,15.00613668221294,-1.780726683443519
0,2,30,0,0,0,0,0,0,1,0.8412942581134406,0.2205882352941176,0.4411764705882353,0.7401960784313726,14.82755312714971,14.82755312714971,-2.043536250030043
0,0,24,0,0,0,0,0,0,1,0.8259167000828243,0.2576687116564417,0.5214723926380368,0.8404907975460123,14.47997708006911,14.47997708006911,-1.986336793171081
0,2,30,0,0,0,0,0,0,1,0.8368138707845314,0.2338308457711443,0.4676616915422885,0.7810945273631841,14.75777835102194,14.75777835102194,-2.050499928545463
5,0,24,3,1,3,4,1,0,0,1.674917229294691,0.2560386473429952,0.5169082125603864,0.8792270531400966,15.05921474678397,15.05921474678397,-1.613682140223898
5,0,24,3,1,4,4,1,0,0,1.677973023654118,0.2535885167464115,0.5119617224880383,0.8708133971291866,15.06165392455192,15.06165392455192,-1.6157598920787
2,0,19,1,0,3,2,0,0,0,1.761282211319964,0.3271604938271605,0.6296296296296297,1.012345679012346,14.91709286578605,14.91709286578605,-2.030342698677628
0,4,42,5,0,8,0,0,2,0,1.682455744691903,0.1897106109324759,0.3890675241157556,0.6720257234726688,15.29091225177507,15.29091225177507,-1.843073153349651
1,6,35,1,1,0,0,1,0,1,1.664361475408014,0.246031746031746,0.492063492063492,0.8373015873015873,15.03011177357392,15.03011177357392,-1.890504438002508
0,6,37,0,0,0,0,0,0,2,1.619331012031704,0.2343096234309623,0.4769874476987448,0.7866108786610879,14.57491836510878,14.57491836510878,-2.161611698527754
0,0,21,1,0,0,0,0,1,0,0.849331825935586,0.2662337662337662,0.5,0.8116883116883117,14.64613474529721,14.64613474529721,-1.810110997362942
0,0,16,1,0,4,0,0,0,0,0.8632528876600363,0.2945205479452055,0.541095890410959,0.821917808219178,15.2708046414904,15.2708046414904,-1.934129975695709
0,0,28,1,0,0,0,0,1,2,1.69068104302974,0.2920792079207921,0.5693069306930693,0.9752475247524752,14.90777386983053,14.90777386983053,-2.186334654130058
6,0,15,6,6,10,0,6,0,0,1.693261898007396,0.1743589743589744,0.2923076923076923,0.4358974358974359,16.37930190199667,16.37930190199667,-1.777489124879272
4,0,21,3,0,2,4,0,0,0,1.058904026239573,0.2771739130434783,0.532608695652174,0.8967391304347826,15.22977200333061,15.22977200333061,-1.882116891209968
3,0,21,3,0,3,3,0,0,0,1.744970237894452,0.2921348314606741,0.5674157303370787,0.9269662921348315,15.15067652664601,15.15067652664601,-1.86142217909396
3,0,19,5,2,3,1,2,1,0,1.670277754000133,0.3526315789473684,0.6947368421052632,1.094736842105263,15.75027547785992,15.75027547785992,-1.886431505002563
2,0,19,5,1,3,1,1,2,0,1.662637871125741,0.3563829787234042,0.6914893617021277,1.079787234042553,15.70212283701789,15.70212283701789,-1.900629718988257
3,0,28,4,1,6,2,1,2,0,1.669815431826791,0.2420634920634921,0.4880952380952381,0.8015873015873016,15.93518738335684,15.93518738335684,-1.979292002877692
0,0,12,2,0,0,0,0,0,0,0.8640494713102169,0.3465346534653465,0.6534653465346535,1.059405940594059,14.56774091337013,14.56774091337013,-1.668018800826515
0,2,21,2,0,0,0,0,1,0,1.633852960644504,0.3757961783439491,0.7261146496815286,1.165605095541401,15.11040203429375,15.11040203429375,-1.82198107994411
0,2,20,3,0,0,0,0,1,0,1.7141574920068,0.3881578947368421,0.75,1.203947368421053,15.0871815583535,15.0871815583535,-1.816859929486166
1,0,26,1,1,2,0,1,0,0,1.680428771871642,0.318407960199005,0.6268656716417911,1.014925373134328,15.39755089000215,15.39755089000215,-1.909304619509844
0,2,23,3,0,0,0,0,1,0,1.685946780781182,0.2717948717948718,0.5128205128205128,0.8307692307692308,15.34052509992608,15.34052509992608,-1.821704175841391
0,0,12,2,0,0,0,0,0,0,0.8610963142812956,0.2752293577981652,0.4862385321100918,0.7522935779816514,14.66150114938925,14.66150114938925,-1.312927352850094
0,0,13,2,0,0,0,0,0,0,0.8715832224314214,0.3495145631067961,0.6504854368932039,1.019417475728155,14.32922547574368,14.32922547574368,-1.696516333752482
0,2,24,4,0,0,0,0,1,0,1.682692113581039,0.3189189189189189,0.6216216216216216,1.027027027027027,15.2174297227147,15.2174297227147,-1.852557861718136
0,0,13,0,0,3,0,0,0,0,1.576589030974988,0.4285714285714285,0.826530612244898,1.306122448979592,14.06372850670124,14.06372850670124,-1.318341923607811
0,1,11,0,0,2,0,0,0,0,3.900497880909367,0.5679012345679012,1.024691358024691,1.54320987654321,13.47878799961582,13.47878799961582,-1.987867319712664
3,0,31,2,2,1,1,2,0,1,1.653586179427734,0.2595419847328244,0.5038167938931297,0.8091603053435115,15.48948484514438,15.48948484514438,-1.785842928347084
1,6,23,4,1,6,0,1,2,0,1.672906247449456,0.265,0.53,0.875,15.27169256173691,15.27169256173691,-1.887959132277511
1,1,18,3,0,8,1,0,0,0,1.654214181255706,0.3296703296703297,0.5879120879120879,0.8956043956043956,15.47829143851084,15.47829143851084,-1.707011640049502
0,0,18,1,0,9,0,0,1,1,0.8302659618528987,0.2758620689655172,0.5114942528735632,0.7758620689655172,15.40361565910218,15.40361565910218,-1.718744482482023
1,0,17,0,0,9,1,0,0,0,0.9401829440130473,0.2976190476190476,0.5297619047619048,0.7857142857142857,15.2437990845494,15.2437990845494,-2.142728491235435
0,0,27,1,0,9,0,0,1,0,1.645796947793533,0.2270916334661355,0.4422310756972112,0.7211155378486056,15.50953050482233,15.50953050482233,-2.317525894446895
2,0,25,1,1,5,1,1,0,0,1.675005185840571,0.2583732057416268,0.5311004784688995,0.8851674641148325,15.61986993657153,15.61986993657153,-1.874866914306835
4,0,24,4,2,1,2,2,1,0,1.619745422860422,0.2696078431372549,0.5490196078431373,0.9166666666666666,15.49723074880555,15.49723074880555,-1.914036283097326
2,0,22,2,1,1,1,1,1,0,1.670555044824347,0.2978723404255319,0.5957446808510638,0.973404255319149,14.8383795453525,14.8383795453525,-1.8925204478327
0,0,10,0,0,1,0,0,0,0,3.027114418386073,0.4204545454545455,0.7272727272727273,1.056818181818182,14.55248898602629,14.55248898602629,-1.684668452502969
0,0,10,0,0,3,0,0,0,0,0.8666352074134483,0.3333333333333333,0.5757575757575758,0.8686868686868687,14.78345479013706,14.78345479013706,-1.386503748550148
0,0,10,0,0,3,0,0,0,0,0.8594763598235866,0.3333333333333333,0.5757575757575758,0.8585858585858586,14.78181080890753,14.78181080890753,-1.386254551649164
0,0,10,0,0,1,0,0,0,0,0.8738479566129851,0.351063829787234,0.6063829787234043,0.8936170212765957,14.72851159421866,14.72851159421866,-1.353932737853024
0,0,10,2,0,1,0,0,2,0,0.853247237216567,0.3960396039603961,0.693069306930693,1.04950495049505,14.86130906401786,14.86130906401786,-1.412231457745071
0,0,10,0,0,4,0,0,0,0,0.8649961698073987,0.3235294117647059,0.5588235294117647,0.8333333333333334,14.80250533654597,14.80250533654597,-1.405047575837923
0,0,12,0,0,1,0,0,0,0,0.9098194291942171,0.3684210526315789,0.6526315789473685,0.9894736842105263,14.70174896288613,14.70174896288613,-1.515709687855834
0,0,12,0,0,1,0,0,0,1,0.8773115774165937,0.4105263157894737,0.7263157894736842,1.063157894736842,14.69870184336904,14.69870184336904,-1.515586866937018
0,0,10,0,0,1,0,0,0,2,1.305527456610661,0.3978494623655914,0.6881720430107527,1.021505376344086,14.71453619623142,14.71453619623142,-1.34848634162696
0,0,12,0,0,2,0,0,0,0,0.8632028395233232,0.3571428571428572,0.6326530612244898,0.9489795918367347,14.72079950929504,14.72079950929504,-1.524328657237444
0,0,12,0,0,1,0,0,0,0,0.8776040567979375,0.3645833333333333,0.6458333333333334,0.96875,14.70767792549164,14.70767792549164,-1.517971867599892
0,0,12,1,0,1,0,0,1,0,0.8565144942188134,0.4242424242424243,0.7474747474747475,1.101010101010101,14.73823601715416,14.73823601715416,-1.524605373739298
0,0,11,0,0,1,0,0,0,0,0.9204284491449514,0.3723404255319149,0.6595744680851063,0.9787234042553191,14.70490531179784,14.70490531179784,-1.4778874006778
0,0,10,0,0,1,0,0,0,0,0.9409922047419419,0.3804347826086957,0.6413043478260869,0.9239130434782609,14.69955792727259,14.69955792727259,-1.357864373611444
0,0,10,0,0,2,0,0,0,0,0.8940712624170531,0.34375,0.59375,0.8854166666666666,14.73837789386498,14.73837789386498,-1.359827051531761
0,0,10,0,0,1,0,0,0,0,1.387997772644282,0.3548387096774194,0.6129032258064516,0.9032258064516129,14.72093865038363,14.72093865038363,-1.348942134835309
0,0,11,0,0,1,0,0,0,0,0.899187486052289,0.3723404255319149,0.648936170212766,0.9468085106382979,14.71613832024239,14.71613832024239,-1.363006941150871
0,0,11,0,0,1,0,0,0,0,0.9424002321686776,0.3870967741935484,0.6774193548387096,0.978494623655914,14.7023886760829,14.7023886760829,-1.36287419360741
0,1,10,0,0,1,0,0,0,0,1.188599971291006,0.3956043956043956,0.6593406593406593,0.945054945054945,14.69354069119995,14.69354069119995,-1.350470508658056
2,2,24,3,1,1,1,1,0,0,1.673457945544619,0.3736842105263158,0.7578947368421053,1.242105263157895,15.17873778575457,15.17873778575457,-2.19406672301822
1,0,22,4,1,3,0,1,0,0,1.66754414208123,0.3385416666666667,0.6666666666666666,1.0625,15.59456620822862,15.59456620822862,-2.081678077657123
3,8,49,4,1,4,2,1,1,0,1.669129063564821,0.1946666666666667,0.3973333333333333,0.6746666666666666,15.30515748496804,15.30515748496804,-2.432649635983244
0,8,21,2,0,2,0,0,0,0,1.703439190323286,0.3483870967741935,0.6451612903225806,1.0,14.55875451593509,14.55875451593509,-1.777673028924793
3,0,32,6,3,0,0,3,0,0,1.706799217837855,0.177257525083612,0.3411371237458194,0.5451505016722408,15.93101841077218,15.93101841077218,-1.829751297396477
2,0,35,4,2,2,0,2,0,1,1.674012672543907,0.2233676975945017,0.4432989690721649,0.7353951890034365,15.59892392887922,15.59892392887922,-2.035426955201427
0,0,37,0,0,2,0,0,0,1,1.658568289854905,0.2208835341365462,0.4337349397590362,0.7349397590361446,14.94148064052487,14.94148064052487,-2.003154498420377
1,0,27,1,1,2,0,1,0,0,1.68223041046796,0.3134328358208955,0.6119402985074627,1.0,15.40316922718607,15.40316922718607,-1.92803704485154
1,2,24,6,1,2,0,1,3,1,1.670342814334638,0.3194444444444444,0.6296296296296297,1.023148148148148,15.574315103824,15.574315103824,-1.869831656692533
0,0,12,3,0,0,0,0,1,0,1.757096421128486,0.4639175257731959,0.8556701030927835,1.298969072164949,14.64131998282203,14.64131998282203,-1.830368371360217
3,2,49,1,1,2,2,1,0,1,1.664101286932173,0.22,0.4342857142857143,0.6942857142857143,15.35831720391423,15.35831720391423,-2.719526748707697
0,0,12,0,0,1,0,0,0,0,4.217452563072845,0.527027027027027,0.972972972972973,1.472972972972973,14.02922620401658,14.02922620401658,-1.405080111275103
4,0,13,2,0,2,4,0,1,0,1.295839567270127,0.3484848484848485,0.6590909090909091,1.007575757575758,15.04990777972512,15.04990777972512,-1.934315995912442
0,0,22,5,0,1,0,0,4,0,1.707488021977376,0.3136094674556213,0.6153846153846154,0.9940828402366864,15.21270723805492,15.21270723805492,-1.797067112491903
0,0,8,1,0,1,0,0,0,0,3.360704386065256,0.5128205128205128,0.9102564102564102,1.346153846153846,14.29909264825486,14.29909264825486,-1.955122794991776
7,0,23,3,0,3,7,0,2,0,1.803393186562785,0.2304147465437788,0.4377880184331797,0.6866359447004609,15.62170783358929,15.62170783358929,-1.996480465500272
0,0,69,0,0,3,0,0,0,0,1.625007774242748,0.1212121212121212,0.2651515151515151,0.4924242424242424,15.33822406714612,15.33822406714612,-2.156414426775439
7,0,58,11,0,4,7,0,5,3,1.666825395125063,0.145748987854251,0.2894736842105263,0.4898785425101215,16.03567429640278,16.03567429640278,-2.312147690052079
1,0,25,3,0,2,1,0,1,0,1.356413566199195,0.2572815533980582,0.5,0.8058252427184466,15.08016638140955,15.08016638140955,-1.908585290762437
0,0,38,6,0,10,0,0,1,0,1.628908362921428,0.1533923303834808,0.2949852507374631,0.5014749262536873,16.12918418301468,16.12918418301468,-1.548330663318154
1,0,13,2,1,0,0,1,0,0,1.646167665963449,0.4181818181818182,0.8272727272727273,1.327272727272727,14.85171100300705,14.85171100300705,-1.700531689636183
1,0,12,2,1,0,0,1,0,0,1.633802071287104,0.45,0.89,1.43,14.71781477549503,14.71781477549503,-1.756119340971124
1,0,13,2,1,0,0,1,0,0,1.645686325174113,0.4622641509433962,0.8867924528301887,1.39622641509434,14.69548382147844,14.69548382147844,-1.839757460774009
0,0,12,0,0,0,0,0,0,0,0.857185030527753,0.2660550458715596,0.4678899082568808,0.7155963302752294,14.72486886793659,14.72486886793659,-1.708513894138882
0,0,11,0,0,0,0,0,0,0,0.8620082022254785,0.303030303030303,0.5454545454545454,0.8484848484848485,14.57249299908574,14.57249299908574,-1.696264347884473
0,0,12,0,0,0,0,0,0,0,0.8485268483320975,0.2777777777777778,0.5,0.7777777777777778,14.70351946032345,14.70351946032345,-1.711673380155511
1,0,15,3,1,1,0,1,0,0,1.678060715340144,0.3703703703703703,0.725925925925926,1.17037037037037,15.21124213273871,15.21124213273871,-1.78759437958616
1,0,15,3,1,1,0,1,0,0,1.685199764100013,0.373134328358209,0.7313432835820896,1.17910447761194,15.1976322012579,15.1976322012579,-1.771248296399799
0,0,29,0,0,0,0,0,0,1,1.642748663613297,0.2570093457943925,0.5046728971962616,0.8130841121495327,14.98259009249471,14.98259009249471,-2.22578212159957
4,0,29,5,3,3,1,3,1,1,1.681840073007766,0.2897959183673469,0.5755102040816327,0.9224489795918367,15.6496660497779,15.6496660497779,-2.18811236840427
6,0,28,7,5,3,1,5,1,1,1.66385879703751,0.2713178294573643,0.5310077519379846,0.8488372093023255,16.26737059976982,16.26737059976982,-2.185505207352453
4,0,29,5,3,2,1,3,1,1,1.655495921606271,0.3067226890756303,0.6218487394957983,1.004201680672269,15.71490984226363,15.71490984226363,-2.172631225740925
5,0,29,6,4,3,1,4,1,1,1.678491664932207,0.2540322580645161,0.5282258064516129,0.8629032258064516,15.66209712365846,15.66209712365846,-2.121790287384463
9,0,29,10,8,0,1,8,1,1,1.663725565151482,0.2251908396946565,0.4618320610687023,0.7519083969465649,16.10763543774537,16.10763543774537,-2.104997386568719
1,0,29,2,0,4,1,0,1,1,1.679393234167726,0.3039647577092511,0.6079295154185022,0.973568281938326,15.19036598996298,15.19036598996298,-2.186245708387764
1,0,14,1,0,2,1,0,1,0,0.9630453849845525,0.4180327868852459,0.7950819672131147,1.270491803278688,14.59420105220115,14.59420105220115,-1.902490018124247
0,0,10,0,0,0,0,0,0,0,3.454024732823775,0.3647058823529412,0.6823529411764706,1.070588235294118,14.30988963152481,14.30988963152481,-1.76798463087816
0,0,29,5,0,3,0,0,0,0,1.714577391334638,0.2200772200772201,0.4362934362934363,0.722007722007722,15.6781352333198,15.6781352333198,-1.898775403418116
0,0,20,3,0,0,0,0,2,0,0.8519823733886971,0.291970802919708,0.5620437956204379,0.8832116788321168,14.85332283714513,14.85332283714513,-2.196305987572314
0,0,20,3,0,0,0,0,2,0,0.8277124088395473,0.291970802919708,0.5766423357664233,0.927007299270073,14.42376462472456,14.42376462472456,-1.987765801984526
0,0,16,2,0,0,0,0,2,0,0.8500476701923887,0.4036697247706422,0.7889908256880734,1.238532110091743,14.49817816866075,14.49817816866075,-2.041790868832797
0,6,31,2,0,6,0,0,2,0,0.841748317070664,0.2081632653061224,0.4,0.6571428571428571,15.07138489948883,15.07138489948883,-2.12550212685653
2,0,40,4,2,6,0,2,1,2,1.670666446184872,0.1903225806451613,0.3935483870967742,0.6774193548387096,15.83138983527607,15.83138983527607,-2.271257877718415
2,1,39,3,2,4,0,2,0,2,1.671052271806977,0.1974522292993631,0.3949044585987261,0.6464968152866242,15.84169064594139,15.84169064594139,-2.224063007296804
3,0,41,6,3,7,0,3,1,2,1.676958671092081,0.1783625730994152,0.3713450292397661,0.6257309941520468,15.9821633690427,15.9821633690427,-2.306002089976789
2,1,39,3,2,4,0,2,0,2,1.670865519854211,0.1968253968253968,0.3936507936507936,0.6444444444444445,15.83884575167434,15.83884575167434,-2.247640660819826
0,1,31,1,0,11,0,0,1,1,0.8353573881012781,0.212,0.412,0.68,15.18045398038022,15.18045398038022,-2.263429891555478
0,2,30,0,0,9,0,0,0,1,0.8216590739317512,0.1968503937007874,0.3818897637795275,0.610236220472441,15.19169576913183,15.19169576913183,-2.216235021133868
1,1,32,3,1,12,0,1,1,1,1.668355858745162,0.2092198581560284,0.4290780141843972,0.7163120567375887,15.26371816347885,15.26371816347885,-2.299574586792507
0,2,30,0,0,9,0,0,0,1,0.8452869611006116,0.196078431372549,0.3803921568627451,0.6078431372549019,15.18986073910195,15.18986073910195,-2.23981267465689
0,1,14,0,0,1,0,0,0,0,0.8613648781978307,0.3644067796610169,0.6864406779661016,1.059322033898305,14.58787494690596,14.58787494690596,-2.092842047364831
0,0,49,2,0,6,0,0,0,2,1.675885612572105,0.187683284457478,0.3870967741935484,0.6715542521994134,15.52328087520827,15.52328087520827,-2.235968374968931
1,0,22,4,1,3,0,1,2,0,1.646093851335475,0.2795698924731183,0.5806451612903226,0.9838709677419355,15.04977759780045,15.04977759780045,-2.218726606434468
1,0,22,4,1,3,0,1,2,0,1.67608486956906,0.2777777777777778,0.5611111111111111,0.95,14.79888717953449,14.79888717953449,-1.993239531916499
0,0,21,0,0,6,0,0,0,0,1.653857463186213,0.274390243902439,0.5182926829268293,0.8048780487804879,15.34397311133209,15.34397311133209,-1.853076804481319
2,0,42,3,1,9,1,1,2,1,1.67057446664936,0.221183800623053,0.4485981308411215,0.7507788161993769,15.44699644350919,15.44699644350919,-2.268846846520516
2,0,25,2,1,7,1,1,1,0,1.672720727961677,0.3173076923076923,0.6346153846153846,1.009615384615385,15.13725369711532,15.13725369711532,-1.910990870502906
0,0,13,1,0,2,0,0,1,1,0.8646898828328753,0.4215686274509804,0.7647058823529411,1.166666666666667,14.17427980225151,14.17427980225151,-2.150434335368217
3,1,27,4,2,3,1,2,0,1,1.685250906540421,0.2901785714285715,0.5758928571428571,0.90625,15.76610130294351,15.76610130294351,-2.119884275558749
5,0,44,1,1,9,4,1,0,0,1.692769647749503,0.1864406779661017,0.3700564971751412,0.6016949152542372,15.57822528544901,15.57822528544901,-2.263686782239483
0,0,13,0,0,6,0,0,0,0,0.8519262475192669,0.2061068702290076,0.3282442748091603,0.4732824427480916,15.03831089409763,15.03831089409763,-1.526164079995265
0,0,13,0,0,6,0,0,0,0,0.7754787429256611,0.2061068702290076,0.3282442748091603,0.4732824427480916,15.0571697601162,15.0571697601162,-1.515140575243838
0,0,13,0,0,0,0,0,0,0,0.853979176929966,0.1932773109243698,0.319327731092437,0.4705882352941176,14.86220871033954,14.86220871033954,-1.312948709243652
0,0,13,0,0,0,0,0,0,0,0.8581319649253261,0.1932773109243698,0.319327731092437,0.4705882352941176,14.85973708932694,14.85973708932694,-1.312755700239436
1,0,24,1,0,9,1,0,0,0,1.779333963365917,0.2465753424657534,0.4748858447488584,0.7579908675799086,15.41707979430338,15.41707979430338,-1.977100900272819
0,0,13,0,0,0,0,0,0,0,0.8538389107241754,0.2083333333333333,0.3583333333333333,0.5333333333333333,14.85327614879335,14.85327614879335,-1.407918851017437
0,0,14,0,0,0,0,0,0,0,0.8538389107241754,0.2166666666666667,0.3666666666666666,0.5416666666666666,14.8574083801983,14.8574083801983,-1.328404984706317
0,0,13,0,0,0,0,0,0,0,0.8562529839150321,0.1916666666666667,0.3166666666666667,0.4666666666666667,14.86862267590859,14.86862267590859,-1.315860859364454
0,0,13,0,0,0,0,0,0,0,0.8614856758975242,0.2100840336134454,0.361344537815126,0.5378151260504201,14.83350922176143,14.83350922176143,-1.57436687703007
0,0,13,0,0,0,0,0,0,0,0.8497394481656495,0.2083333333333333,0.3583333333333333,0.5333333333333333,14.84999879999223,14.84999879999223,-1.527707018346826
0,0,13,0,0,0,0,0,0,0,0.8548445946399253,0.2083333333333333,0.3583333333333333,0.5333333333333333,14.83434105222713,14.83434105222713,-1.630744888846611
0,0,13,0,0,0,0,0,0,0,0.8576620930596227,0.2083333333333333,0.3583333333333333,0.5333333333333333,14.83853993151967,14.83853993151967,-1.650029836288437
0,0,13,0,0,0,0,0,0,0,0.8528081659666747,0.2083333333333333,0.3583333333333333,0.5333333333333333,14.85126725256906,14.85126725256906,-1.590854605552489
0,0,13,0,0,0,0,0,0,0,0.8521758514076366,0.2083333333333333,0.3583333333333333,0.5333333333333333,14.85407926728019,14.85407926728019,-1.542775204409324
0,0,13,0,0,0,0,0,0,0,0.8549887831095541,0.2083333333333333,0.3583333333333333,0.5333333333333333,14.82160248548855,14.82160248548855,-1.654782954543234
0,0,13,0,0,0,0,0,0,0,0.8552920023468357,0.2083333333333333,0.3583333333333333,0.5333333333333333,14.82174889331407,14.82174889331407,-1.664807401498869
1,1,26,4,1,7,0,1,1,1,1.670976401652574,0.2660944206008584,0.5321888412017167,0.8454935622317596,15.58736017816543,15.58736017816543,-2.238154017213297
1,1,22,4,1,6,0,1,1,1,1.625953265516554,0.31,0.61,0.955,15.78435808331576,15.78435808331576,-1.989507324812186
0,1,17,1,0,6,0,0,1,1,0.8099056469703302,0.3533333333333333,0.64,0.9266666666666666,15.06486613834301,15.06486613834301,-1.98833345921177
1,0,16,4,1,6,0,1,1,0,1.669935356742188,0.30625,0.58125,0.89375,15.47792309570171,15.47792309570171,-1.864893037916729
1,1,19,4,1,6,0,1,1,0,1.659044856964449,0.3146067415730337,0.6067415730337079,0.9382022471910112,15.67863282012452,15.67863282012452,-1.906186083518094
0,1,22,3,0,6,0,0,3,0,0.8381670828681229,0.2386363636363636,0.4488636363636364,0.7215909090909091,15.06978178951639,15.06978178951639,-2.096452314552085
0,1,8,2,0,0,0,0,2,0,3.177094130672919,0.5084745762711864,0.8135593220338984,1.152542372881356,14.0231111096195,14.0231111096195,-1.882130113233697
0,1,33,1,0,7,0,0,1,0,1.671753822375321,0.25390625,0.5078125,0.8515625,15.14361423081211,15.14361423081211,-2.189906396330289
0,1,33,1,0,7,0,0,1,0,1.666889419017071,0.2442748091603053,0.4847328244274809,0.7977099236641222,15.11584238816617,15.11584238816617,-2.195186503972256
0,1,15,0,0,0,0,0,0,0,1.758176926853981,0.4761904761904762,0.8857142857142857,1.371428571428571,14.23326083488434,14.23326083488434,-1.818808322040166
0,1,16,0,0,0,0,0,0,0,1.776948534789703,0.4766355140186916,0.9065420560747663,1.364485981308411,14.48237990966693,14.48237990966693,-1.919958057548614
0,0,14,0,0,0,0,0,0,0,1.7962626557218,0.4736842105263158,0.9157894736842105,1.389473684210526,14.39086522696473,14.39086522696473,-1.81780659309159
0,0,15,0,0,0,0,0,0,0,1.791431048294549,0.4646464646464646,0.9090909090909091,1.383838383838384,14.43250406019373,14.43250406019373,-1.856766081207824
0,0,14,0,0,0,0,0,0,0,1.635467396399175,0.4787234042553192,0.925531914893617,1.393617021276596,14.37584713022842,14.37584713022842,-1.984366799094406
1,0,9,1,0,1,1,0,0,0,2.894911153168941,0.5348837209302325,0.9418604651162791,1.383720930232558,14.24018783913765,14.24018783913765,-1.835757691216046
1,0,21,1,0,3,1,0,0,1,1.665009735673507,0.3620689655172414,0.6551724137931034,0.9885057471264368,15.20182559309299,15.20182559309299,-1.926466832922973
1,0,27,2,0,3,1,0,0,1,1.69986414067956,0.3031674208144796,0.5701357466063348,0.8823529411764706,15.35992974414634,15.35992974414634,-2.11519629659696
3,0,19,4,3,15,0,3,1,0,1.657391366108396,0.2070484581497797,0.3700440528634361,0.5726872246696035,16.12446181565726,16.12446181565726,-1.84369435651454
1,0,6,1,1,1,0,1,0,0,3.602566929056376,0.7666666666666667,1.35,1.916666666666667,14.02742256391052,14.02742256391052,-1.357092965291587
3,0,20,3,3,1,0,3,0,0,1.688476625820725,0.2513368983957219,0.4705882352941176,0.7379679144385026,15.68240387160421,15.68240387160421,-1.560090741422668
1,1,12,1,1,3,0,1,0,0,1.746196926937051,0.3966942148760331,0.6942148760330579,1.049586776859504,15.01715136443795,15.01715136443795,-1.453694552460204
0,2,23,2,0,0,0,0,0,0,1.667894128718773,0.3045977011494253,0.5862068965517241,0.9827586206896551,14.84455548429907,14.84455548429907,-1.822279105017725
0,0,16,3,0,0,0,0,0,0,1.623421257252435,0.3656716417910448,0.7014925373134329,1.119402985074627,14.79948543403147,14.79948543403147,-1.82244740874722
2,0,13,2,0,0,2,0,0,0,1.54295955539494,0.4299065420560748,0.8037383177570093,1.224299065420561,14.56111525258607,14.56111525258607,-1.721685515224364
1,2,25,0,0,8,1,0,0,2,1.8036638738846,0.28125,0.5133928571428571,0.7633928571428571,15.40879886756181,15.40879886756181,-1.854285447475344
0,0,27,3,0,7,0,0,2,2,1.674056202654737,0.2489451476793249,0.459915611814346,0.70042194092827,15.58910330249951,15.58910330249951,-2.102924763959551
0,0,19,0,0,0,0,0,0,0,0.8489093016128905,0.2769230769230769,0.5230769230769231,0.8384615384615385,14.52485144857095,14.52485144857095,-1.599371647587383
0,0,12,1,0,0,0,0,0,0,0.856034234912444,0.3980582524271845,0.7572815533980582,1.194174757281553,14.57067696178246,14.57067696178246,-1.881595268045216
1,0,12,2,1,0,0,1,0,0,1.5893293501215,0.4272727272727272,0.8454545454545455,1.354545454545454,15.13101073266923,15.13101073266923,-1.889287736397556
1,0,12,2,1,0,0,1,0,0,1.732301328586051,0.4476190476190476,0.8857142857142857,1.419047619047619,14.85248275876923,14.85248275876923,-1.87922465320434
1,0,12,2,1,0,0,1,0,0,1.745531115704009,0.4476190476190476,0.8952380952380953,1.438095238095238,14.8578391852358,14.8578391852358,-1.879689506597515
1,0,12,2,1,2,0,1,0,0,1.752625326390592,0.4684684684684685,0.9009009009009009,1.396396396396396,14.93933810597449,14.93933810597449,-1.914271122703355
1,0,12,3,1,0,0,1,0,0,1.697946389887463,0.4128440366972477,0.8165137614678899,1.321100917431193,14.93355785244542,14.93355785244542,-1.853431365505276
0,0,12,2,0,0,0,0,0,0,0.8659412836145526,0.392156862745098,0.7647058823529411,1.215686274509804,14.40272453237939,14.40272453237939,-1.822062509327999
0,0,12,2,0,0,0,0,0,0,0.851191175471724,0.3551401869158878,0.6635514018691588,1.046728971962617,14.67059931553066,14.67059931553066,-1.832125592521215
0,0,12,2,0,0,0,0,0,0,0.8510010230051016,0.3551401869158878,0.6635514018691588,1.02803738317757,14.65636204451301,14.65636204451301,-1.831976999397381
0,0,12,2,0,2,0,0,0,0,0.8329790343887402,0.3628318584070797,0.6637168141592921,1.017699115044248,14.74966091685936,14.74966091685936,-1.909639355937349
1,0,12,2,1,0,0,1,0,0,1.713353674949231,0.411214953271028,0.8037383177570093,1.317757009345794,14.90611452044855,14.90611452044855,-1.656450116286584
0,0,12,2,0,0,0,0,0,0,0.8569084690157739,0.3619047619047619,0.6761904761904762,1.076190476190476,14.58909096395317,14.58909096395317,-1.894302308319667
1,0,15,1,1,0,0,1,0,0,1.730719128222505,0.36,0.68,1.08,14.80087395835891,14.80087395835891,-1.563652525209083
1,0,15,1,1,0,0,1,0,0,1.643897720812814,0.3412698412698413,0.6428571428571429,1.031746031746032,14.8362383895829,14.8362383895829,-1.564857511358668
1,0,15,1,1,0,0,1,0,0,1.776098445704687,0.36,0.664,1.048,14.82075412208648,14.82075412208648,-1.384902095506755
1,0,15,1,1,0,0,1,0,0,1.651072454227346,0.3230769230769231,0.5923076923076923,0.9384615384615385,15.0042911964897,15.0042911964897,-1.569274482416109
1,0,15,1,1,0,0,1,0,0,1.618156255803419,0.3571428571428572,0.6746031746031746,1.055555555555556,14.80427962143991,14.80427962143991,-1.565201160016985
1,0,15,1,1,0,0,1,0,0,1.115904747791769,0.40625,0.7421875,1.15625,15.20376175523086,15.20376175523086,-1.562942648665874
1,0,15,1,1,0,0,1,0,0,1.70436984199232,0.3543307086614173,0.6692913385826772,1.078740157480315,14.84806215463926,14.84806215463926,-1.576839122378815
1,0,16,1,1,0,0,1,0,0,1.736038800483931,0.3383458646616541,0.6390977443609023,1.015037593984963,14.90914752425056,14.90914752425056,-1.567689708524704
0,0,15,1,0,0,0,0,0,0,0.8538764988363637,0.3032786885245902,0.5737704918032787,0.9016393442622951,14.67302744371073,14.67302744371073,-1.542207839419403
1,0,15,1,1,0,0,1,0,0,1.704534284859436,0.336,0.632,0.992,14.7943121841472,14.7943121841472,-1.563323071005865
1,0,15,1,1,5,0,1,0,0,1.694990942957015,0.3481481481481482,0.6518518518518519,1.02962962962963,14.94979677087385,14.94979677087385,-1.625016170011444
1,0,15,1,1,0,0,1,0,0,1.654359897141697,0.3181818181818182,0.5833333333333334,0.9393939393939394,15.02208588516977,15.02208588516977,-1.582461079585841
1,0,14,2,1,0,0,1,1,0,1.752211702205548,0.3488372093023256,0.6744186046511628,1.085271317829457,15.038315290876,15.038315290876,-1.389025274099179
1,0,15,1,1,0,0,1,0,0,1.329668797193329,0.3442622950819672,0.6475409836065574,1.008196721311475,14.75188445968791,14.75188445968791,-1.56296794542283
1,0,15,1,1,0,0,1,0,0,1.720518066511636,0.3543307086614173,0.6535433070866141,1.031496062992126,14.89473488453991,14.89473488453991,-1.398088692676487
1,0,15,1,1,0,0,1,0,0,1.586331299414098,0.344,0.648,1.04,14.78576801704907,14.78576801704907,-1.564475566914223
0,0,12,1,0,0,0,0,0,1,0.8795633886577257,0.3838383838383838,0.7373737373737373,1.121212121212121,14.57559627584177,14.57559627584177,-1.267203683139407
0,0,16,0,0,3,0,0,0,4,1.646298109061429,0.3970588235294117,0.75,1.125,14.96888809168809,14.96888809168809,-1.918890583436149
0,0,12,1,0,0,0,0,0,1,0.8753624390209245,0.39,0.74,1.12,14.58388562769362,14.58388562769362,-1.268408669288992
0,0,12,1,0,0,0,0,0,1,0.8582281186778572,0.3786407766990291,0.7281553398058253,1.116504854368932,14.60678569181648,14.60678569181648,-1.269913490225631
0,0,12,1,0,0,0,0,0,1,0.8775515849237715,0.3461538461538461,0.6442307692307693,0.9711538461538461,14.63460250539482,14.63460250539482,-1.283468729836617
0,0,12,1,0,3,0,0,0,1,0.8520267825632205,0.4,0.7428571428571429,1.114285714285714,14.68192686388486,14.68192686388486,-1.429711247440695
2,0,11,1,1,1,1,1,0,1,1.757702558143609,0.5656565656565656,1.060606060606061,1.606060606060606,14.46439659102109,14.46439659102109,-1.680626928785853
2,0,11,1,1,0,1,1,0,1,1.755408988184143,0.5257731958762887,0.9896907216494846,1.515463917525773,14.4542360242634,14.4542360242634,-1.675440103469616
2,0,11,1,1,1,1,1,0,1,1.617648195765085,0.56,1.05,1.59,14.4703255536266,14.4703255536266,-1.682889108529911
1,0,11,1,1,1,0,1,0,1,1.665321220362213,0.5204081632653061,0.9591836734693877,1.469387755102041,14.43776910932492,14.43776910932492,-1.675990875294657
2,0,11,1,1,1,1,1,0,1,1.686738351349804,0.5288461538461539,0.9615384615384616,1.432692307692308,14.74292456492108,14.74292456492108,-1.690690011979069
2,0,11,1,1,1,1,1,0,0,1.645200430526571,0.52,0.98,1.5,14.4743104391567,14.4743104391567,-1.691679882566079
2,0,11,1,1,1,1,1,0,1,1.608510087787805,0.5480769230769231,1.028846153846154,1.576923076923077,14.53097860001817,14.53097860001817,-1.695183465276705
1,0,11,1,1,1,0,1,0,1,1.627066771634929,0.4851485148514851,0.8910891089108911,1.356435643564357,14.66040562697206,14.66040562697206,-1.329046398189243
1,0,11,1,1,1,0,1,0,0,1.758262166973186,0.4747474747474748,0.8787878787878788,1.353535353535354,14.44768295746053,14.44768295746053,-1.687043829074884
2,0,11,1,1,1,1,1,0,1,1.607676095026457,0.5294117647058824,0.9901960784313726,1.490196078431373,14.66961220632101,14.66961220632101,-1.38986289443808
2,0,11,1,1,1,1,1,0,0,1.738985652552199,0.4854368932038835,0.912621359223301,1.388349514563107,14.70352082108822,14.70352082108822,-1.392247895100953
1,0,11,1,1,1,0,1,0,0,1.68409704364695,0.4411764705882353,0.8137254901960784,1.245098039215686,14.69431424173926,14.69431424173926,-1.33040749745829
2,0,11,1,1,1,1,1,0,1,1.716492963803848,0.5252525252525253,0.9696969696969697,1.454545454545455,14.41008043941819,14.41008043941819,-1.679544663544346
2,0,11,1,1,0,1,1,0,1,1.580670502317521,0.4803921568627451,0.8823529411764706,1.333333333333333,14.68624250783612,14.68624250783612,-1.687281657632002
1,0,11,1,1,0,0,1,0,1,1.65982558362016,0.4356435643564356,0.7821782178217822,1.188118811881188,14.61208750895978,14.61208750895978,-1.680540815212064
2,0,11,1,1,0,1,1,0,1,1.727161551132556,0.4476190476190476,0.819047619047619,1.228571428571429,14.78162883666673,14.78162883666673,-1.410104060107358
2,0,11,1,1,0,1,1,0,0,1.697433373724012,0.4368932038834951,0.8058252427184466,1.223300970873786,14.69615635597173,14.69615635597173,-1.705588247243155
3,0,11,2,2,0,1,2,0,1,1.612288015140698,0.4537037037037037,0.8333333333333334,1.259259259259259,14.84462780435339,14.84462780435339,-1.694826069975896
3,0,11,2,2,0,1,2,0,1,1.657496177704109,0.4166666666666667,0.75,1.12037037037037,14.98767589810262,14.98767589810262,-1.697056018788212
3,0,11,2,2,0,1,2,0,1,1.645354700564021,0.4537037037037037,0.8333333333333334,1.259259259259259,15.17387982312042,15.17387982312042,-1.719173919159073
1,0,11,1,0,0,1,0,0,1,1.258352730149659,0.4646464646464646,0.8383838383838383,1.252525252525253,14.65736807264532,14.65736807264532,-1.675153535818565
2,0,11,2,1,0,1,1,0,1,1.586495239886894,0.4761904761904762,0.9047619047619048,1.4,14.83249501298881,14.83249501298881,-1.725604702899491
2,0,11,1,1,0,1,1,0,1,1.739002311264274,0.4757281553398058,0.8737864077669902,1.330097087378641,14.71273890521164,14.71273890521164,-1.719689065039409
2,0,11,1,1,0,1,1,0,0,1.595102577647353,0.4411764705882353,0.8137254901960784,1.235294117647059,14.68788648906565,14.68788648906565,-1.689242164056794
1,0,12,1,0,1,1,0,1,0,1.304484208231296,0.4347826086956522,0.7913043478260869,1.217391304347826,14.77724640561697,14.77724640561697,-1.661641758622193
1,0,13,3,1,0,0,1,0,0,1.660852617794824,0.4423076923076923,0.8846153846153846,1.423076923076923,14.69883850222257,14.69883850222257,-1.790856018181124
1,0,13,3,1,0,0,1,0,0,1.629819733891229,0.4095238095238095,0.8,1.304761904761905,14.72958170844655,14.72958170844655,-1.793271185431456
1,0,12,3,1,0,0,1,0,0,1.795260766038738,0.4257425742574257,0.8514851485148515,1.396039603960396,14.46946586427851,14.46946586427851,-1.651288442801975
1,0,13,3,1,0,0,1,0,0,1.669299255809108,0.4271844660194175,0.8543689320388349,1.398058252427185,14.69402197866326,14.69402197866326,-1.772666297848547
0,2,33,0,0,0,0,0,0,0,0.843840304205614,0.1936936936936937,0.3963963963963964,0.6801801801801802,14.73114766330768,14.73114766330768,-2.14182540316381
0,2,34,1,0,0,0,0,0,0,0.8359353566191066,0.2034632034632035,0.4329004329004329,0.7532467532467533,14.76338863530484,14.76338863530484,-1.901786789305459
0,2,34,0,0,0,0,0,0,0,0.8395436897624206,0.1902654867256637,0.3982300884955752,0.6991150442477876,14.71860198286112,14.71860198286112,-2.049325377085432
0,2,30,1,0,0,0,0,0,0,1.679569788663227,0.2432432432432433,0.4864864864864865,0.8378378378378378,14.62452788734207,14.62452788734207,-2.017521559577368
0,2,34,1,0,0,0,0,0,0,0.8411123720473573,0.1921397379912664,0.4104803493449782,0.7248908296943232,14.75594814218604,14.75594814218604,-1.901210118009129
3,1,52,1,0,4,3,0,0,1,1.670824090765188,0.2021276595744681,0.4122340425531915,0.6648936170212766,15.49629980099466,15.49629980099466,-2.251679743774308
2,6,51,3,0,7,2,0,3,0,1.474200277329806,0.143939393939394,0.2828282828282828,0.4696969696969697,15.52686795836608,15.52686795836608,-2.475343821900633
0,6,52,4,0,7,0,0,4,0,0.8317442634987036,0.1272264631043257,0.2493638676844784,0.4223918575063613,15.42645513381208,15.42645513381208,-2.476255069289896
0,1,12,0,0,0,0,0,0,0,1.000599591811572,0.2568807339449541,0.4128440366972477,0.5963302752293578,14.86796437337036,14.86796437337036,-1.306577678641594
0,1,12,0,0,0,0,0,0,0,0.8579238912332673,0.2385321100917431,0.3761467889908257,0.5229357798165137,14.77423857229936,14.77423857229936,-1.300958160187596
0,1,12,0,0,6,0,0,0,0,0.8448433428384098,0.2644628099173554,0.4132231404958678,0.5867768595041323,15.03939917089994,15.03939917089994,-1.518536803757654
0,1,12,0,0,6,0,0,0,0,0.8582279597747905,0.2479338842975207,0.3801652892561984,0.5206611570247934,14.95900237820102,14.95900237820102,-1.512917285303656
0,1,14,0,0,0,0,0,0,0,0.8424701040013749,0.224,0.36,0.52,14.98957246113915,14.98957246113915,-1.33645404544138
0,0,2,1,0,0,0,0,1,0,2.595645467298357,1.037037037037037,1.592592592592593,2.074074074074074,12.20675161218451,12.20675161218451,-1.307981439489376
3,0,19,6,2,3,1,2,2,0,1.689863378527888,0.3350253807106599,0.649746192893401,1.020304568527919,15.77089838212879,15.77089838212879,-1.903154716427639
0,0,12,1,0,0,0,0,0,0,0.8654675592239525,0.2912621359223301,0.5048543689320388,0.7572815533980582,14.35356093585237,14.35356093585237,-1.306717296295668
0,0,12,1,0,0,0,0,0,0,0.9168844160101749,0.2912621359223301,0.5048543689320388,0.7669902912621359,14.39879602906332,14.39879602906332,-1.311926137871119
0,0,12,1,0,0,0,0,0,0,0.8665908374634654,0.2912621359223301,0.5048543689320388,0.7475728155339806,14.34951925961348,14.34951925961348,-1.301421023824487
0,0,12,1,0,2,0,0,0,0,0.9557871138617648,0.3364485981308411,0.5794392523364486,0.8598130841121495,14.39595236939695,14.39595236939695,-1.406239813012697
0,0,12,0,0,0,0,0,0,0,0.9004612471889669,0.2474226804123711,0.422680412371134,0.6288659793814433,14.30168840162192,14.30168840162192,-1.302972858692948
1,5,34,0,0,0,1,0,0,2,1.672727605938614,0.2907488986784141,0.5550660792951542,0.9162995594713657,14.57025938779948,14.57025938779948,-2.03716512139892
3,0,34,5,3,2,0,3,0,1,1.677116554288038,0.2435424354243542,0.4797047970479705,0.7564575645756457,15.93363983194242,15.93363983194242,-2.225930765997048
2,0,32,4,2,4,0,2,0,3,1.67859753242139,0.264367816091954,0.524904214559387,0.8467432950191571,15.82855131583818,15.82855131583818,-2.148344032852815
1,0,6,1,1,1,0,1,0,0,3.969462471242077,0.8666666666666667,1.516666666666667,2.15,14.45357244565854,14.45357244565854,-1.451127495297955
2,0,4,1,0,0,2,0,0,0,3.809268394473608,0.8181818181818182,1.409090909090909,1.954545454545455,13.31008345997704,13.31008345997704,-1.248722260601701
2,1,30,4,2,3,0,2,2,0,1.6579228834022,0.2690763052208835,0.5220883534136547,0.8714859437751004,15.86347063419216,15.86347063419216,-2.297178512948915
0,1,30,1,0,3,0,0,1,0,1.674084880227043,0.2857142857142857,0.5622119815668203,0.9216589861751152,14.92018095975379,14.92018095975379,-2.280757386120345
1,1,30,3,1,3,0,1,2,0,1.656476219558754,0.2791666666666667,0.5458333333333333,0.9083333333333333,15.62150141497597,15.62150141497597,-2.293211163553317
1,1,30,3,1,3,0,1,2,0,1.701150766209113,0.2791666666666667,0.55,0.9166666666666666,15.33533896703686,15.33533896703686,-2.29006053100484
2,1,23,4,2,3,0,2,2,0,1.654382653254057,0.3095238095238095,0.6047619047619047,1.0,15.81323135831255,15.81323135831255,-2.139935740187258
2,1,18,4,2,3,0,2,2,0,1.662531748760403,0.36,0.6742857142857143,1.08,15.70248240027509,15.70248240027509,-2.053044250186502
1,0,25,2,0,0,1,0,0,0,1.545351925444281,0.3089005235602094,0.6073298429319371,1.015706806282723,15.28340869533088,15.28340869533088,-1.856644652425864
0,0,23,3,0,0,0,0,0,0,1.687330505039966,0.2840909090909091,0.5568181818181818,0.9318181818181818,14.90189643483023,14.90189643483023,-1.826500142932021
1,0,27,1,0,0,1,0,0,0,1.6831126014286,0.2935323383084577,0.5920398009950248,1.014925373134328,14.99731742194436,14.99731742194436,-1.840738363220827
1,0,14,0,0,0,1,0,0,0,1.751371451111816,0.4347826086956522,0.8,1.208695652173913,14.45425417465391,14.45425417465391,-1.764765308097609
0,0,11,0,0,0,0,0,0,1,3.459059330534703,0.4,0.7411764705882353,1.094117647058824,14.29130474684793,14.29130474684793,-1.645007939688174
0,0,10,1,0,0,0,0,0,0,3.406655495559137,0.5063291139240507,0.9873417721518988,1.493670886075949,14.16541108688587,14.16541108688587,-1.530246878904529
0,0,16,0,0,0,0,0,0,0,0.8376713559826608,0.2972972972972973,0.6126126126126126,1.036036036036036,14.33525526843327,14.33525526843327,-1.661273062103673
0,0,9,1,0,0,0,0,0,0,3.348844402445323,0.5277777777777778,1.0,1.5,14.27625819453301,14.27625819453301,-1.59437259064379
1,0,8,0,0,0,1,0,0,1,3.697446464389421,0.7288135593220338,1.322033898305085,1.830508474576271,13.6435773507162,13.6435773507162,-1.264109549652596
1,0,9,1,1,0,0,1,0,0,3.835586569882866,0.5189873417721519,0.9620253164556962,1.443037974683544,14.55730962772313,14.55730962772313,-1.272338387001928
0,0,14,1,0,0,0,0,0,0,0.8562007848562367,0.3809523809523809,0.7238095238095238,1.114285714285714,14.65763325924642,14.65763325924642,-1.699741955777877
0,0,12,1,0,0,0,0,0,0,0.8524314161724681,0.36,0.67,1.06,14.58540247376662,14.58540247376662,-1.708168944559099
0,0,12,1,0,0,0,0,0,0,1.800257141689392,0.4842105263157895,0.9157894736842105,1.378947368421053,14.73147842650297,14.73147842650297,-1.59434782904436
2,0,13,1,1,0,1,1,0,0,1.726744531327385,0.4845360824742268,0.9896907216494846,1.577319587628866,14.31744240314049,14.31744240314049,-1.312927916386608
1,0,16,0,0,0,1,0,0,0,1.120386837169231,0.360655737704918,0.6639344262295082,1.016393442622951,14.36639228791838,14.36639228791838,-1.757188099189363
0,0,7,1,0,0,0,0,0,0,3.112942545589997,0.660377358490566,1.150943396226415,1.622641509433962,13.66712035079624,13.66712035079624,-1.438791602214191
1,0,11,0,0,0,1,0,0,1,3.953491327467031,0.5432098765432098,1.0,1.493827160493827,14.02850741327356,14.02850741327356,-1.833580500156909
0,0,12,0,0,0,0,0,0,0,1.843862881447147,0.5,0.9,1.322222222222222,14.3938062846146,14.3938062846146,-1.72212786303445
0,0,16,2,0,0,0,0,0,0,1.704702965487624,0.3333333333333333,0.6312056737588653,1.035460992907801,15.05415732283231,15.05415732283231,-1.590502081959689
0,0,23,3,0,0,0,0,0,0,0.829846431904775,0.2285714285714286,0.4514285714285714,0.7542857142857143,15.04150519809837,15.04150519809837,-1.864718948386745
0,1,10,0,0,0,0,0,0,0,3.791906588160133,0.5675675675675675,1.013513513513514,1.472972972972973,13.94265592671347,13.94265592671347,-1.884237779423161
0,0,4,2,0,0,0,0,1,0,3.709627942519615,0.8222222222222222,1.4,2.0,13.81566031219395,13.81566031219395,-1.0807769976163
1,0,12,1,0,1,1,0,0,0,3.949196118375512,0.5348837209302325,0.9418604651162791,1.383720930232558,14.42390127628144,14.42390127628144,-1.901506775004626
2,0,10,2,2,6,0,2,0,0,1.711733456969564,0.3529411764705883,0.6302521008403361,0.9495798319327731,15.37107369569188,15.37107369569188,-1.583391988479431
4,0,10,4,4,4,0,4,0,0,1.716929602261564,0.336,0.6,0.904,15.57587108354183,15.57587108354183,-1.57134366083676
0,0,18,2,0,0,0,0,0,0,0.8498249418808344,0.3235294117647059,0.6397058823529411,1.029411764705882,14.66315597516182,14.66315597516182,-1.925146923896684
4,0,24,4,1,0,3,1,1,0,1.675915215416496,0.2628865979381443,0.5412371134020618,0.8917525773195877,15.03633355655399,15.03633355655399,-1.833130128524804
1,0,26,3,1,4,0,1,2,0,1.657520069070889,0.2914798206278027,0.5739910313901345,0.9506726457399103,15.72655352921968,15.72655352921968,-1.980646481451998
0,0,26,4,0,7,0,0,0,0,1.68230920810368,0.2587719298245614,0.5043859649122807,0.8289473684210527,15.72336475225497,15.72336475225497,-1.976199437899011
1,0,30,3,1,4,0,1,1,0,1.653558212567996,0.273109243697479,0.5588235294117647,0.9537815126050421,15.86241609506449,15.86241609506449,-2.010753207966308
1,0,24,1,1,0,0,1,0,0,1.672394215234502,0.1832460732984293,0.3298429319371728,0.518324607329843,15.32590910716239,15.32590910716239,-1.518077452787386
0,1,19,2,0,4,0,0,0,0,1.63476988496276,0.3725490196078431,0.6928104575163399,1.07843137254902,15.15980837541001,15.15980837541001,-1.945525033010117
0,1,21,1,0,7,0,0,0,1,1.654033098975345,0.3243243243243243,0.6054054054054054,0.9513513513513514,15.16106093612909,15.16106093612909,-1.903457603020195
0,4,14,0,0,3,0,0,0,0,0.8657213465517665,0.2924528301886792,0.4905660377358491,0.6792452830188679,14.2018407155264,14.2018407155264,-1.472841129760174
0,0,15,1,0,0,0,0,0,0,1.723678874880871,0.4049586776859504,0.768595041322314,1.181818181818182,14.84858833989709,14.84858833989709,-1.644555067022299
0,0,14,1,0,0,0,0,0,0,0.8429825880248281,0.2366412213740458,0.4274809160305343,0.6793893129770993,15.10277266257171,15.10277266257171,-1.428966639271307
0,0,14,1,0,0,0,0,0,0,0.8227962382776305,0.2403100775193799,0.4341085271317829,0.689922480620155,15.07919119570388,15.07919119570388,-1.417019789915478
0,0,14,0,0,0,0,0,0,0,0.861740269978346,0.1796875,0.296875,0.4375,14.91535224247437,14.91535224247437,-1.321046357563356
0,0,14,0,0,0,0,0,0,0,0.8463935944171659,0.1953125,0.328125,0.5,15.01435203896878,15.01435203896878,-1.329321222664425
0,0,14,0,0,0,0,0,0,0,0.8493825012786469,0.1916666666666667,0.325,0.5,14.66572364702081,14.66572364702081,-1.339169491721439
0,0,14,0,0,0,0,0,0,0,1.673487953551249,0.1923076923076923,0.3230769230769231,0.4923076923076923,14.99082226920942,14.99082226920942,-1.356261310427924
0,0,14,0,0,0,0,0,0,0,0.8529825655294602,0.1769230769230769,0.2923076923076923,0.4307692307692308,14.96349408139543,14.96349408139543,-1.353738523936077
0,0,14,0,0,0,0,0,0,0,0.850844400949143,0.1854838709677419,0.3145161290322581,0.4838709677419355,14.8432571778038,14.8432571778038,-1.354196813663591
0,0,14,0,0,0,0,0,0,0,0.8299298988292537,0.1953125,0.328125,0.4921875,15.03011067807532,15.03011067807532,-1.335311657484299
0,0,14,0,0,0,0,0,0,0,0.8356567776153928,0.1953125,0.328125,0.4921875,14.98272297528951,14.98272297528951,-1.351736950939808
0,0,14,0,0,0,0,0,0,0,0.8322769504779285,0.1953125,0.328125,0.5,14.97760469509373,14.97760469509373,-1.346778498194462
0,0,22,1,0,3,0,0,0,0,1.725214343714482,0.3049645390070922,0.5602836879432624,0.8652482269503546,14.95408169793828,14.95408169793828,-2.117256315828111
0,0,22,1,0,3,0,0,0,0,1.734442013399525,0.3049645390070922,0.5602836879432624,0.8652482269503546,14.79995927197227,14.79995927197227,-2.136177062296555
0,0,23,3,0,1,0,0,1,0,1.707800040502841,0.3664596273291926,0.7329192546583851,1.173913043478261,14.22634911980965,14.22634911980965,-2.138796220953248
1,6,29,2,1,1,0,1,1,0,1.65752344468368,0.3238095238095238,0.6333333333333333,1.057142857142857,15.28463411333783,15.28463411333783,-1.9362852933699
0,0,23,5,0,0,0,0,0,1,0.8344144808424111,0.2378378378378379,0.4702702702702703,0.745945945945946,15.5705728603092,15.5705728603092,-2.016185480201377
1,6,32,2,1,0,0,1,1,0,1.657502438370558,0.2837837837837838,0.5585585585585585,0.954954954954955,15.32358859424393,15.32358859424393,-1.964781700650423
4,6,42,5,2,2,2,2,1,1,1.641869774808771,0.2212389380530974,0.4572271386430679,0.7846607669616519,15.88342460060294,15.88342460060294,-2.23906334219467
0,6,32,2,0,1,0,0,1,0,1.662000952052951,0.2831858407079646,0.5530973451327433,0.9380530973451328,15.24028669617047,15.24028669617047,-1.99071581813397
0,6,48,3,0,3,0,0,2,0,1.691212961441816,0.1981981981981982,0.4084084084084084,0.7507507507507507,15.11393448484565,15.11393448484565,-2.22074762045493
3,0,24,0,0,0,3,0,0,0,1.856826398863954,0.3038674033149171,0.6022099447513812,0.9834254143646409,15.27804785565726,15.27804785565726,-1.747272963468256
1,6,30,2,1,0,0,1,0,0,1.6540852841577,0.3028846153846154,0.6201923076923077,1.038461538461539,15.13342077549427,15.13342077549427,-2.047718133993524
0,1,8,0,0,1,0,0,0,0,3.30310910678236,0.5068493150684932,0.9041095890410958,1.328767123287671,14.09223819266215,14.09223819266215,-1.284067981497365
0,2,23,2,0,0,0,0,0,0,1.663591435758151,0.3089887640449438,0.5955056179775281,0.9831460674157303,14.99210708012025,14.99210708012025,-1.806005118469623
1,0,10,3,1,0,0,1,0,0,3.976943499412567,0.4623655913978494,0.9247311827956989,1.483870967741935,14.7591218912844,14.7591218912844,-1.583834600392328
1,0,10,3,1,0,0,1,0,0,2.04564460402338,0.4505494505494506,0.8791208791208791,1.43956043956044,14.70663574512453,14.70663574512453,-1.606154223289072
1,0,14,1,1,0,0,1,0,0,1.699465359056152,0.3760683760683761,0.7094017094017094,1.128205128205128,14.760033374147,14.760033374147,-1.913939270090702
1,0,14,1,1,0,0,1,0,0,1.691782328295938,0.4655172413793103,0.8793103448275862,1.379310344827586,14.84295404966542,14.84295404966542,-1.683920740712872
1,0,14,1,1,0,0,1,0,0,1.669567696461921,0.4655172413793103,0.8706896551724138,1.353448275862069,14.86955219975346,14.86955219975346,-1.87598764499622
1,0,14,1,1,0,0,1,0,0,1.716246347527463,0.453781512605042,0.8487394957983193,1.310924369747899,14.79181204108725,14.79181204108725,-1.855467047868479
4,0,13,0,0,0,4,0,0,0,4.321336446066309,0.4222222222222222,0.7444444444444445,1.1,13.92098792887972,13.92098792887972,-1.650553481707809
0,6,33,3,0,1,0,0,2,0,1.66719173662986,0.264957264957265,0.5427350427350427,0.9145299145299145,15.20769288097187,15.20769288097187,-2.134323485013942
0,6,32,2,0,1,0,0,2,0,1.662999193504068,0.2831858407079646,0.5796460176991151,0.9734513274336283,15.21349821326771,15.21349821326771,-2.055901457086523
0,6,31,1,0,1,0,0,1,0,1.671707605657815,0.2777777777777778,0.5509259259259259,0.9120370370370371,14.98384278683253,14.98384278683253,-2.074610979301681
1,0,12,2,0,0,1,0,0,0,1.103889923378871,0.4117647058823529,0.7745098039215687,1.215686274509804,14.58011907984824,14.58011907984824,-1.709985973498052
1,2,27,3,0,3,1,0,0,0,1.684880887249526,0.287037037037037,0.5462962962962963,0.8796296296296297,15.30194785083252,15.30194785083252,-1.977336257960982
0,0,13,0,0,0,0,0,0,0,0.853710792600664,0.1932773109243698,0.319327731092437,0.4621848739495799,14.85247638905465,14.85247638905465,-1.309016595971778
4,0,13,0,0,0,4,0,0,0,1.830207879315927,0.2601626016260163,0.4308943089430894,0.6178861788617886,14.94824424836013,14.94824424836013,-1.712473683356726
3,0,13,0,0,0,3,0,0,0,1.1788272526927,0.2622950819672131,0.4344262295081967,0.6229508196721312,14.84270540861743,14.84270540861743,-1.733332207321868
2,0,13,0,0,0,2,0,0,0,1.751874072337079,0.2644628099173554,0.4380165289256198,0.628099173553719,14.81181284053381,14.81181284053381,-1.763707827326609
0,0,18,1,0,0,0,0,0,0,0.8491529102404768,0.2027027027027027,0.3513513513513514,0.5337837837837838,14.92610252522778,14.92610252522778,-1.377394035849744
0,0,18,1,0,1,0,0,0,0,0.8583367080891637,0.2368421052631579,0.4078947368421053,0.5921052631578947,14.716560675187,14.716560675187,-1.396747496282876
1,0,12,3,1,0,0,1,1,0,1.613517168934508,0.5196078431372549,0.9607843137254902,1.480392156862745,15.01849173891963,15.01849173891963,-1.877206702877889
1,0,12,4,1,0,0,1,1,0,1.794178071437897,0.4953271028037383,0.9158878504672897,1.420560747663551,15.09590492402199,15.09590492402199,-1.86476934068778
1,0,12,3,1,0,0,1,1,0,1.758634823447886,0.5242718446601942,0.9805825242718447,1.504854368932039,15.0345005389538,15.0345005389538,-1.880458922039199
2,0,12,3,1,0,1,1,1,0,1.675273019480174,0.5471698113207547,1.028301886792453,1.566037735849057,15.08054697243877,15.08054697243877,-1.870274557896294
1,0,12,4,1,0,0,1,2,0,1.69761410654508,0.4907407407407408,0.9074074074074074,1.407407407407407,15.09872689762319,15.09872689762319,-1.881517025872965
0,0,9,0,0,6,0,0,0,0,0.8703327129701109,0.2727272727272727,0.4343434343434344,0.6262626262626263,14.75634507118409,14.75634507118409,-1.473463271848222
2,0,17,2,2,6,0,2,0,0,1.658110429800763,0.2804878048780488,0.5365853658536586,0.8475609756097561,15.1850123757631,15.1850123757631,-2.014566042019175
6,0,17,4,3,5,3,3,0,0,1.663448725805647,0.2786885245901639,0.5245901639344263,0.7978142076502732,16.00685219607336,16.00685219607336,-1.726817267847796
0,0,5,0,0,0,0,0,0,0,2.984387503940031,0.4509803921568628,0.7843137254901961,1.196078431372549,13.33673469434087,13.33673469434087,-2.015985623514519
1,0,14,2,1,0,0,1,0,0,1.760288433022686,0.3492063492063492,0.6904761904761905,1.111111111111111,15.02925040907538,15.02925040907538,-1.391364814064077
0,1,12,3,0,0,0,0,2,0,0.8579920527627034,0.2966101694915254,0.5423728813559322,0.864406779661017,15.07395213139058,15.07395213139058,-1.525063675248548
0,1,12,4,0,0,0,0,2,0,0.8677990372223193,0.2727272727272727,0.487603305785124,0.768595041322314,15.18720375537453,15.18720375537453,-1.537144174114762
0,0,14,6,0,0,0,0,0,0,0.8450124172236402,0.2058823529411765,0.3602941176470588,0.5661764705882353,15.28302026459509,15.28302026459509,-1.462865187139376
1,0,12,3,1,1,0,1,1,0,1.56895559882554,0.3870967741935484,0.717741935483871,1.104838709677419,15.09780626102409,15.09780626102409,-1.498109505167833
3,0,15,1,1,1,2,1,0,0,1.680582677908875,0.4186046511627907,0.8062015503875969,1.255813953488372,14.77000007206264,14.77000007206264,-1.644556354480561
0,0,14,3,0,3,0,0,3,0,0.8125666056379373,0.2898550724637681,0.5362318840579711,0.8405797101449275,15.07384080304444,15.07384080304444,-1.514357918473912
2,0,14,4,2,4,0,2,2,0,1.751983560342897,0.2987012987012987,0.5454545454545454,0.8636363636363636,15.60782349299497,15.60782349299497,-1.598583021521314
1,0,14,4,1,5,0,1,0,0,1.661997979897886,0.3098591549295774,0.5774647887323944,0.9436619718309859,15.50847573546279,15.50847573546279,-1.581432792378339
4,0,14,1,1,2,3,1,0,0,1.689315008115107,0.3684210526315789,0.6616541353383458,0.9774436090225563,15.26146761935677,15.26146761935677,-1.870162983059142
0,0,14,1,0,0,0,0,0,1,0.8425931199191858,0.3596491228070176,0.6754385964912281,1.052631578947368,14.7368246970108,14.7368246970108,-1.640583034552135
1,0,15,3,1,0,0,1,0,1,1.661987880172978,0.3923076923076923,0.7538461538461538,1.184615384615385,14.91328647234142,14.91328647234142,-1.793222609100642
1,1,13,0,0,5,1,0,0,0,0.8615994813377272,0.3700787401574803,0.6377952755905512,0.937007874015748,14.9819317117137,14.9819317117137,-2.008897747700763
1,0,13,2,1,2,0,1,0,1,1.720082305059358,0.3923076923076923,0.7153846153846154,1.115384615384615,14.92805966034745,14.92805966034745,-1.791688286753841
0,0,13,0,0,1,0,0,0,0,3.45280304519465,0.3763440860215054,0.6989247311827957,1.064516129032258,14.23744264243566,14.23744264243566,-1.781109656680002
1,0,16,2,1,5,0,1,0,1,1.666328548314587,0.3561643835616438,0.6712328767123288,1.041095890410959,15.31507803486129,15.31507803486129,-1.754598038833638
2,0,15,2,2,0,0,2,0,0,1.677188641783304,0.3488372093023256,0.6511627906976745,1.038759689922481,15.17597422820094,15.17597422820094,-1.566736739786632
2,1,15,1,1,0,1,1,0,0,1.711654782221091,0.4390243902439024,0.8373983739837398,1.284552845528455,14.66779997882352,14.66779997882352,-1.92081417745187
1,1,13,1,1,1,0,1,0,0,1.64175875326505,0.4464285714285715,0.8035714285714286,1.232142857142857,14.85536983442661,14.85536983442661,-1.804740687889484
1,1,11,1,1,1,0,1,0,0,1.779823088391481,0.5368421052631579,0.9789473684210527,1.452631578947368,14.52389855780192,14.52389855780192,-1.391361946522303
1,0,12,1,1,0,0,1,0,0,1.703434859945379,0.3738317757009346,0.6728971962616822,1.074766355140187,14.87180199828271,14.87180199828271,-1.565604408748721
1,0,15,1,1,1,0,1,0,0,1.660820379020976,0.3888888888888889,0.7380952380952381,1.158730158730159,14.97863775281609,14.97863775281609,-1.540142684049325
1,0,14,1,1,0,0,1,0,0,1.624472226047794,0.336,0.6,0.92,14.99330106411294,14.99330106411294,-1.610388724334535
1,0,14,1,1,1,0,1,0,0,1.571033915684082,0.4166666666666667,0.8083333333333333,1.275,14.74045649817311,14.74045649817311,-1.579553839568222
1,0,15,1,1,1,0,1,0,0,1.671676876999441,0.3769230769230769,0.7,1.076923076923077,14.92892740229356,14.92892740229356,-1.450432439237161
1,0,15,1,1,0,0,1,0,0,1.677895638295985,0.3305785123966942,0.5950413223140496,0.9421487603305785,15.09739772570203,15.09739772570203,-1.895113027084097
2,0,13,1,1,0,1,1,0,0,1.620395575233869,0.3916666666666667,0.7333333333333333,1.133333333333333,14.6494864647457,14.6494864647457,-1.549651303758927
1,0,15,1,1,1,0,1,0,0,1.638888143007202,0.4298245614035088,0.8245614035087719,1.271929824561403,14.41576197428103,14.41576197428103,-1.852019671149676
0,0,14,0,0,1,0,0,0,0,0.8428373824040424,0.3551401869158878,0.6635514018691588,1.018691588785047,14.52116473674885,14.52116473674885,-1.353933940673425
0,0,14,1,0,0,0,0,0,0,1.68756656334702,0.4017094017094017,0.7094017094017094,1.094017094017094,14.92147904318093,14.92147904318093,-1.381655842258004
1,0,11,1,1,0,0,1,0,0,1.80287963684001,0.3861386138613861,0.693069306930693,1.059405940594059,14.85265773129595,14.85265773129595,-1.634133514087412
1,0,12,1,1,1,0,1,0,0,1.634641369134236,0.4339622641509434,0.8113207547169812,1.273584905660377,14.54554225035834,14.54554225035834,-1.281179197238006
1,0,13,1,1,1,0,1,0,0,1.640729424253079,0.4622641509433962,0.8679245283018868,1.320754716981132,14.57417333479858,14.57417333479858,-1.56173851902173
2,0,14,1,1,0,1,1,0,0,1.62968727032175,0.4210526315789473,0.7807017543859649,1.210526315789474,14.82010930430953,14.82010930430953,-1.988611075513456
1,0,15,1,1,0,0,1,0,2,1.652053252102644,0.3968253968253968,0.746031746031746,1.150793650793651,14.65728707339017,14.65728707339017,-2.064368954465329
0,0,14,1,0,0,0,0,0,0,0.8425364621440357,0.3414634146341464,0.6585365853658537,1.040650406504065,14.71539487277066,14.71539487277066,-1.885742905340183
0,0,12,1,0,4,0,0,0,1,0.8527607901012437,0.4285714285714285,0.8,1.257142857142857,14.35117858606587,14.35117858606587,-1.80472629367051
0,0,13,0,0,0,0,0,0,0,0.8468035959946845,0.2173913043478261,0.3652173913043478,0.5391304347826087,14.91712170874973,14.91712170874973,-1.320057164682452
0,0,15,0,0,0,0,0,0,0,0.8452648074433589,0.2743362831858407,0.504424778761062,0.8141592920353983,14.38177683780686,14.38177683780686,-1.490597154532615
0,0,16,0,0,0,0,0,0,0,0.8515248185595883,0.256198347107438,0.4710743801652892,0.7603305785123967,14.56357720382769,14.56357720382769,-1.494604292392481
0,0,17,0,0,0,0,0,0,0,0.8336881418539419,0.2403100775193799,0.4418604651162791,0.7131782945736435,14.68703072123037,14.68703072123037,-1.498142521968183
0,0,18,0,0,0,0,0,0,0,0.8540606745166971,0.2246376811594203,0.4130434782608696,0.6666666666666666,14.80979169899785,14.80979169899785,-1.501895798545684
0,0,15,0,0,0,0,0,0,0,0.8562254839213738,0.2743362831858407,0.504424778761062,0.8230088495575221,14.25656382208285,14.25656382208285,-1.617951909789354
0,0,16,0,0,0,0,0,0,0,0.8682573816877375,0.256198347107438,0.4710743801652892,0.7603305785123967,14.40151079693486,14.40151079693486,-1.686601827105986
0,0,17,0,0,0,0,0,0,0,0.8008542988005845,0.2403100775193799,0.4418604651162791,0.7131782945736435,14.5037024344681,14.5037024344681,-1.729714635344293
0,0,18,0,0,0,0,0,0,0,0.8495773192366749,0.2246376811594203,0.4130434782608696,0.6739130434782609,14.62192362533562,14.62192362533562,-1.762922007502229
0,0,14,0,0,0,0,0,0,0,0.8604947961845352,0.2952380952380952,0.5428571428571428,0.8761904761904762,14.17641375668499,14.17641375668499,-1.498625393752881
0,0,15,0,0,0,0,0,0,0,0.8525337205366305,0.2719298245614035,0.5,0.8157894736842105,14.38374337365458,14.38374337365458,-1.504067198414366
0,0,16,0,0,0,0,0,0,0,0.8947352243172346,0.2540983606557377,0.4672131147540984,0.7622950819672131,14.56554373967541,14.56554373967541,-1.508074336274233
0,0,17,0,0,0,0,0,0,0,0.8397114233099521,0.2384615384615385,0.4384615384615385,0.7153846153846154,14.68899725707809,14.68899725707809,-1.511612565849934
0,0,18,0,0,0,0,0,0,0,0.8453759299886614,0.223021582733813,0.4100719424460432,0.6690647482014388,14.81152072668647,14.81152072668647,-1.515365842427436
0,0,15,0,0,0,0,0,0,0,0.8631654021373274,0.2719298245614035,0.5,0.8157894736842105,14.26489756473602,14.26489756473602,-1.631421953671104
0,0,16,0,0,0,0,0,0,0,0.8456737429138336,0.2540983606557377,0.4672131147540984,0.7540983606557377,14.40984453958804,14.40984453958804,-1.700071870987736
0,0,17,0,0,0,0,0,0,0,0.8538639305588268,0.2384615384615385,0.4384615384615385,0.7076923076923077,14.51203617712127,14.51203617712127,-1.743184679226043
0,0,18,0,0,0,0,0,0,0,0.8492440946889381,0.223021582733813,0.4100719424460432,0.6690647482014388,14.59311965921651,14.59311965921651,-1.776392051383979
0,0,6,0,0,0,0,0,0,0,3.59129643242332,0.825,1.4,1.975,12.87018792751175,12.87018792751175,-1.099759361466886
0,0,14,0,0,1,0,0,0,1,1.752976259516262,0.5161290322580645,0.978494623655914,1.494623655913978,13.82106193721566,13.82106193721566,-1.541545276185309
3,0,11,2,0,2,3,0,1,0,1.197021973290771,0.3928571428571428,0.7053571428571429,1.053571428571429,14.82071840721773,14.82071840721773,-1.539190584962031
0,0,11,5,0,2,0,0,1,0,0.8542618763356219,0.3217391304347826,0.5739130434782609,0.8695652173913043,14.89518819471541,14.89518819471541,-1.521674398673124
0,0,25,3,0,1,0,0,1,0,1.661724942068756,0.2783505154639175,0.5567010309278351,0.9278350515463918,15.43243071355098,15.43243071355098,-1.671053283762699
3,1,23,3,3,2,0,3,0,0,1.684589180400337,0.2893401015228426,0.5532994923857868,0.8527918781725888,15.57481536672143,15.57481536672143,-2.156416008176378
0,0,23,3,0,3,0,0,0,2,0.8173624269741528,0.28,0.5371428571428571,0.8571428571428571,15.09753691382783,15.09753691382783,-1.996834147203804
0,0,2,1,0,0,0,0,1,0,2.658078317122565,1.068965517241379,1.689655172413793,2.206896551724138,12.51049358119434,12.51049358119434,-1.498073833541491
0,0,23,5,0,1,0,0,0,0,1.686328504548531,0.2984293193717277,0.5968586387434555,0.9842931937172775,15.3760129004185,15.3760129004185,-1.75586982235925
1,1,14,1,1,1,0,1,0,0,1.627809558484959,0.5462962962962963,0.9814814814814815,1.481481481481481,14.50136856587615,14.50136856587615,-1.957738995618482
0,1,24,5,0,1,0,0,0,0,1.671048194699894,0.3045685279187818,0.5989847715736041,0.9746192893401016,15.3966589133045,15.3966589133045,-1.817351732510142
1,1,24,2,1,1,0,1,0,0,1.65783649968871,0.3855421686746988,0.7349397590361446,1.156626506024096,15.1059541216752,15.1059541216752,-2.067351588935939
1,2,27,1,0,1,1,0,0,1,1.517625869346253,0.2790697674418605,0.5255813953488372,0.8186046511627907,15.0265449511287,15.0265449511287,-1.893021464635507
1,0,27,1,0,1,1,0,0,1,1.310527688215896,0.2723004694835681,0.5258215962441315,0.8356807511737089,14.98776380763356,14.98776380763356,-1.859048093721986
0,0,15,0,0,0,0,0,0,0,1.653055068861501,0.375,0.6730769230769231,0.9903846153846154,13.89450768089029,13.89450768089029,-1.746827123274473
0,0,14,1,0,0,0,0,0,1,1.637069784860295,0.4083333333333333,0.7583333333333333,1.15,14.74990226643201,14.74990226643201,-2.078073016306589
1,0,13,1,0,0,1,0,0,0,1.613361578025086,0.4951456310679612,0.970873786407767,1.456310679611651,14.15401926948184,14.15401926948184,-2.185530572389052
1,0,21,0,0,1,1,0,0,1,1.696279899062347,0.4557823129251701,0.8503401360544217,1.285714285714286,14.50944533092715,14.50944533092715,-2.010833322486637
0,0,12,1,0,1,0,0,0,0,1.760296061006245,0.5684210526315789,1.073684210526316,1.589473684210526,14.93293782493,14.93293782493,-1.91787331160529
0,0,17,0,0,0,0,0,0,0,1.673112655494279,0.4,0.8363636363636363,1.336363636363636,13.93022664405352,13.93022664405352,-1.813395108282428
0,0,13,0,0,1,0,0,0,0,1.605397114749012,0.5217391304347826,1.021739130434783,1.532608695652174,13.64374017655873,13.64374017655873,-2.034770968908193
1,0,19,0,0,1,1,0,0,0,1.080029821994644,0.3902439024390244,0.7479674796747967,1.138211382113821,14.3817425629325,14.3817425629325,-1.949688087554305
1,0,13,3,1,1,0,1,2,0,1.656858932714558,0.5545454545454546,1.063636363636364,1.618181818181818,15.09522118929265,15.09522118929265,-1.96181936974385
0,0,12,1,0,1,0,0,0,0,3.693051525825016,0.5882352941176471,1.058823529411765,1.576470588235294,13.98101103402491,13.98101103402491,-1.664484888930587
0,0,15,1,0,0,0,0,0,0,0.8487943239382013,0.3362068965517241,0.6551724137931034,1.051724137931034,14.60552577058608,14.60552577058608,-1.714726198515932
0,0,7,0,0,0,0,0,0,0,4.02551362745101,0.5573770491803278,1.016393442622951,1.540983606557377,13.98701439155822,13.98701439155822,-1.661487920192934
1,3,42,2,1,1,0,1,1,1,1.670055405358875,0.2268041237113402,0.4536082474226804,0.7697594501718213,15.78659590587655,15.78659590587655,-2.166080788505005
1,0,23,2,1,2,0,1,0,1,1.671779933906886,0.3440860215053764,0.6559139784946236,1.032258064516129,15.46592705033242,15.46592705033242,-2.14808442045194
1,0,11,2,1,0,0,1,0,0,1.612162239988552,0.4591836734693878,0.8979591836734694,1.428571428571429,14.79144845558058,14.79144845558058,-2.03836902301442
0,0,12,2,0,0,0,0,0,0,0.8454173382124122,0.3425925925925926,0.6296296296296297,0.9722222222222222,14.77158446369824,14.77158446369824,-1.830862314048945
0,0,17,2,0,5,0,0,0,0,0.8284620438133354,0.29375,0.58125,0.94375,15.003748726532,15.003748726532,-2.023253890246509
0,0,17,2,0,5,0,0,0,0,0.8357540914161109,0.2760736196319019,0.5214723926380368,0.8282208588957055,15.07160234474576,15.07160234474576,-2.013206143363147
0,0,22,3,0,0,0,0,2,0,0.8550680487111799,0.2857142857142857,0.5974025974025974,1.025974025974026,14.69563289870049,14.69563289870049,-2.065228014893205
2,1,23,3,1,1,1,1,0,0,1.683212678122326,0.3493975903614458,0.6927710843373494,1.156626506024096,14.78424045272723,14.78424045272723,-1.962768998546648
1,2,28,3,1,2,0,1,2,0,1.660479383752936,0.2663755458515284,0.5458515283842795,0.9213973799126638,15.41285990614464,15.41285990614464,-2.104663256275458
0,0,33,3,0,6,0,0,1,2,0.8328136134064898,0.2091254752851711,0.4106463878326996,0.6539923954372624,15.54875413781576,15.54875413781576,-2.117359542097662
1,2,30,2,0,5,1,0,1,1,1.142696852074087,0.2580645161290323,0.5040322580645161,0.8064516129032258,15.30402648160053,15.30402648160053,-2.103637778329061
3,0,31,6,3,4,0,3,3,0,1.661500471834513,0.2321428571428572,0.4607142857142857,0.7714285714285715,15.93670068439954,15.93670068439954,-2.041208156554993
1,0,32,3,1,0,0,1,0,1,1.632057377990628,0.22265625,0.4453125,0.76171875,15.27038516116332,15.27038516116332,-2.066817249986304
2,1,34,3,1,3,1,1,1,3,1.6812136146615,0.2973977695167286,0.620817843866171,1.055762081784387,15.77026860122153,15.77026860122153,-1.943907723429268
0,3,36,0,0,4,0,0,0,0,1.684230397045652,0.2329317269076305,0.4859437751004016,0.8433734939759037,15.25787062671144,15.25787062671144,-2.107894513039608
2,0,36,0,0,8,2,0,0,2,1.671914166705392,0.2211221122112211,0.429042904290429,0.6600660066006601,15.65180240287796,15.65180240287796,-2.101653951927963
1,6,36,5,0,3,1,0,1,1,1.678053506104678,0.2697841726618705,0.5215827338129496,0.8597122302158273,15.39884974112095,15.39884974112095,-2.195624270856384
1,1,38,6,0,2,1,0,6,0,1.221095103911273,0.2163120567375887,0.4326241134751773,0.7446808510638298,15.29419841174109,15.29419841174109,-2.000391497325013
0,1,39,2,0,3,0,0,2,1,1.670739981160837,0.2481481481481481,0.4962962962962963,0.8333333333333334,15.16901700030269,15.16901700030269,-2.223242098543362
1,2,44,5,1,4,0,1,1,1,1.671267143502226,0.2200647249190938,0.4368932038834951,0.7152103559870551,15.46262303562284,15.46262303562284,-2.192018571084025
1,2,39,2,0,2,1,0,0,0,1.673172932460852,0.2380952380952381,0.4863945578231292,0.8163265306122449,15.50724563578291,15.50724563578291,-2.078613935820425
0,2,44,3,0,6,0,0,1,2,0.8310041719324428,0.1886792452830189,0.3710691823899371,0.610062893081761,15.57540209891259,15.57540209891259,-2.115756944633722
3,0,40,3,1,11,2,1,0,0,1.656567555829937,0.1919770773638969,0.3925501432664756,0.664756446991404,16.02026937461621,16.02026937461621,-2.030326123481024
0,1,41,5,0,0,0,0,0,0,1.668817066798874,0.189873417721519,0.3860759493670886,0.6835443037974683,15.6082887354922,15.6082887354922,-2.052644058564763
0,2,42,6,0,2,0,0,2,0,1.678241106532128,0.1957186544342508,0.3914373088685015,0.6758409785932722,15.21826077499778,15.21826077499778,-2.059698482446725
3,3,40,7,3,4,0,3,4,0,1.671103387000928,0.1982758620689655,0.3936781609195402,0.6609195402298851,15.98990776342736,15.98990776342736,-2.25780031488435
2,4,44,3,0,4,2,0,3,0,1.792586087958347,0.182089552238806,0.3611940298507463,0.6,15.45550641334121,15.45550641334121,-2.482189653286392
0,3,49,1,0,5,0,0,1,0,0.8356743241537998,0.1428571428571428,0.2857142857142857,0.4752186588921283,15.51500641541791,15.51500641541791,-2.361319020968137
1,0,49,4,1,10,0,1,1,2,1.669090120118679,0.1657894736842105,0.3394736842105263,0.5736842105263158,15.72651574008315,15.72651574008315,-2.264008298103717
3,0,43,7,2,7,1,2,0,0,1.669919593824404,0.1907356948228883,0.4059945504087193,0.7029972752043597,15.69672501992712,15.69672501992712,-2.120201438605476
1,0,46,2,0,7,1,0,1,2,0.9038374138541241,0.1578947368421053,0.3078947368421053,0.5026315789473684,15.5664315583554,15.5664315583554,-2.259989465859447
1,5,45,1,0,2,1,0,1,0,1.10290250127533,0.1980830670926517,0.4089456869009584,0.7220447284345048,14.75531516653717,14.75531516653717,-2.139314484123192
0,2,47,1,0,3,0,0,1,0,1.680560554042688,0.203125,0.40625,0.703125,15.09987930790865,15.09987930790865,-2.171592200849326
4,2,46,2,1,3,3,1,0,0,1.66295147810845,0.2140762463343109,0.4457478005865103,0.7800586510263929,15.59511599447581,15.59511599447581,-2.429343366236812
1,2,46,1,1,8,0,1,0,0,1.672887026204119,0.1810810810810811,0.3648648648648649,0.6216216216216216,15.26750426776337,15.26750426776337,-2.021832649671049
2,1,49,5,1,2,1,1,0,0,1.677431501022121,0.2077562326869806,0.4293628808864266,0.7617728531855956,15.3106849609779,15.3106849609779,-2.048264818983694
0,4,49,2,0,2,0,0,1,1,1.671447197051132,0.2111801242236025,0.4565217391304348,0.8260869565217391,15.01528937898655,15.01528937898655,-1.95751936371599
2,3,48,2,0,3,2,0,0,0,1.642099002571159,0.2063953488372093,0.436046511627907,0.7936046511627907,15.15012867286931,15.15012867286931,-2.028203596996803
1,6,49,2,0,1,1,0,0,0,1.665042202247879,0.221183800623053,0.4641744548286604,0.8317757009345794,15.1139335545274,15.1139335545274,-1.981341290443117
2,2,49,4,2,5,0,2,0,3,1.643873951076762,0.1906005221932115,0.3942558746736293,0.7023498694516971,15.83089807803358,15.83089807803358,-1.920140321992246
2,5,51,6,0,5,2,0,4,1,1.677707123634015,0.1924050632911392,0.3772151898734177,0.6278481012658228,15.10135181779632,15.10135181779632,-2.339716502118775
0,4,53,2,0,9,0,0,1,0,0.8341367165187541,0.135,0.285,0.5125,15.57766451219979,15.57766451219979,-2.334779766770115
3,3,52,1,0,5,3,0,0,0,1.74507732088141,0.1617250673854447,0.3207547169811321,0.5579514824797843,15.2200640682907,15.2200640682907,-2.11783027592906
4,2,51,2,1,5,3,1,0,0,1.66243975683961,0.1901041666666667,0.3958333333333333,0.7057291666666666,15.6079708132001,15.6079708132001,-2.442500834087733
2,6,50,2,0,1,2,0,0,0,1.662426443157,0.1994134897360704,0.4076246334310851,0.7067448680351907,15.06093851600261,15.06093851600261,-2.316801179433721
4,0,10,4,4,3,0,4,0,0,1.633317082240208,0.3333333333333333,0.5740740740740741,0.8611111111111112,15.38843365553313,15.38843365553313,-1.682803528737152
4,0,10,4,4,2,0,4,0,0,1.642818879548458,0.3725490196078431,0.6176470588235294,0.8921568627450981,15.28150474235203,15.28150474235203,-1.670413791104063
3,0,10,3,3,3,0,3,0,0,1.74476913515767,0.3939393939393939,0.6868686868686869,1.03030303030303,15.16459084276942,15.16459084276942,-1.67091723412668
4,0,9,4,4,3,0,4,0,0,1.677006268155339,0.375,0.6538461538461539,1.0,15.24342005437255,15.24342005437255,-1.654476661634103
3,0,10,3,3,3,0,3,0,0,1.716530887140739,0.3939393939393939,0.6868686868686869,1.050505050505051,14.99121612483553,14.99121612483553,-1.659119271202683
4,0,10,4,4,2,0,4,0,0,1.648626936254195,0.3823529411764706,0.6666666666666666,1.0,14.98522417921331,14.98522417921331,-1.637459715641058
3,0,10,3,3,3,0,3,0,0,1.738052785847329,0.3939393939393939,0.6868686868686869,1.050505050505051,14.98982442585916,14.98982442585916,-1.61615436752946
4,0,9,4,4,3,0,4,0,0,1.672290507001232,0.375,0.6538461538461539,1.0,15.2992426718304,15.2992426718304,-1.600224774181295
3,0,10,3,3,3,0,3,0,0,1.728653783536103,0.3939393939393939,0.6868686868686869,1.04040404040404,15.22577332212649,15.22577332212649,-1.616665346673872
4,0,10,4,4,2,0,4,0,0,1.662752722198707,0.3823529411764706,0.6470588235294118,0.9509803921568627,15.32081848112938,15.32081848112938,-1.637459715641057
0,0,17,2,0,0,0,0,0,0,1.627658961579205,0.3602941176470588,0.7058823529411765,1.161764705882353,14.86947199680863,14.86947199680863,-1.751443196735724
2,0,16,4,2,8,0,2,0,0,1.658479627818099,0.2865168539325842,0.5168539325842697,0.797752808988764,15.66148859639652,15.66148859639652,-1.610219301776194
2,0,28,4,2,6,0,2,0,0,1.67293090128951,0.2544642857142857,0.4866071428571428,0.7767857142857143,15.6170889544832,15.6170889544832,-2.045913416631801
2,0,18,4,2,8,0,2,0,0,1.680986230568005,0.2708333333333333,0.5052083333333334,0.796875,15.73831919652282,15.73831919652282,-1.625782259138739
2,0,17,4,2,8,0,2,0,0,1.681827477264329,0.2810810810810811,0.518918918918919,0.7945945945945946,15.86019365806466,15.86019365806466,-1.652670378225335
2,0,15,2,2,7,0,2,0,0,1.676997809043136,0.3207547169811321,0.5786163522012578,0.8867924528301887,15.57563067996678,15.57563067996678,-1.570785002475076
3,0,23,3,3,12,0,3,0,0,1.639142176450104,0.2131147540983606,0.389344262295082,0.5901639344262295,16.33771945168663,16.33771945168663,-1.72781405902329
4,0,13,6,4,8,0,4,0,0,1.699826123181076,0.2095808383233533,0.3712574850299401,0.5748502994011976,15.94931979572687,15.94931979572687,-1.696780168350868
2,0,25,6,2,8,0,2,1,0,1.666543730736107,0.2458333333333333,0.4708333333333333,0.7416666666666667,15.94160978884423,15.94160978884423,-2.083343394767001
0,0,4,1,0,1,0,0,1,0,2.99879046760752,0.8260869565217391,1.347826086956522,1.891304347826087,13.52065396280545,13.52065396280545,-1.521280659495899
4,0,13,0,0,0,4,0,0,0,1.428972587911024,0.256,0.424,0.608,14.92872871965069,14.92872871965069,-1.794538885982164
4,0,13,0,0,0,4,0,0,0,1.731304419605335,0.256,0.424,0.608,14.89660404810546,14.89660404810546,-1.815270065925463
4,0,13,0,0,0,4,0,0,0,1.628498173649627,0.256,0.424,0.608,14.97838557483326,14.97838557483326,-1.862960358371079
2,0,23,3,2,5,0,2,0,0,1.651820597484973,0.2938388625592417,0.5639810426540285,0.933649289099526,15.66054369936695,15.66054369936695,-1.916888518862118
2,0,23,3,2,4,0,2,0,0,1.688512744756331,0.2870813397129187,0.5502392344497608,0.9043062200956937,15.65031888157176,15.65031888157176,-1.961242813134758
0,0,4,2,0,0,0,0,1,0,2.946110494552683,0.7619047619047619,1.357142857142857,1.928571428571429,13.04367371897193,13.04367371897193,-1.425835133345193
0,0,13,3,0,2,0,0,1,0,0.8398826408328943,0.2977099236641221,0.5267175572519084,0.8091603053435115,14.98480416928977,14.98480416928977,-1.799783445776355
6,8,55,6,3,3,3,3,1,0,1.673690667080962,0.1619537275064267,0.3419023136246787,0.5989717223650386,15.42835518921338,15.42835518921338,-2.378714542013101
0,2,11,0,0,4,0,0,0,0,0.8491334755097688,0.3431372549019608,0.5882352941176471,0.9215686274509803,14.55348495492627,14.55348495492627,-1.394652109802665
0,0,42,7,0,9,0,0,1,0,1.631499043647211,0.1405405405405405,0.2702702702702703,0.4486486486486487,16.2380788420255,16.2380788420255,-1.577014395836693
0,0,59,3,0,17,0,0,0,0,1.638520170441336,0.0998003992015968,0.1936127744510978,0.3293413173652694,16.0040958050817,16.0040958050817,-1.520263144834537
2,6,42,3,1,8,1,1,0,0,1.660531947279081,0.2236024844720497,0.468944099378882,0.8167701863354038,15.29215254950978,15.29215254950978,-2.090186978015632
2,6,45,3,1,8,1,1,0,0,1.66693669569462,0.2149253731343284,0.4507462686567164,0.8,15.31177136240921,15.31177136240921,-2.094492442882952
1,6,45,3,1,8,0,1,0,2,1.670086312750455,0.2158054711246201,0.4407294832826747,0.7811550151975684,15.45431277936962,15.45431277936962,-2.083264506551207
2,6,47,3,2,6,0,2,0,2,1.668337738269583,0.2084592145015106,0.4350453172205438,0.7915407854984894,15.30395122299681,15.30395122299681,-2.073121873110082
2,6,44,4,1,8,1,1,1,0,1.664009553221417,0.2113095238095238,0.4464285714285715,0.7946428571428571,15.26784240757565,15.26784240757565,-2.091308709535699
1,6,43,2,0,8,1,0,0,0,1.660462257794151,0.2151898734177215,0.4430379746835443,0.7753164556962026,15.31672912642139,15.31672912642139,-2.031184108672595
1,6,41,2,0,7,1,0,0,0,1.634286192094114,0.2259136212624585,0.4651162790697674,0.7973421926910299,15.29380465238405,15.29380465238405,-2.011908135356563
1,6,44,2,0,7,1,0,0,0,1.663558924312711,0.2158730158730159,0.4444444444444444,0.7714285714285715,15.31549288080479,15.31549288080479,-2.031485475592999
1,6,43,2,1,7,0,1,1,1,1.673013895787786,0.2411575562700965,0.4887459807073955,0.8327974276527331,15.05273863793054,15.05273863793054,-2.009246340576478
1,6,39,2,1,6,0,1,0,1,1.654994519646218,0.2517482517482518,0.534965034965035,0.9125874125874126,15.19331554223288,15.19331554223288,-1.953889882869453
1,6,39,2,1,5,0,1,0,1,1.679056755580236,0.2553191489361702,0.5319148936170213,0.9184397163120568,15.30620096752155,15.30620096752155,-1.954015582977769
1,6,43,2,1,5,0,1,0,1,1.656790099415709,0.238562091503268,0.5032679738562091,0.8921568627450981,15.32943508215488,15.32943508215488,-1.959640228649949
0,2,27,1,0,0,0,0,0,1,0.8462903221531664,0.2786885245901639,0.5519125683060109,0.907103825136612,14.57982798967608,14.57982798967608,-1.838885461710012
1,2,32,2,0,0,1,0,0,1,1.644797940025037,0.2899159663865546,0.5714285714285714,0.9537815126050421,14.97707870791751,14.97707870791751,-2.04941284805777
0,2,23,3,0,1,0,0,0,0,1.683731639518856,0.3118279569892473,0.5860215053763441,0.978494623655914,15.29481068924114,15.29481068924114,-1.852805419342176
0,0,11,2,0,0,0,0,1,0,1.762055452208461,0.5368421052631579,1.031578947368421,1.589473684210526,14.20417486904934,14.20417486904934,-1.652805446715482
0,0,12,2,0,0,0,0,0,1,0.8790846432343963,0.4387755102040816,0.8367346938775511,1.326530612244898,14.06104329051613,14.06104329051613,-1.683523248935942
0,0,12,2,0,0,0,0,0,1,1.038066393126284,0.4387755102040816,0.8367346938775511,1.336734693877551,14.06024275747477,14.06024275747477,-1.683374655812108
0,0,12,3,0,0,0,0,0,0,0.9041893563275532,0.3861386138613861,0.7425742574257426,1.178217821782178,14.36880169943525,14.36880169943525,-1.723806800628223
0,0,13,3,0,0,0,0,0,0,1.578435782086779,0.4137931034482759,0.7672413793103449,1.224137931034483,14.93409371978638,14.93409371978638,-1.87428499509782
1,0,32,1,1,2,0,1,0,0,1.668951153568695,0.2765957446808511,0.5531914893617021,0.8978723404255319,14.97210874734232,14.97210874734232,-2.158511966092905
1,6,32,4,1,1,0,1,2,1,1.658135340964317,0.2874015748031496,0.5669291338582677,0.9330708661417323,15.35012022632231,15.35012022632231,-2.126804980137377
5,0,12,5,5,2,0,5,0,0,1.663739437226002,0.381294964028777,0.6618705035971223,0.9712230215827338,16.10391439718251,16.10391439718251,-1.491140473933785
3,0,12,5,3,4,0,3,0,0,1.653712698656045,0.3623188405797101,0.644927536231884,1.007246376811594,16.10910072707016,16.10910072707016,-1.552784734924869
0,6,47,7,0,6,0,0,5,0,1.663027926645701,0.1761363636363636,0.3551136363636364,0.6477272727272727,15.42547737164876,15.42547737164876,-2.097065324427273
1,0,28,1,0,6,1,0,1,0,1.719286248230624,0.2739130434782608,0.5304347826086957,0.8652173913043478,15.07369302435688,15.07369302435688,-1.85926470828652
2,4,35,1,1,11,1,1,0,1,1.66175827429711,0.2421052631578947,0.4596491228070175,0.7192982456140351,15.45445237643338,15.45445237643338,-2.323721755006823
0,6,34,4,0,9,0,0,2,0,1.675943876014678,0.2205882352941176,0.4227941176470588,0.6911764705882353,15.20279729034679,15.20279729034679,-2.233623405519501
0,6,34,3,0,8,0,0,1,0,1.672797280401995,0.2206405693950178,0.4448398576512456,0.7437722419928826,15.53493541215915,15.53493541215915,-2.129007951815883
1,6,32,1,0,10,1,0,0,0,1.668891737480276,0.2350746268656717,0.4552238805970149,0.7425373134328358,15.36485072963174,15.36485072963174,-1.940582796626627
1,6,32,1,0,9,1,0,0,0,1.674934217554932,0.2377358490566038,0.460377358490566,0.7433962264150943,15.36094941358162,15.36094941358162,-1.874084964469072
1,6,33,2,0,6,1,0,0,0,1.650358058963163,0.2267206477732794,0.4412955465587045,0.7449392712550608,14.881190275598,14.881190275598,-2.061121719979675
0,6,30,3,0,3,0,0,2,1,1.68144725595944,0.2857142857142857,0.5529953917050692,0.9262672811059908,14.61901230170228,14.61901230170228,-2.01248060784742
0,6,29,3,0,2,0,0,2,1,1.677780389221487,0.2961165048543689,0.5776699029126213,0.9660194174757282,14.59274447861668,14.59274447861668,-2.005631912034917
0,4,17,2,0,6,0,0,1,0,0.8476670708365027,0.2837837837837838,0.5405405405405406,0.8783783783783784,15.08839220397026,15.08839220397026,-1.678674102993133
3,6,65,8,1,6,2,1,1,2,1.659508184648746,0.1529411764705882,0.3137254901960784,0.5568627450980392,15.48618602468577,15.48618602468577,-2.218519756399456
0,6,42,3,0,4,0,0,2,0,1.649265623123571,0.2350746268656717,0.4888059701492538,0.8544776119402985,15.18465901486049,15.18465901486049,-2.131646942595675
0,6,43,4,0,3,0,0,3,0,1.651457769604014,0.2355072463768116,0.4927536231884058,0.8586956521739131,15.03052367010029,15.03052367010029,-2.147032901464267
1,0,37,4,1,3,0,1,3,0,1.715058973898558,0.2418772563176895,0.4945848375451263,0.8231046931407943,15.76142376909401,15.76142376909401,-2.274492704558011
3,0,41,4,2,1,1,2,1,1,1.674106478533974,0.2236842105263158,0.4605263157894737,0.7730263157894737,15.61236155804784,15.61236155804784,-2.344601206383272
2,0,58,4,2,1,0,2,2,1,1.671747233050774,0.1685912240184758,0.3464203233256351,0.6212471131639723,15.42080532556258,15.42080532556258,-2.281479727704561
1,4,17,5,1,6,0,1,2,0,1.709780586279624,0.2807017543859649,0.5380116959064327,0.8654970760233918,15.16254683047146,15.16254683047146,-1.682727948554409
1,4,17,5,1,5,0,1,2,0,1.682004866283929,0.2840236686390533,0.5443786982248521,0.8757396449704142,15.14942524666806,15.14942524666806,-1.63804806031472
1,4,16,4,1,4,0,1,2,0,1.656664851390326,0.3290322580645161,0.632258064516129,1.006451612903226,14.96582997434056,14.96582997434056,-1.644965186554487
1,4,16,4,1,5,0,1,2,0,1.643462006792369,0.3248407643312102,0.6242038216560509,0.9808917197452229,14.97392896701593,14.97392896701593,-1.65158981086202
1,4,16,4,1,5,0,1,2,0,1.682208670577508,0.3248407643312102,0.6242038216560509,0.9936305732484076,14.97456222729988,14.97456222729988,-1.651321976192039
0,6,35,4,0,9,0,0,2,0,1.677075709600788,0.2173913043478261,0.4239130434782609,0.6956521739130435,15.23032699057558,15.23032699057558,-2.238763857212533
0,4,15,2,0,5,0,0,1,0,0.8475540081880444,0.3358208955223881,0.6268656716417911,0.9701492537313433,15.01544756633551,15.01544756633551,-1.659407132519714
0,4,17,2,0,5,0,0,1,0,1.646871519504779,0.3611111111111111,0.6875,1.104166666666667,15.19162963358695,15.19162963358695,-1.617634428219033
2,6,53,4,1,2,1,1,0,0,1.66861994840903,0.1697127937336814,0.3629242819843342,0.6475195822454308,15.25625053651769,15.25625053651769,-2.333957058100476
1,8,47,3,1,4,0,1,2,0,1.672051366606773,0.1864406779661017,0.3728813559322034,0.6474576271186441,14.90485463787747,14.90485463787747,-2.108459504131805
1,8,46,3,1,4,0,1,2,0,1.672429168096671,0.1903114186851211,0.3806228373702422,0.6643598615916955,14.89956610073376,14.89956610073376,-2.106004263470033
0,0,43,7,0,10,0,0,0,0,1.651501397124929,0.137466307277628,0.2641509433962264,0.4366576819407008,16.03764242945849,16.03764242945849,-1.861310740175082
0,4,26,3,0,6,0,0,3,0,1.672936016968685,0.2863849765258216,0.5539906103286385,0.892018779342723,15.15224533248818,15.15224533248818,-2.064023844329087
0,6,35,4,0,8,0,0,2,0,1.662793428854753,0.2335766423357664,0.4671532846715328,0.7773722627737226,15.25592210494807,15.25592210494807,-2.290620131322386
4,4,36,3,0,0,4,0,1,3,1.67139521264185,0.2368421052631579,0.4511278195488722,0.7105263157894737,15.29868069178256,15.29868069178256,-2.137851104304977
1,3,22,1,0,1,1,0,0,0,1.609885826721931,0.4113924050632912,0.7848101265822784,1.215189873417722,14.90816658300557,14.90816658300557,-2.084613566863383
0,8,52,4,0,6,0,0,2,1,1.66509034568924,0.1658291457286432,0.3341708542713568,0.5628140703517588,15.17987157225251,15.17987157225251,-2.445100251292637
0,4,38,5,0,3,0,0,3,0,1.656432984955186,0.2108843537414966,0.4251700680272109,0.7040816326530612,15.1119341723695,15.1119341723695,-2.420096127077612
3,10,48,3,0,2,3,0,1,0,1.673335710186791,0.2075471698113208,0.4245283018867925,0.7358490566037735,14.88822258153534,14.88822258153534,-2.30904107650023
2,6,47,1,0,3,2,0,0,0,1.643112973860702,0.209726443768997,0.4589665653495441,0.8389057750759878,15.18061045083186,15.18061045083186,-2.138398967848
3,8,47,2,0,6,3,0,1,1,1.684586509341267,0.2039106145251397,0.4022346368715084,0.6899441340782123,15.27153665345341,15.27153665345341,-2.350574709734872
2,8,48,2,0,6,2,0,1,1,1.688791102841911,0.2050561797752809,0.4044943820224719,0.699438202247191,15.08228868493319,15.08228868493319,-2.359505745474638
4,6,36,6,2,1,2,2,0,0,1.64424523960631,0.2600732600732601,0.5238095238095238,0.8717948717948718,15.57630410117044,15.57630410117044,-1.965763557503662
1,6,38,6,1,4,0,1,1,0,1.70288970319814,0.2172523961661342,0.4281150159744409,0.7028753993610224,15.45064591195731,15.45064591195731,-2.111114235430336
0,8,22,2,0,2,0,0,0,1,1.694758978358711,0.3758389261744967,0.6845637583892618,1.060402684563758,14.39921588789786,14.39921588789786,-1.899719657435966
1,6,32,2,0,4,1,0,0,0,1.391397319552921,0.2543103448275862,0.4956896551724138,0.8318965517241379,14.74064264531046,14.74064264531046,-2.047356946772187
1,8,33,4,1,6,0,1,1,0,1.673450050305859,0.186046511627907,0.3604651162790697,0.6046511627906976,14.9275460530872,14.9275460530872,-1.989387573337829
0,0,12,0,0,1,0,0,0,0,1.807244366188841,0.5154639175257731,1.020618556701031,1.515463917525773,14.13220915842832,14.13220915842832,-1.961812229469222
0,0,11,1,0,1,0,0,1,0,3.275685239580665,0.6,1.105882352941177,1.647058823529412,13.91213404535174,13.91213404535174,-1.408357813522296
0,0,18,0,0,0,0,0,0,0,1.710418828530471,0.3333333333333333,0.6666666666666666,1.074074074074074,14.4235104739201,14.4235104739201,-1.776724950125209
1,6,41,5,1,4,0,1,2,0,1.650937054349091,0.2323232323232323,0.4814814814814815,0.8215488215488216,15.29582315290855,15.29582315290855,-2.297257843175752
1,0,46,3,0,3,1,0,0,1,1.662199833877682,0.2390572390572391,0.4781144781144781,0.797979797979798,15.16949363802249,15.16949363802249,-2.199762453161663
0,0,35,2,0,9,0,0,0,0,0.8306107397097847,0.1575342465753425,0.3219178082191781,0.5376712328767124,15.2636802397889,15.2636802397889,-2.24543308810522
1,1,36,2,1,6,0,1,0,0,1.640288131380473,0.22,0.4366666666666666,0.74,15.80858410611074,15.80858410611074,-2.035851609787671
0,0,38,3,0,6,0,0,0,0,0.8408470790183863,0.1493506493506493,0.2954545454545455,0.4837662337662338,15.18128595428255,15.18128595428255,-2.289289908718105
1,6,50,4,0,6,1,0,3,0,1.629638526405756,0.193717277486911,0.4057591623036649,0.7460732984293194,15.53493837771436,15.53493837771436,-2.258582210393739
1,6,51,5,0,6,1,0,3,0,1.630387319873163,0.1922077922077922,0.4025974025974026,0.7454545454545455,15.64215642349526,15.64215642349526,-2.266295363111526
1,6,64,6,0,7,1,0,4,0,1.62950576541313,0.1594827586206897,0.3469827586206897,0.6487068965517241,15.73830922617179,15.73830922617179,-2.139371185885382
2,6,46,5,0,6,2,0,3,0,1.656263445531142,0.1929347826086956,0.391304347826087,0.6983695652173914,15.61020199201454,15.61020199201454,-2.121317428920818
0,0,13,2,0,0,0,0,1,0,0.858911291063394,0.43,0.83,1.27,14.31530235005687,14.31530235005687,-1.90515843950042
0,0,13,2,0,0,0,0,1,0,0.8596179518344673,0.4343434343434344,0.8282828282828283,1.262626262626263,14.31302306011604,14.31302306011604,-1.90136144373787
3,8,50,4,1,6,2,1,1,0,1.669405899063205,0.1926121372031662,0.3931398416886543,0.6675461741424802,15.30927266646198,15.30927266646198,-2.435685523511659
2,8,58,6,0,4,2,0,3,1,1.663271292623702,0.1770334928229665,0.3516746411483254,0.6244019138755981,15.36676126111183,15.36676126111183,-2.333540860427296
0,0,71,0,0,5,0,0,0,0,1.652721209665172,0.1104294478527607,0.2433537832310838,0.4498977505112474,15.3934991862746,15.3934991862746,-2.188032051691033
0,0,68,0,0,0,0,0,0,0,1.664719327275289,0.07676767676767676,0.1515151515151515,0.2727272727272727,15.30572210848469,15.30572210848469,-1.928055374558564
0,0,39,3,0,5,0,0,1,0,1.668235807213484,0.1904761904761905,0.3904761904761905,0.6507936507936508,15.60841485645271,15.60841485645271,-2.052810869007837
2,6,46,5,0,6,2,0,3,0,1.670580352803086,0.1924119241192412,0.3875338753387534,0.6829268292682927,15.62536731269547,15.62536731269547,-2.120385308073527
1,6,46,6,0,6,1,0,4,0,1.652037893682115,0.1918918918918919,0.3891891891891892,0.6945945945945946,15.61271868408235,15.61271868408235,-2.121659762861414
1,7,57,4,0,7,1,0,4,0,1.669231987060819,0.1718377088305489,0.3436754176610978,0.6133651551312649,15.76178818450289,15.76178818450289,-2.268820886738435
1,5,57,5,0,7,1,0,5,0,1.668529021034002,0.1694117647058823,0.3388235294117647,0.6023529411764705,15.78206258936189,15.78206258936189,-2.274255845160172
4,6,83,11,2,4,2,2,4,0,1.666317350277409,0.1366024518388791,0.297723292469352,0.5586690017513135,15.23654111931493,15.23654111931493,-2.313060465637561
1,6,83,4,1,5,0,1,1,2,1.662180262029204,0.1225806451612903,0.2548387096774193,0.4693548387096774,15.68748228847894,15.68748228847894,-2.490034020062563
3,0,31,6,1,1,2,1,2,0,1.672091817863896,0.244,0.5,0.868,15.59994608669031,15.59994608669031,-2.120110034626054
4,8,41,5,1,4,3,1,3,0,1.662254947423475,0.2433333333333333,0.5,0.8366666666666667,15.31426845017912,15.31426845017912,-2.133824890141527
0,6,36,5,0,8,0,0,2,0,0.8377155538781743,0.1857142857142857,0.375,0.6321428571428571,15.29165113837857,15.29165113837857,-2.11199998210188
0,6,35,5,0,8,0,0,2,0,0.8362963954460568,0.1884057971014493,0.3731884057971014,0.6268115942028986,15.28137096187945,15.28137096187945,-2.105935727786899
0,2,11,1,0,4,0,0,0,0,0.8440532032047416,0.3831775700934579,0.6728971962616822,1.037383177570093,14.93524235263722,14.93524235263722,-1.430709150316911
0,4,33,3,0,1,0,0,0,0,1.660258101808739,0.2760180995475113,0.583710407239819,0.9909502262443439,15.27772390155151,15.27772390155151,-2.021910509561222
2,0,52,3,0,8,2,0,2,0,1.667761580860386,0.1723237597911227,0.360313315926893,0.6344647519582245,15.58158354813601,15.58158354813601,-2.144015745346811
0,0,21,1,0,5,0,0,0,0,0.8440174968947066,0.2556818181818182,0.5056818181818182,0.8181818181818182,14.82979259362117,14.82979259362117,-1.983357497963357
4,0,22,2,0,1,4,0,0,0,1.007463486925454,0.2808988764044944,0.5449438202247191,0.9157303370786517,14.93533561742365,14.93533561742365,-1.773878836720785
8,0,27,1,0,0,8,0,1,0,1.578790213168418,0.1893491124260355,0.3254437869822485,0.4733727810650887,13.71695419488881,13.71695419488881,-1.492157137413436
8,0,39,3,0,0,8,0,3,0,1.457909174957882,0.1502145922746781,0.2703862660944206,0.407725321888412,14.09936763986541,14.09936763986541,-1.891426461298899
0,2,19,1,0,0,0,0,0,1,1.709920399412243,0.3931034482758621,0.7517241379310344,1.186206896551724,14.89484697925887,14.89484697925887,-1.745765979283916
3,4,20,4,2,4,1,2,2,0,1.704462206427507,0.3595505617977528,0.6853932584269663,1.050561797752809,14.99895870036198,14.99895870036198,-1.630827018731296
3,4,20,4,3,6,0,3,1,0,1.778443151980608,0.3050847457627119,0.5649717514124294,0.8926553672316384,15.07839027593889,15.07839027593889,-1.702264239108827
3,4,20,4,3,5,0,3,1,0,1.708678994756256,0.3352601156069364,0.6242774566473989,0.9884393063583815,15.01227917033181,15.01227917033181,-1.662964664695858
2,4,21,4,2,5,0,2,2,0,1.683776100251675,0.3220338983050847,0.615819209039548,0.9661016949152542,15.0734337435595,15.0734337435595,-1.953100095391849
0,0,6,0,0,0,0,0,0,0,3.039958083940893,0.2982456140350877,0.4736842105263158,0.6666666666666666,13.16273896249577,13.16273896249577,-2.35991961087279
1,0,28,2,0,3,1,0,1,0,1.681364477823439,0.2949308755760369,0.6036866359447005,1.018433179723502,15.30461574911065,15.30461574911065,-1.932446379129095
0,3,21,2,0,1,0,0,0,0,1.766373854458482,0.3933333333333333,0.76,1.2,14.75602013020679,14.75602013020679,-2.154035248609396
3,6,39,5,1,5,2,1,3,0,1.663611990333522,0.2466216216216216,0.5,0.8378378378378378,15.31593752170679,15.31593752170679,-2.102419634681564
1,0,25,0,0,0,1,0,0,1,1.053208595426532,0.2865168539325842,0.5617977528089888,0.949438202247191,14.45925801419853,14.45925801419853,-1.977150468301586
0,1,10,1,0,0,0,0,1,0,3.355950756552389,0.525,0.975,1.4625,13.83368715056092,13.83368715056092,-1.986098294357535
0,0,19,0,0,3,0,0,0,0,0.8493687881107341,0.2714285714285714,0.5357142857142857,0.8714285714285714,14.43787414444419,14.43787414444419,-1.883977599086992
2,8,47,3,1,2,1,1,1,0,1.669181025478621,0.2358490566037736,0.4811320754716981,0.8238993710691824,15.42271813245951,15.42271813245951,-2.223874924933644
0,1,25,3,0,3,0,0,3,0,0.8070102389365078,0.2408376963350785,0.4712041884816754,0.8010471204188482,14.7176969302182,14.7176969302182,-2.310318081147203
3,1,38,4,2,0,1,2,1,0,1.654610594796538,0.2335766423357664,0.4817518248175183,0.8321167883211679,16.02370897279953,16.02370897279953,-2.165627843250497
3,8,50,4,1,5,2,1,0,0,1.669211677900389,0.1883289124668435,0.3793103448275862,0.636604774535809,15.28274651112088,15.28274651112088,-2.467451975211975
2,2,45,4,2,2,0,2,2,2,1.67313463094858,0.22,0.4533333333333333,0.8233333333333334,15.3581224796486,15.3581224796486,-2.165872583204707
0,0,42,6,0,11,0,0,0,0,1.648319103660285,0.1320754716981132,0.2506738544474393,0.4123989218328841,16.05064764844132,16.05064764844132,-1.551245467806795
2,0,62,2,2,20,0,2,0,0,1.643717432676196,0.1071428571428571,0.2048872180451128,0.3684210526315789,16.19269269192094,16.19269269192094,-1.97341649352987
4,0,37,3,2,7,2,2,0,0,1.647729462819049,0.1993670886075949,0.3955696202531646,0.680379746835443,16.16862837505885,16.16862837505885,-1.938060406788235
5,0,52,4,3,9,2,3,0,0,1.645552145555088,0.1441441441441441,0.2905405405405405,0.4887387387387387,16.22796180632733,16.22796180632733,-2.065440551901793
0,0,25,2,0,6,0,0,0,1,1.683500245389975,0.2624434389140272,0.497737556561086,0.7918552036199095,15.54132803999957,15.54132803999957,-1.899130734493208
2,0,29,6,1,5,1,1,0,0,1.66049689597183,0.2421875,0.47265625,0.76171875,15.88450817387541,15.88450817387541,-2.200721005828274
3,0,42,1,0,6,3,0,0,1,1.671451812241644,0.2188449848024316,0.4376899696048632,0.7264437689969605,15.36523543135319,15.36523543135319,-2.283714136666161
1,0,83,16,1,6,0,1,0,0,1.617956238076194,0.09076433121019108,0.1831210191082802,0.3168789808917197,16.24262883125855,16.24262883125855,-1.897053963472194
4,0,39,6,2,6,2,2,2,0,1.670325228030218,0.178125,0.375,0.653125,15.52090636874929,15.52090636874929,-2.196322444512374
3,0,30,4,2,3,1,2,1,0,1.672310305758113,0.2355371900826446,0.4917355371900827,0.8512396694214877,15.46734348122614,15.46734348122614,-1.92617234740685
1,2,68,3,0,8,1,0,0,0,1.646494306189079,0.1515151515151515,0.3095238095238095,0.5497835497835498,15.29121166182642,15.29121166182642,-2.438435580436871
3,6,37,4,0,5,3,0,3,0,1.660492710073671,0.2482269503546099,0.5106382978723404,0.875886524822695,15.32997298122111,15.32997298122111,-2.174497046232519
2,8,47,3,1,3,1,1,2,2,1.67531692037987,0.2082111436950147,0.4281524926686217,0.7390029325513197,14.87402032274047,14.87402032274047,-2.258911390477554
2,2,20,5,2,6,0,2,3,0,1.668693355204711,0.2512820512820513,0.4820512820512821,0.7948717948717948,15.2362095293673,15.2362095293673,-1.689351888947965
2,2,20,5,2,6,0,2,3,0,1.672535504777603,0.2653061224489796,0.5102040816326531,0.8418367346938775,15.24380788490013,15.24380788490013,-1.689550500059076
2,0,23,1,1,2,1,1,0,0,1.66976322071266,0.3068181818181818,0.6420454545454546,1.079545454545455,15.07085473663846,15.07085473663846,-1.864698001877141
2,0,19,1,1,2,1,1,0,0,1.682236681128487,0.3571428571428572,0.7272727272727273,1.194805194805195,14.61604835801297,14.61604835801297,-1.856763926508496
3,0,19,4,0,1,3,0,1,0,0.9724364269018064,0.3223684210526316,0.6381578947368421,1.026315789473684,15.03253908022707,15.03253908022707,-1.715152582060839
4,0,25,2,0,1,4,0,0,1,1.835755192240403,0.3010752688172043,0.5967741935483871,0.9838709677419355,15.09679747445511,15.09679747445511,-1.909050812412671
6,0,25,3,1,1,5,1,1,0,1.670869493429117,0.297979797979798,0.6060606060606061,1.005050505050505,15.00552610729352,15.00552610729352,-1.854073373731549
3,0,18,3,0,2,3,0,0,0,1.367967662056005,0.3703703703703703,0.7098765432098766,1.135802469135802,15.10985016718159,15.10985016718159,-1.574240858149169
2,0,24,3,1,1,1,1,1,0,1.670808212652045,0.2959183673469388,0.6122448979591837,1.030612244897959,15.06882323963173,15.06882323963173,-1.962917289705419
3,0,25,4,2,1,1,2,1,0,1.662938174026797,0.2794117647058824,0.5833333333333334,0.9803921568627451,15.53084400852146,15.53084400852146,-1.969490753748141
2,0,22,2,1,1,1,1,1,0,1.678269026963632,0.2962962962962963,0.5925925925925926,0.9576719576719577,14.90340250219364,14.90340250219364,-1.888180142315558
4,0,27,4,1,0,3,1,0,0,1.669856197445444,0.2598039215686275,0.5343137254901961,0.8921568627450981,15.33932043843453,15.33932043843453,-2.038214982233527
4,0,20,3,1,0,3,1,0,0,1.678756780455618,0.272189349112426,0.5325443786982249,0.8698224852071006,15.08128184423489,15.08128184423489,-1.480600212035435
3,0,19,2,2,1,1,2,0,0,1.688116396607941,0.3419354838709677,0.6709677419354839,1.083870967741936,15.31528669449133,15.31528669449133,-1.561435677242262
3,0,23,2,2,1,1,2,0,0,1.666815185144041,0.3089887640449438,0.601123595505618,0.9775280898876404,15.35154314447815,15.35154314447815,-1.661699577207271
8,0,23,3,1,0,7,1,0,0,1.648617360129883,0.2424242424242424,0.4898989898989899,0.8333333333333334,15.44674954770851,15.44674954770851,-1.602754082445396
3,0,18,4,2,2,1,2,0,0,1.6680120946572,0.345679012345679,0.6851851851851852,1.080246913580247,15.42682152357531,15.42682152357531,-2.002508697654035
4,0,26,2,0,3,4,0,0,1,1.627881195949792,0.2796208530805687,0.5450236966824644,0.8720379146919431,15.0592208229681,15.0592208229681,-2.135528158738146
0,8,19,2,0,5,0,0,0,1,1.680360402716095,0.3312101910828025,0.5923566878980892,0.910828025477707,14.73836062699342,14.73836062699342,-1.571379011588953
2,6,22,1,1,2,1,1,0,0,1.669554414285218,0.3548387096774194,0.6709677419354839,1.019354838709677,14.97781932405826,14.97781932405826,-2.002567752676338
2,2,47,4,2,0,0,2,2,0,1.672235801240779,0.1862745098039216,0.3856209150326798,0.7450980392156863,15.00779746568847,15.00779746568847,-2.21713134702721
3,2,39,4,2,0,1,2,2,0,1.42228101184087,0.2508591065292096,0.5085910652920962,0.865979381443299,15.40484184373895,15.40484184373895,-2.222918507313042
2,4,37,5,2,7,0,2,1,0,1.560862318265968,0.2189542483660131,0.4444444444444444,0.761437908496732,15.80510499376055,15.80510499376055,-1.980053843611176
0,0,9,2,0,0,0,0,1,0,4.161428723106689,0.6527777777777778,1.166666666666667,1.708333333333333,14.07947279193887,14.07947279193887,-1.613364734231866
1,2,27,2,1,4,0,1,0,1,1.648774903110989,0.3397129186602871,0.6602870813397129,1.043062200956938,15.47380521711189,15.47380521711189,-2.063404036371548
1,2,32,2,1,4,0,1,0,1,1.650882997302466,0.3041666666666666,0.6166666666666667,1.016666666666667,15.61246316819627,15.61246316819627,-2.100293641438614
1,0,19,5,1,0,0,1,3,0,1.651778701415549,0.3607594936708861,0.6962025316455697,1.082278481012658,15.45435704616184,15.45435704616184,-1.926788700515299
2,0,26,3,1,1,1,1,2,1,1.637025875883518,0.3609756097560975,0.7024390243902439,1.121951219512195,15.37522377033271,15.37522377033271,-2.024138670005533
0,0,13,0,0,0,0,0,0,0,1.908945637076456,0.4395604395604396,0.7802197802197802,1.164835164835165,14.22165030850545,14.22165030850545,-1.959823618057406
0,0,8,2,0,1,0,0,0,0,4.080188137177159,0.6052631578947368,1.078947368421053,1.565789473684211,14.36176632445001,14.36176632445001,-1.509626361142034
0,0,7,1,0,0,0,0,0,0,3.900242998159136,0.639344262295082,1.147540983606557,1.639344262295082,14.40767572120572,14.40767572120572,-1.418685769881976
2,0,30,1,0,0,2,0,1,0,1.658157466185624,0.2864077669902912,0.558252427184466,0.9029126213592233,15.52597950134937,15.52597950134937,-2.019944327275688
0,0,18,3,0,1,0,0,2,0,1.659838852404362,0.3916083916083916,0.7342657342657343,1.125874125874126,15.15289018677513,15.15289018677513,-1.911492612029004
2,0,44,6,1,1,1,1,4,1,1.650464890529665,0.2170087976539589,0.4340175953079179,0.750733137829912,15.77544898858298,15.77544898858298,-2.081084913878822
2,0,27,4,1,1,1,1,3,1,1.680588700498724,0.3257918552036199,0.6334841628959276,1.027149321266968,15.67018349949514,15.67018349949514,-1.912412132375811
2,0,26,1,0,2,2,0,0,0,1.651802040894342,0.3214285714285715,0.6377551020408163,1.020408163265306,15.17318876847613,15.17318876847613,-2.111322879751916
0,2,9,0,0,2,0,0,0,0,3.272429679067924,0.5142857142857142,0.9,1.314285714285714,13.96310915009504,13.96310915009504,-1.379124268198071
0,2,10,0,0,2,0,0,0,0,3.31558994980695,0.4864864864864865,0.8648648648648649,1.27027027027027,14.00474798332403,14.00474798332403,-1.403431512134435
0,3,11,0,0,2,0,0,0,0,3.381363571321267,0.45,0.825,1.2375,14.11229481293277,14.11229481293277,-1.505811888523571
0,3,10,0,0,2,0,0,0,0,3.342082171725569,0.4736842105263158,0.868421052631579,1.289473684210526,14.07065597970377,14.07065597970377,-1.498522565854402
0,3,9,0,0,1,0,0,0,0,3.231495235669966,0.5538461538461539,1.015384615384615,1.476923076923077,13.92650793466266,13.92650793466266,-1.480895467504911
0,3,10,0,0,1,0,0,0,0,3.277430738572917,0.5217391304347826,0.9565217391304348,1.420289855072464,13.98508872557107,13.98508872557107,-1.489753510425288
0,3,12,1,0,2,0,0,1,0,1.034406166468171,0.4673913043478261,0.8369565217391305,1.260869565217391,14.24613230083253,14.24613230083253,-1.673384310080515
0,3,11,1,0,2,0,0,1,0,3.529981833327791,0.4886363636363636,0.875,1.306818181818182,14.20449346760354,14.20449346760354,-1.666094987411346
0,3,10,1,0,1,0,0,1,0,3.35921463196417,0.5584415584415584,1.0,1.480519480519481,14.06034542256242,14.06034542256242,-1.648467889061855
0,3,11,1,0,1,0,0,1,0,3.421698906144397,0.5308641975308642,0.9506172839506173,1.432098765432099,14.11892621347083,14.11892621347083,-1.657325931982232
1,2,10,1,0,1,1,0,0,0,3.935321616038184,0.5679012345679012,0.9753086419753086,1.444444444444444,14.06615012086734,14.06615012086734,-1.436650016308318
1,2,11,1,0,1,1,0,0,0,4.098913941696074,0.5411764705882353,0.9647058823529412,1.447058823529412,14.21538157684122,14.21538157684122,-1.452845984008894
1,2,17,1,0,2,1,0,0,0,1.116762429714715,0.423728813559322,0.8135593220338984,1.279661016949152,14.62889551516504,14.62889551516504,-1.772518366721684
1,2,18,1,0,2,1,0,0,0,0.876876785008313,0.4098360655737705,0.7868852459016393,1.254098360655738,14.66001368614025,14.66001368614025,-1.775174849316556
0,1,15,0,0,0,0,0,0,0,0.8555112515376684,0.3628318584070797,0.7345132743362832,1.194690265486726,14.26806017253786,14.26806017253786,-1.918942072175424
0,1,14,0,0,0,0,0,0,0,0.8521709002158944,0.3853211009174312,0.7706422018348624,1.229357798165138,14.25496308287645,14.25496308287645,-1.914496329811302
1,4,17,4,1,5,0,1,2,0,1.686936030764332,0.3167701863354037,0.6086956521739131,0.9503105590062112,14.9896676678785,14.9896676678785,-1.669731703625843
1,4,17,4,1,6,0,1,2,0,1.66835570677505,0.3006134969325153,0.5705521472392638,0.901840490797546,14.99672218806152,14.99672218806152,-1.672429111224094
1,4,16,4,1,6,0,1,2,0,1.684397293269136,0.3081761006289308,0.5849056603773585,0.9308176100628931,14.98098348719896,14.98098348719896,-1.657678765829591
1,6,33,2,0,5,1,0,0,0,1.656792277687186,0.242798353909465,0.4732510288065844,0.7942386831275721,14.82120106912658,14.82120106912658,-2.056318380328532
1,6,33,1,0,9,1,0,0,0,1.668619025478376,0.2333333333333333,0.4518518518518518,0.737037037037037,15.35525157933019,15.35525157933019,-1.869740750856405
1,4,18,5,1,5,0,1,2,0,1.688263767409842,0.2774566473988439,0.5317919075144508,0.8497109826589595,15.15763260260383,15.15763260260383,-1.656189953078544
1,4,18,5,1,6,0,1,2,0,1.673480328882745,0.2742857142857143,0.5257142857142857,0.84,15.17075418640723,15.17075418640723,-1.688826838623888
0,6,32,5,0,7,0,0,2,0,1.668916521209847,0.2264150943396226,0.4377358490566038,0.7169811320754716,15.82443478627976,15.82443478627976,-2.118578942126593
0,0,32,1,0,1,0,0,0,1,0.8346923499341569,0.217948717948718,0.4358974358974359,0.7264957264957265,15.14469563596672,15.14469563596672,-1.923234856642029
0,2,14,0,0,1,0,0,0,0,0.8508075833205213,0.3925233644859813,0.7757009345794392,1.224299065420561,14.19980016943008,14.19980016943008,-1.869246975103275
2,0,35,1,1,0,1,1,0,2,1.667021564788058,0.2489626556016598,0.4937759336099585,0.8298755186721992,14.93297111663722,14.93297111663722,-2.110592144645202
0,2,36,0,0,0,0,0,0,1,0.8292878526141311,0.1982758620689655,0.4008620689655172,0.6896551724137931,14.66921064460825,14.66921064460825,-1.999921206152859
0,2,24,3,0,1,0,0,0,0,1.674737148868185,0.3138297872340425,0.601063829787234,0.9946808510638298,15.35549122259467,15.35549122259467,-1.843754741142926
1,0,45,5,0,2,1,0,3,0,1.671499265992302,0.1971014492753623,0.3855072463768116,0.6231884057971014,15.65759108390729,15.65759108390729,-2.189586633757137
2,0,26,4,1,1,1,1,3,1,1.676385344607217,0.3286384976525822,0.6384976525821596,1.046948356807512,15.65152084382461,15.65152084382461,-1.903749774331871
1,0,18,2,1,1,0,1,0,0,1.682591343000871,0.3448275862068966,0.6896551724137931,1.096551724137931,14.73147489884617,14.73147489884617,-1.867145428849953
1,0,8,1,1,2,0,1,0,0,3.985893520745787,0.7123287671232876,1.232876712328767,1.767123287671233,14.10843262882604,14.10843262882604,-1.699512199223356
2,2,26,4,2,5,0,2,0,1,1.670432136284547,0.3214285714285715,0.6294642857142857,1.0,15.80907172884249,15.80907172884249,-1.929641900227023
2,2,27,4,2,5,0,2,0,1,1.665231808328927,0.3103448275862069,0.6077586206896551,0.9698275862068966,15.81948491994979,15.81948491994979,-1.940180505076313
2,4,21,4,2,5,0,2,2,0,1.6796959745651,0.3220338983050847,0.615819209039548,0.9661016949152542,15.09244230637666,15.09244230637666,-1.952877040691849
0,0,12,1,0,1,0,0,0,0,1.769286672175545,0.5252525252525253,0.9797979797979798,1.505050505050505,14.30653362910256,14.30653362910256,-1.642777018707818
0,0,13,1,0,1,0,0,0,0,1.7385309555438,0.5048543689320388,0.941747572815534,1.456310679611651,14.32227232996512,14.32227232996512,-1.667084262644182
0,0,13,0,0,0,0,0,0,0,1.687732025116138,0.4693877551020408,0.8877551020408163,1.326530612244898,14.31437490392535,14.31437490392535,-1.705145816568445
0,0,14,0,0,0,0,0,0,0,1.187334491524041,0.4509803921568628,0.8627450980392157,1.294117647058824,14.35601373715435,14.35601373715435,-1.716123595786579
0,0,14,0,0,0,0,0,0,0,1.59451333877864,0.40625,0.7291666666666666,1.135416666666667,14.23018064484659,14.23018064484659,-1.720796210455638
0,0,15,0,0,0,0,0,0,0,1.612699488488493,0.39,0.7,1.08,14.24591934570915,14.24591934570915,-1.731773989673772
0,0,14,0,0,0,0,0,0,0,1.779656545512531,0.4329896907216495,0.8041237113402062,1.206185567010309,14.22102941196875,14.22102941196875,-1.821282714655774
0,0,15,0,0,0,0,0,0,0,1.759333359496122,0.4158415841584158,0.7821782178217822,1.178217821782178,14.26266824519774,14.26266824519774,-1.845589958592138
0,0,14,0,0,0,0,0,0,0,1.763657228796752,0.4329896907216495,0.7835051546391752,1.175257731958763,14.26019378598636,14.26019378598636,-1.821482087920256
0,0,15,0,0,0,0,0,0,0,1.759660347398872,0.4158415841584158,0.7623762376237624,1.148514851485148,14.28040098978022,14.28040098978022,-1.84578933185662
0,0,12,1,0,0,0,0,0,0,1.761822949116254,0.5051546391752577,0.9587628865979382,1.484536082474227,14.28173404954851,14.28173404954851,-1.623305764928529
0,0,13,2,0,1,0,0,0,0,1.585333768013601,0.5,0.9519230769230769,1.461538461538461,14.52749646046046,14.52749646046046,-1.685258044012744
0,0,14,2,0,1,0,0,0,0,1.568026883594789,0.4814814814814815,0.9166666666666666,1.416666666666667,14.53856551512155,14.53856551512155,-1.709565287949108
0,0,13,0,0,0,0,0,0,0,1.592040838959544,0.4791666666666667,0.90625,1.34375,14.2958031567545,14.2958031567545,-1.715876940820032
0,0,14,0,0,0,0,0,0,0,1.623174581686079,0.46,0.88,1.31,14.3374419899835,14.3374419899835,-1.726854720038166
0,0,13,0,0,0,0,0,0,0,1.61247520693567,0.4693877551020408,0.8877551020408163,1.326530612244898,14.32198594398408,14.32198594398408,-1.705167092775619
0,0,14,0,0,0,0,0,0,0,1.574007438761764,0.46,0.88,1.32,14.30382153647233,14.30382153647233,-1.786162147105134
1,0,13,4,1,1,0,1,0,0,1.628961015499244,0.4406779661016949,0.864406779661017,1.372881355932203,15.13808155153711,15.13808155153711,-1.822651385057533
1,0,14,4,1,1,0,1,0,0,1.617615376195605,0.4262295081967213,0.8360655737704918,1.327868852459016,15.15382025239968,15.15382025239968,-1.83150942797791
1,0,28,2,1,1,0,1,0,0,1.672040372323581,0.3028846153846154,0.6153846153846154,1.0625,15.20217122554657,15.20217122554657,-1.889755087015806
6,8,55,5,2,1,4,2,1,1,1.67082362897925,0.1784776902887139,0.3753280839895013,0.6719160104986877,15.05879292972633,15.05879292972633,-2.384052880251596
2,3,22,1,1,0,1,1,0,0,1.682395975239939,0.3618421052631579,0.7105263157894737,1.171052631578947,14.55294478216382,14.55294478216382,-2.068840269842086
4,8,57,6,1,2,3,1,2,0,1.67020296210224,0.1796116504854369,0.3810679611650485,0.6699029126213593,15.61634719750447,15.61634719750447,-2.335867097069458
1,3,21,1,0,3,1,0,0,0,1.309010007782614,0.4088050314465409,0.7735849056603774,1.194968553459119,15.03950311354392,15.03950311354392,-2.172144070755746
2,8,54,3,2,4,0,2,0,3,1.674531452070861,0.1712707182320442,0.3618784530386741,0.649171270718232,14.89066433091219,14.89066433091219,-2.317508284650208
1,8,54,3,1,6,0,1,0,1,1.652480379523457,0.1939890710382514,0.4043715846994536,0.7076502732240437,15.18644868010422,15.18644868010422,-2.137576772299943
1,8,51,2,1,8,0,1,0,2,1.661271335642416,0.2011173184357542,0.4162011173184357,0.7094972067039106,14.99977917150632,14.99977917150632,-2.134262404218161
4,8,41,5,1,5,3,1,3,0,1.675572679233031,0.2401315789473684,0.4934210526315789,0.8256578947368421,15.34263763428497,15.34263763428497,-2.135073711443524
1,8,33,4,0,7,1,0,4,0,1.218164831331693,0.1948529411764706,0.3676470588235294,0.5955882352941176,15.27584112530616,15.27584112530616,-1.996358344427641
0,7,30,5,0,8,0,0,4,0,0.8290256985641441,0.1764705882352941,0.3450980392156863,0.5686274509803921,15.60251676753867,15.60251676753867,-2.0210569964298
1,8,33,4,1,7,0,1,1,0,1.673375069569507,0.1811320754716981,0.3509433962264151,0.5886792452830188,15.30575294417595,15.30575294417595,-2.02341536360797
2,8,35,5,0,3,2,0,3,1,1.47841450760873,0.2135231316725979,0.4092526690391459,0.6725978647686833,15.32407820332755,15.32407820332755,-2.022724183266834
6,8,39,4,1,2,5,1,2,1,1.67232519931545,0.2426229508196721,0.4819672131147541,0.8131147540983606,15.34498838987771,15.34498838987771,-2.091907899907276
3,0,29,5,0,0,3,0,1,0,1.678053563956659,0.2751091703056768,0.5502183406113537,0.9301310043668122,15.80496624324904,15.80496624324904,-2.150477802363832
2,1,17,2,2,2,0,2,0,0,1.687911918948745,0.460431654676259,0.8561151079136691,1.323741007194245,15.07167661477784,15.07167661477784,-1.965466887681365
0,1,3,0,0,1,0,0,0,0,2.713776285003764,1.064516129032258,1.67741935483871,2.161290322580645,12.91363549277736,12.91363549277736,-1.220221717568711
2,3,31,4,2,6,0,2,0,1,1.67158824561343,0.2744360902255639,0.5413533834586466,0.8796992481203008,15.85074371863807,15.85074371863807,-1.981024161574681
1,1,11,1,1,2,0,1,0,0,1.754793114048438,0.6382978723404256,1.117021276595745,1.638297872340426,14.72179011345454,14.72179011345454,-1.782759922450041
1,2,25,2,1,4,0,1,0,1,1.662348978732346,0.3571428571428572,0.6836734693877551,1.086734693877551,15.41816360693945,15.41816360693945,-2.046542953629459
0,0,5,0,0,0,0,0,0,0,2.898969974936332,0.6976744186046512,1.255813953488372,1.744186046511628,13.24799704306344,13.24799704306344,-1.575909518896567
1,1,14,3,1,0,0,1,1,0,1.644252953092622,0.5087719298245614,1.0,1.578947368421053,14.81880568551006,14.81880568551006,-1.871408807876918
0,1,5,0,0,0,0,0,0,0,2.941370740669571,0.6818181818181818,1.159090909090909,1.636363636363636,12.938346159914,12.938346159914,-1.647229794899799
1,1,9,0,0,0,1,0,0,0,3.953801570864299,0.7121212121212122,1.242424242424242,1.727272727272727,13.90236192315335,13.90236192315335,-2.101770424132384
0,1,5,1,0,0,0,0,0,0,3.069209540812678,0.7551020408163265,1.26530612244898,1.795918367346939,13.31595601338296,13.31595601338296,-1.740227198195342
0,0,16,0,0,1,0,0,0,0,1.635972801521285,0.4210526315789473,0.7719298245614035,1.175438596491228,14.25123184427454,14.25123184427454,-2.014373003844761
0,0,8,1,0,0,0,0,1,0,3.295340927737405,0.48,0.8666666666666667,1.306666666666667,13.94166376731873,13.94166376731873,-2.05303658608906
1,0,29,2,1,1,0,1,0,0,1.666012855135927,0.2971698113207547,0.6037735849056604,1.05188679245283,15.22144039693165,15.22144039693165,-1.895853977085284
7,8,57,6,3,2,4,3,1,0,1.674012434228818,0.1793611793611794,0.3660933660933661,0.6167076167076168,15.70295145817947,15.70295145817947,-2.418854552052838
6,8,54,6,3,3,3,3,1,0,1.671524134452377,0.1657894736842105,0.35,0.6131578947368421,15.40205386241977,15.40205386241977,-2.377765588308199
3,8,41,7,1,4,2,1,4,0,1.669631558365362,0.2426229508196721,0.4983606557377049,0.839344262295082,15.49859183570669,15.49859183570669,-2.078579905657106
4,8,40,5,0,4,4,0,3,0,1.673997828733188,0.2158730158730159,0.4158730158730159,0.6952380952380952,15.15683382941664,15.15683382941664,-2.074591613821329
2,6,54,4,1,2,1,1,0,0,1.668803841637265,0.165374677002584,0.3565891472868217,0.6408268733850129,15.29788936974668,15.29788936974668,-2.334479982959405
0,6,38,5,0,5,0,0,1,0,1.672241543563048,0.2,0.3870967741935484,0.635483870967742,15.42723742450285,15.42723742450285,-2.111328826143687
0,6,36,3,0,4,0,0,0,0,1.674490556038255,0.2342007434944238,0.4684014869888476,0.7732342007434945,15.12002531211272,15.12002531211272,-2.00271675430327
0,0,85,9,0,0,0,0,3,0,1.666194470981696,0.09735973597359736,0.2095709570957096,0.3960396039603961,15.72895908714076,15.72895908714076,-2.344876854747104
1,0,39,2,1,4,0,1,0,0,1.659442824095119,0.2426470588235294,0.5183823529411765,0.9007352941176471,14.99260018591072,14.99260018591072,-2.143957874266101
1,0,38,2,1,2,0,1,0,0,1.669470227796982,0.2296296296296296,0.4851851851851852,0.8518518518518519,15.33565070905233,15.33565070905233,-2.119418976097532
1,0,37,2,1,3,0,1,0,0,1.674471297331113,0.2310469314079422,0.4873646209386281,0.8664259927797834,15.3330884222259,15.3330884222259,-2.11244241672687
1,0,37,2,1,2,0,1,0,0,1.670716387123314,0.2262773722627737,0.4671532846715328,0.8138686131386861,15.34029590895429,15.34029590895429,-2.031626347132145
1,0,33,1,1,0,0,1,0,0,1.684756324213914,0.1973684210526316,0.4035087719298245,0.7017543859649122,14.8233636861516,14.8233636861516,-1.862238160222131
1,0,31,1,1,0,0,1,0,1,1.667184870103119,0.2548076923076923,0.5240384615384616,0.9278846153846154,14.79099767651707,14.79099767651707,-1.824874370523385
1,0,32,1,1,0,0,1,0,1,1.663548456083329,0.2476635514018692,0.5,0.8457943925233645,14.8496502325152,14.8496502325152,-2.154671373190588
1,0,28,2,1,0,0,1,0,1,1.66493467053609,0.2731958762886598,0.5618556701030928,0.9536082474226805,14.77370263556201,14.77370263556201,-1.925981038153593
0,2,32,0,0,0,0,0,0,1,0.8310434246003416,0.1973684210526316,0.3947368421052632,0.6842105263157895,14.53234564280878,14.53234564280878,-2.005602239946523
0,2,38,1,0,0,0,0,0,0,0.841496882908952,0.1877394636015326,0.3793103448275862,0.6743295019157088,14.86144607254841,14.86144607254841,-2.028620856619698
0,2,23,3,0,0,0,0,0,0,1.638541430138589,0.3055555555555556,0.5888888888888889,0.9777777777777777,15.03068823814174,15.03068823814174,-1.807143491027476
0,2,24,3,0,0,0,0,1,0,1.694935057176854,0.3224043715846995,0.6284153005464481,1.038251366120219,15.19653129252359,15.19653129252359,-1.851676127601075
0,2,23,2,0,1,0,0,0,1,1.667633226261572,0.3369565217391304,0.6358695652173914,1.048913043478261,15.02949078503261,15.02949078503261,-1.850401617752414
1,2,23,2,0,1,1,0,1,1,1.653660709760163,0.4069767441860465,0.7616279069767442,1.174418604651163,14.91092604907706,14.91092604907706,-1.811456244891063
0,2,36,0,0,0,0,0,0,0,0.8378259712697018,0.1911111111111111,0.3911111111111111,0.7022222222222222,14.56391701793617,14.56391701793617,-1.993300641747856
0,2,35,0,0,0,0,0,0,1,0.8392380149297399,0.2052401746724891,0.4192139737991266,0.7379912663755459,14.63465541910236,14.63465541910236,-1.99466055545016
0,2,37,1,0,0,0,0,0,0,0.8397391228746991,0.2,0.4081632653061225,0.6857142857142857,14.88073146137942,14.88073146137942,-2.088598695388966
0,2,33,0,0,0,0,0,0,0,0.8403988619039942,0.1923076923076923,0.3894230769230769,0.6442307692307693,14.80786356649046,14.80786356649046,-1.978430683566241
0,2,37,1,0,0,0,0,0,0,0.8409305847572204,0.1776061776061776,0.3629343629343629,0.6486486486486487,14.76677838927401,14.76677838927401,-1.769661319761306
0,2,37,2,0,0,0,0,0,0,0.8359209585769036,0.1769230769230769,0.3653846153846154,0.6615384615384615,14.7661586905568,14.7661586905568,-1.769857241747149
0,2,47,1,0,1,0,0,0,1,0.8344643729161306,0.1706586826347306,0.344311377245509,0.6047904191616766,15.02701351674471,15.02701351674471,-2.104409679700323
1,0,22,2,1,0,0,1,0,1,1.675317616897099,0.3605442176870748,0.7210884353741497,1.17687074829932,14.49686666404786,14.49686666404786,-1.857974569156846
2,0,32,1,1,0,1,1,0,1,1.672469283836076,0.2654867256637168,0.5398230088495575,0.9424778761061947,14.89360967585027,14.89360967585027,-2.068005170384629
1,0,30,1,1,0,0,1,0,0,1.670219667146182,0.2447916666666667,0.5052083333333334,0.8541666666666666,14.80275849027893,14.80275849027893,-2.088106112367496
1,2,34,2,1,0,0,1,0,0,1.669702585736018,0.2172131147540984,0.4508196721311475,0.8114754098360656,14.99640959328583,14.99640959328583,-2.103583484869283
0,2,36,3,0,0,0,0,1,0,0.8417836139275872,0.196,0.408,0.724,14.96324058716104,14.96324058716104,-1.925922466195333
0,2,38,2,0,0,0,0,0,1,0.8404962766416963,0.2,0.4,0.690566037735849,14.92282082319512,14.92282082319512,-2.030697805521252
0,3,35,3,0,0,0,0,1,0,0.9418028489117013,0.1991701244813278,0.4024896265560166,0.6929460580912863,14.94935289801647,14.94935289801647,-1.912838839733591
0,2,33,0,0,0,0,0,0,1,0.844859475529563,0.2052401746724891,0.4104803493449782,0.7074235807860262,14.53661560745212,14.53661560745212,-2.014870387537746
0,2,35,0,0,0,0,0,0,2,0.8385337298193822,0.2034632034632035,0.4155844155844156,0.7229437229437229,14.69993706953337,14.69993706953337,-1.995916624077529
0,2,23,2,0,0,0,0,0,0,1.68098695795055,0.2994350282485876,0.5932203389830508,1.022598870056497,14.92817162543912,14.92817162543912,-1.778289922773175
0,2,33,1,0,0,0,0,0,0,0.8432714941824204,0.2035398230088496,0.4070796460176991,0.7079646017699115,14.57188468985902,14.57188468985902,-2.02489944307609
0,2,32,2,0,0,0,0,0,0,0.8221676115816116,0.2196261682242991,0.4392523364485981,0.7289719626168224,14.82914266204567,14.82914266204567,-1.994341468484925
0,2,47,1,0,1,0,0,0,1,0.8374416441637341,0.1706586826347306,0.344311377245509,0.6047904191616766,15.09187462785583,15.09187462785583,-2.104414845844294
0,2,47,1,0,2,0,0,0,1,0.8360617513507231,0.1676470588235294,0.3382352941176471,0.5941176470588235,15.20927475652016,15.20927475652016,-2.105996782258734
0,2,24,4,0,1,0,0,0,0,1.71231710710752,0.3089005235602094,0.5968586387434555,1.0,15.6243645219144,15.6243645219144,-1.86351888085656
0,3,26,2,0,3,0,0,0,0,0.8436327050300417,0.2552083333333333,0.4895833333333333,0.7916666666666666,14.93869211811071,14.93869211811071,-2.022563866168468
0,2,23,3,0,2,0,0,0,1,1.644032849144727,0.3296703296703297,0.5989010989010989,0.9340659340659341,14.90526198357394,14.90526198357394,-1.983064212678452
2,2,19,2,2,3,0,2,0,1,1.712999282636459,0.4409937888198758,0.8198757763975155,1.211180124223602,15.57547483879579,15.57547483879579,-1.772683684255236
2,0,36,2,1,0,1,1,0,2,1.668407609618193,0.2469135802469136,0.5061728395061729,0.8641975308641975,15.02071423383319,15.02071423383319,-2.049272328916149
1,0,30,1,1,0,0,1,0,1,1.672271924551508,0.2547169811320755,0.5047169811320755,0.8632075471698113,14.79771605488506,14.79771605488506,-1.805106412001958
1,0,28,1,1,0,0,1,0,1,1.670180319032257,0.2512820512820513,0.4769230769230769,0.7897435897435897,14.97637285187649,14.97637285187649,-1.820340802845781
1,0,29,1,1,0,0,1,0,0,1.670677056662349,0.245,0.475,0.81,14.6816928173747,14.6816928173747,-1.886324852466752
1,1,16,1,1,2,0,1,0,1,1.679025676446574,0.4251968503937008,0.8188976377952756,1.259842519685039,15.13770918160264,15.13770918160264,-2.103829255366636
1,1,15,1,1,3,0,1,0,0,1.672300697049815,0.4959349593495935,0.8861788617886179,1.317073170731707,14.90931308126903,14.90931308126903,-1.934390078217785
2,1,17,3,2,2,0,2,0,1,1.672121431538297,0.391304347826087,0.7318840579710145,1.123188405797102,15.42566024590472,15.42566024590472,-1.977390502228066
0,0,33,5,0,3,0,0,3,1,1.628702455639872,0.2388059701492537,0.4888059701492538,0.8619402985074627,15.57446277654526,15.57446277654526,-2.040494367128013
0,0,33,5,0,3,0,0,3,1,1.645534321751654,0.2379182156133829,0.4869888475836431,0.8550185873605948,15.57666699193414,15.57666699193414,-2.041619275667122
1,6,48,2,0,4,1,0,2,0,1.648504227626613,0.2162162162162162,0.4534534534534534,0.8198198198198198,15.24532348710776,15.24532348710776,-2.164500631322832
0,6,48,2,0,3,0,0,2,0,1.664193672599697,0.1891891891891892,0.3843843843843844,0.7147147147147147,15.15800501539843,15.15800501539843,-2.150159773844621
0,4,38,6,0,3,0,0,3,0,1.666848083439761,0.2073578595317726,0.4180602006688963,0.6923076923076923,15.13073413767787,15.13073413767787,-2.419726953790019
1,1,16,2,1,3,0,1,0,1,1.664416169516522,0.4045801526717557,0.7480916030534351,1.145038167938931,15.24230849791182,15.24230849791182,-1.97052591795689
1,2,21,2,1,3,0,1,0,1,1.670032894702751,0.425,0.81875,1.28125,15.15249541468292,15.15249541468292,-1.997651480097286
2,1,14,3,2,3,0,2,0,1,1.687477728741625,0.3777777777777778,0.6888888888888889,1.02962962962963,15.55215671265558,15.55215671265558,-1.781881484227559
0,0,23,1,0,1,0,0,1,0,1.709420334285086,0.3251533742331288,0.6196319018404908,1.0,14.31541307367959,14.31541307367959,-2.29551578574264
2,2,83,1,0,4,2,0,0,3,1.655635257539357,0.1254180602006689,0.254180602006689,0.4498327759197324,15.56043888036159,15.56043888036159,-2.36176558898145
0,0,21,2,0,1,0,0,0,0,0.8525268306256442,0.2913907284768212,0.5695364238410596,0.8940397350993378,14.74863059574093,14.74863059574093,-2.041185300400155
2,2,30,3,2,5,0,2,1,1,1.671928073391829,0.3114754098360656,0.610655737704918,0.9672131147540983,15.70476997368347,15.70476997368347,-1.964255479021314
2,1,16,3,2,2,0,2,1,1,1.684855782519926,0.4191176470588235,0.7647058823529411,1.132352941176471,15.52695403969245,15.52695403969245,-1.832160761150395
2,1,15,2,2,2,0,2,0,1,1.705183529057239,0.3984962406015037,0.7518796992481203,1.142857142857143,15.43266228987743,15.43266228987743,-1.847666608024839
2,1,17,2,2,3,0,2,0,0,1.67750462386248,0.4357142857142857,0.7642857142857142,1.121428571428571,15.51347854948702,15.51347854948702,-1.947958111189031
0,0,12,0,0,0,0,0,0,0,3.390668074555047,0.3095238095238095,0.5595238095238095,0.8571428571428571,13.83846649455969,13.83846649455969,-1.747322674809023
0,0,12,0,0,0,0,0,0,0,3.34448975262344,0.2839506172839506,0.5185185185185185,0.8148148148148148,13.74830120530349,13.74830120530349,-1.731512811125895
0,0,14,0,0,0,0,0,0,1,0.8822998648360036,0.3578947368421053,0.6736842105263158,1.031578947368421,14.06818924168563,14.06818924168563,-1.801783522604653
0,0,16,0,0,0,0,0,0,0,0.853781708850297,0.2621359223300971,0.5145631067961165,0.8543689320388349,14.02860229447823,14.02860229447823,-1.804951621423091
0,0,16,1,0,0,0,0,0,0,0.8636124238753318,0.3428571428571429,0.6761904761904762,1.095238095238095,14.03893562429877,14.03893562429877,-1.833398123480702
1,0,16,0,0,0,1,0,0,0,0.9569463185699582,0.3545454545454546,0.6545454545454545,1.036363636363636,14.399165774289,14.399165774289,-1.818172823043047
0,0,15,0,0,0,0,0,0,1,0.9127426627722435,0.3163265306122449,0.5816326530612245,0.9081632653061225,13.90608109836984,13.90608109836984,-1.664330093724771
0,0,15,1,0,0,0,0,0,0,0.8795396461218413,0.3465346534653465,0.6633663366336634,1.059405940594059,14.07515228658813,14.07515228658813,-1.676847823840006
0,0,13,1,0,0,0,0,0,0,0.8635288181151192,0.3773584905660378,0.7452830188679245,1.179245283018868,14.68724181953238,14.68724181953238,-1.844758342202409
0,0,16,1,0,0,0,0,0,0,0.8363685220289798,0.3389830508474576,0.6864406779661016,1.135593220338983,14.57518545618669,14.57518545618669,-1.805404399007888
0,0,14,1,0,0,0,0,0,0,0.8337857061503754,0.3867924528301887,0.7830188679245284,1.264150943396226,14.43683535823015,14.43683535823015,-1.621845087414665
0,0,16,1,0,0,0,0,0,0,0.8435622570382852,0.3389830508474576,0.6864406779661016,1.135593220338983,14.58740459533488,14.58740459533488,-1.841442808141309
0,0,16,1,0,0,0,0,0,0,0.8447989510200721,0.3389830508474576,0.6864406779661016,1.14406779661017,14.58845062302052,14.58845062302052,-1.841476835476002
0,0,14,1,0,0,0,0,0,0,0.8454752694780732,0.3831775700934579,0.7663551401869159,1.224299065420561,14.47094749366205,14.47094749366205,-1.71302281336408
1,0,15,1,0,0,1,0,0,0,1.321344016512959,0.4,0.7739130434782608,1.182608695652174,14.51539317496328,14.51539317496328,-1.664967609748629
1,0,15,1,0,0,1,0,0,0,1.360571378848109,0.3865546218487395,0.7478991596638656,1.159663865546219,14.54378902897359,14.54378902897359,-1.78784009428173
0,0,16,2,0,0,0,0,0,0,0.8465484395436209,0.3305785123966942,0.6694214876033058,1.12396694214876,14.61423288467414,14.61423288467414,-1.843727444275377
0,0,16,1,0,0,0,0,0,0,0.8550458796630304,0.3361344537815126,0.6890756302521008,1.126050420168067,14.50929172143411,14.50929172143411,-1.836519016602545
1,0,17,1,0,0,1,0,0,0,1.849349777705378,0.3700787401574803,0.7322834645669292,1.149606299212598,14.65374327291983,14.65374327291983,-1.848526921341852
1,0,13,1,0,0,1,0,0,0,1.585302770911795,0.4380952380952381,0.8476190476190476,1.304761904761905,14.55396268656682,14.55396268656682,-1.827874656935423
0,0,24,0,0,0,0,0,0,1,1.651275979277055,0.2982456140350877,0.6081871345029239,1.04093567251462,15.00865210285806,15.00865210285806,-1.95802715465574
3,6,40,3,1,4,2,1,0,1,1.673169658439017,0.2677966101694915,0.559322033898305,0.9491525423728814,15.55852043046397,15.55852043046397,-2.064722159762248
4,0,24,5,0,0,4,0,0,0,1.244038371049533,0.2604166666666667,0.5104166666666666,0.8333333333333334,15.19247998876196,15.19247998876196,-1.897140365040729
4,0,24,5,0,1,4,0,0,0,1.283354496978867,0.2680412371134021,0.520618556701031,0.845360824742268,15.22068981312563,15.22068981312563,-1.903497154678281
3,0,62,8,1,3,2,1,2,2,1.67028988650796,0.139874739039666,0.2943632567849687,0.5260960334029228,15.71796172344346,15.71796172344346,-2.541253372103419
1,6,39,6,1,4,0,1,1,0,1.671454251948884,0.2113564668769716,0.4195583596214511,0.7003154574132492,15.46991508334239,15.46991508334239,-2.11172663979213
1,6,52,5,0,6,1,0,3,0,1.634210958442623,0.1876606683804627,0.3958868894601543,0.7326478149100257,15.6439984332802,15.6439984332802,-2.268673697214576
4,0,23,5,0,0,4,0,1,0,1.317807685154911,0.265625,0.515625,0.84375,15.19326648408752,15.19326648408752,-1.903562039297221
3,0,24,5,0,1,3,0,1,0,1.823663506536432,0.282051282051282,0.5435897435897435,0.8923076923076924,15.20452475177331,15.20452475177331,-1.91454621709917
0,0,38,2,0,1,0,0,0,0,1.658572233240365,0.2007299270072993,0.4087591240875912,0.6788321167883211,15.57486088438598,15.57486088438598,-2.030468254874364
0,0,39,6,0,10,0,0,1,0,1.620390238022317,0.1516034985422741,0.2915451895043732,0.4956268221574344,16.1325763320972,16.1325763320972,-1.549057624495566
1,0,41,2,0,7,1,0,1,0,1.670802362403926,0.2192691029900332,0.4451827242524917,0.7408637873754153,15.49003973669293,15.49003973669293,-2.129576406123935
1,0,21,1,0,5,1,0,0,0,1.659058545411562,0.3662790697674418,0.6976744186046512,1.075581395348837,15.25156721958922,15.25156721958922,-1.902290186994321
1,6,65,6,0,7,1,0,4,0,1.629526811533338,0.1581196581196581,0.344017094017094,0.6474358974358975,15.73897955808885,15.73897955808885,-2.140981144155553
1,6,65,6,0,7,1,0,4,0,1.629374476497971,0.158458244111349,0.3447537473233405,0.6466809421841542,15.70012510446167,15.70012510446167,-2.140964543481036
1,6,64,6,0,7,1,0,4,0,1.640520217740712,0.1608695652173913,0.35,0.6521739130434783,15.73143674205905,15.73143674205905,-2.140749482100332
1,6,40,5,1,3,0,1,2,0,1.669667540063658,0.2457337883959044,0.515358361774744,0.89419795221843,15.59417988281685,15.59417988281685,-2.06975613704042
2,4,16,2,2,0,0,2,0,0,1.741577075216741,0.4953271028037383,0.897196261682243,1.383177570093458,14.43780334182354,14.43780334182354,-1.922432072000014
7,9,59,6,3,2,4,3,1,0,1.671877961936091,0.1746411483253588,0.3564593301435406,0.6052631578947368,15.70129563342436,15.70129563342436,-2.415436463950885
1,1,35,3,1,5,0,1,0,0,1.672643473063621,0.1957295373665481,0.405693950177936,0.693950177935943,15.54458829746726,15.54458829746726,-2.214537542671384
4,9,58,6,1,2,3,1,2,0,1.670765780707399,0.1770334928229665,0.3755980861244019,0.6602870813397129,15.61678922738404,15.61678922738404,-2.316469417276151
1,0,26,4,0,3,1,0,0,0,1.658976518447123,0.2564102564102564,0.4786324786324787,0.7094017094017094,15.67105347976065,15.67105347976065,-1.765591464869899
1,0,27,2,1,4,0,1,1,0,1.674785473993023,0.2837837837837838,0.5675675675675675,0.9459459459459459,15.56040307021281,15.56040307021281,-1.792363945004576
0,0,36,2,0,9,0,0,0,0,0.8414636096152727,0.1582491582491583,0.3198653198653199,0.5353535353535354,15.27072156201394,15.27072156201394,-2.257173886192655
2,0,62,2,2,20,0,2,0,0,1.638015899109979,0.1073446327683616,0.2052730696798493,0.3578154425612053,16.19021265301082,16.19021265301082,-1.973242474837712
4,0,25,4,1,0,3,1,1,0,1.630572555281445,0.2575757575757576,0.5303030303030303,0.8838383838383839,15.04042327232989,15.04042327232989,-1.857437372461168
4,0,24,4,1,5,3,1,1,0,1.619374619140797,0.2579185520361991,0.5203619909502263,0.8552036199095022,15.28801000645983,15.28801000645983,-1.938596339988501
4,0,25,4,1,5,3,1,1,0,1.676919582596163,0.2533333333333334,0.5155555555555555,0.8577777777777778,15.29209972223573,15.29209972223573,-1.962903583924865
4,0,24,4,1,0,3,1,1,0,1.668088033507911,0.2653061224489796,0.5408163265306123,0.8928571428571429,15.06723635508111,15.06723635508111,-1.969412430317214
4,0,25,4,1,0,3,1,1,0,1.661928317494556,0.26,0.535,0.895,15.07132607085702,15.07132607085702,-1.993719674253578
0,0,68,0,0,0,0,0,0,1,1.642358734456602,0.1194029850746269,0.2537313432835821,0.4754797441364605,15.32691650915157,15.32691650915157,-2.41454908942622
3,0,63,6,0,7,3,0,5,0,1.641179401607409,0.1441048034934498,0.2991266375545851,0.5720524017467249,15.68379227941585,15.68379227941585,-2.146260431276474
2,0,29,4,1,1,1,1,3,1,1.612576003595768,0.3037974683544304,0.5907172995780591,0.9789029535864979,15.71543422344525,15.71543422344525,-1.920973698984527
2,0,30,4,1,1,1,1,3,1,1.651882660184007,0.2938775510204082,0.5714285714285714,0.9428571428571428,15.73521918252131,15.73521918252131,-1.923727131142061
2,0,36,5,1,1,1,1,4,1,1.660461750317128,0.2517482517482518,0.493006993006993,0.8321678321678322,15.80411224771905,15.80411224771905,-2.000043110170074
2,0,40,6,1,1,1,1,4,1,1.664932206193411,0.2285714285714286,0.4571428571428571,0.7936507936507936,15.83495722977466,15.83495722977466,-2.041828119676715
2,0,49,7,1,2,1,1,5,1,1.651385486765872,0.1912144702842377,0.3824289405684754,0.661498708010336,15.88412897986402,15.88412897986402,-2.092291895632908
2,0,28,3,1,1,1,1,2,1,1.677284392805747,0.3474178403755869,0.6854460093896714,1.107981220657277,15.42324971405315,15.42324971405315,-2.061095452193336
0,0,9,2,0,0,0,0,2,0,3.810972046890667,0.6197183098591549,1.098591549295775,1.577464788732394,14.3304279405755,14.3304279405755,-1.58453031496191
0,0,5,0,0,0,0,0,0,0,2.855753649301363,0.6341463414634146,1.048780487804878,1.439024390243902,12.97822713661743,12.97822713661743,-1.530401779905436
0,0,7,0,0,0,0,0,0,0,3.094787052138748,0.5087719298245614,0.9298245614035088,1.350877192982456,13.36385119917612,13.36385119917612,-1.777397318023221
0,0,13,0,0,1,0,0,0,0,4.310964242206011,0.5568181818181818,1.034090909090909,1.568181818181818,14.13405356882095,14.13405356882095,-1.684301000244549
2,0,31,1,0,0,2,0,1,0,1.662616725019522,0.2757009345794392,0.5373831775700935,0.883177570093458,15.58847338740144,15.58847338740144,-2.011829041575708
1,0,10,0,0,0,1,0,0,0,4.056012442280828,0.7162162162162162,1.27027027027027,1.810810810810811,14.14485484640071,14.14485484640071,-1.649492459500764
0,0,9,0,0,1,0,0,0,0,3.197022110308403,0.4705882352941176,0.7941176470588235,1.117647058823529,13.8507409669449,13.8507409669449,-1.838887782381944
0,0,15,0,0,0,0,0,0,0,1.607420641324192,0.4326923076923077,0.8461538461538461,1.307692307692308,14.38814391327464,14.38814391327464,-2.081842853793615
0,0,19,3,0,1,0,0,2,0,1.680283375788935,0.3708609271523179,0.695364238410596,1.066225165562914,15.1956139002853,15.1956139002853,-1.916765364490743
0,0,20,0,0,0,0,0,0,0,1.649854357469921,0.2857142857142857,0.5584415584415584,0.9415584415584416,14.5316955931818,14.5316955931818,-2.276461281757745
0,1,5,0,0,1,0,0,0,0,2.997310115475896,0.7708333333333334,1.291666666666667,1.791666666666667,13.49302951489671,13.49302951489671,-1.33276580386656
4,3,44,6,4,7,0,4,0,1,1.669605347399571,0.2044198895027624,0.4116022099447514,0.6906077348066298,16.19602995403777,16.19602995403777,-2.115116250007965
2,3,32,4,2,6,0,2,0,1,1.572394626224468,0.2693726937269373,0.5313653136531366,0.8597785977859779,15.85454703687737,15.85454703687737,-1.98517582660161
1,0,4,1,0,1,1,0,1,1,3.528321721942606,0.9565217391304348,1.630434782608696,2.239130434782609,13.14218280923745,13.14218280923745,-1.220536846675049
0,0,2,1,0,0,0,0,0,0,2.533104923044864,1.083333333333333,1.708333333333333,2.208333333333333,12.40522896195515,12.40522896195515,-1.124396862139917
1,0,15,2,1,1,0,1,0,0,1.661891110136763,0.4310344827586207,0.853448275862069,1.362068965517241,14.69290289531334,14.69290289531334,-1.768342650495404
0,0,17,0,0,0,0,0,0,0,0.916903718779808,0.3596491228070176,0.6578947368421053,1.026315789473684,14.06088336275962,14.06088336275962,-1.989613019531172
0,0,10,1,0,1,0,0,0,0,3.3303800546574,0.5454545454545454,1.012987012987013,1.506493506493507,13.93883396437388,13.93883396437388,-1.821094045290384
0,0,7,1,0,0,0,0,0,0,3.184267514184667,0.6551724137931034,1.206896551724138,1.758620689655172,13.57426502262558,13.57426502262558,-1.532391311007764
0,0,14,1,0,0,0,0,0,1,1.747261832302816,0.5436893203883495,1.038834951456311,1.58252427184466,14.36585435674367,14.36585435674367,-1.858558371810636
1,0,23,2,0,1,1,0,1,0,1.486186364480496,0.3859649122807017,0.7251461988304093,1.140350877192982,14.83483429552673,14.83483429552673,-2.238524394906324
1,1,24,3,1,0,0,1,2,1,1.706986150841601,0.313953488372093,0.6104651162790697,1.017441860465116,14.52338854738647,14.52338854738647,-2.248219235338926
2,0,35,3,1,1,1,1,1,0,1.666349830781049,0.248,0.528,0.904,15.45454861881699,15.45454861881699,-2.422753327004574
1,6,37,2,0,2,1,0,2,0,1.657520119887588,0.2455516014234875,0.498220640569395,0.8505338078291815,15.47726316062091,15.47726316062091,-2.015241529773821
