PseAAC1,PseAAC2,PseAAC3,PseAAC4,PseAAC5,PseAAC6,PseAAC7,PseAAC8,PseAAC9,PseAAC10,PseAAC11,PseAAC12,PseAAC13,PseAAC14,PseAAC15,PseAAC16,PseAAC17,PseAAC18,PseAAC19,PseAAC20
0.0,0.0,0.0,0.0,0.0,0.0,0.125,0.125,0.0,0.0,0.0,0.0,0.0,0.125,0.0,0.125,0.125,0.0,0.0,-0.325
0.0,0.1111111111111111,0.1111111111111111,0.1111111111111111,0.0,0.0,0.0,0.1111111111111111,0.0,0.0,0.1111111111111111,0.0,0.0,0.0,0.0,0.1111111111111111,0.0,0.0,0.1111111111111111,-1.133333333333334
0.1666666666666667,0.0,0.0,0.0,0.0,0.1666666666666667,0.0,0.0,0.0,0.1666666666666667,0.0,0.1666666666666667,0.1666666666666667,0.1666666666666667,0.0,0.0,0.0,0.0,0.0,0.6
0.0,0.09090909090909091,0.09090909090909091,0.1818181818181818,0.0,0.0,0.09090909090909091,0.09090909090909091,0.0,0.0,0.0,0.0,0.0,0.0,0.09090909090909091,0.09090909090909091,0.09090909090909091,0.0,0.0,-2.0
0.0,0.09090909090909091,0.0,0.0,0.0,0.0,0.0,0.1818181818181818,0.0,0.1818181818181818,0.0,0.0,0.0,0.09090909090909091,0.2727272727272727,0.0,0.0,0.0,0.0,0.1545454545454545
0.0,0.0,0.0,0.0,0.0,0.0,0.0,0.1666666666666667,0.0,0.1666666666666667,0.0,0.1666666666666667,0.1666666666666667,0.0,0.0,0.0,0.0,0.0,0.0,0.35
0.0,0.0,0.0,0.0,0.0,0.0,0.0,0.2,0.0,0.2,0.0,0.0,0.2,0.0,0.0,0.0,0.0,0.0,0.0,1.2
0.0,0.0,0.09090909090909091,0.09090909090909091,0.0,0.0,0.09090909090909091,0.0,0.0,0.1818181818181818,0.0,0.09090909090909091,0.0,0.0,0.09090909090909091,0.09090909090909091,0.0,0.0,0.09090909090909091,-0.8272727272727273
0.0,0.1111111111111111,0.2222222222222222,0.0,0.0,0.0,0.0,0.1111111111111111,0.1111111111111111,0.1111111111111111,0.2222222222222222,0.0,0.0,0.0,0.0,0.0,0.1111111111111111,0.0,0.0,-0.4111111111111112
0.125,0.0,0.0,0.0,0.0,0.0,0.0,0.125,0.125,0.125,0.125,0.125,0.0,0.0,0.0,0.0,0.25,0.0,0.0,0.15
0.3,0.0,0.0,0.0,0.0,0.0,0.0,0.0,0.1,0.0,0.0,0.1,0.0,0.1,0.1,0.1,0.0,0.0,0.0,-0.13
0.0,0.0,0.0,0.1428571428571428,0.0,0.1428571428571428,0.0,0.1428571428571428,0.0,0.1428571428571428,0.0,0.0,0.0,0.0,0.0,0.0,0.1428571428571428,0.0,0.0,-0.5142857142857143
0.0,0.0,0.0,0.0,0.0,0.0,0.0,0.2,0.0,0.0,0.0,0.0,0.0,0.2,0.0,0.2,0.0,0.0,0.0,0.32
0.0,0.125,0.0,0.125,0.0,0.125,0.0,0.25,0.0,0.0,0.125,0.125,0.0,0.0,0.125,0.0,0.0,0.0,0.0,-1.75
0.09090909090909091,0.0,0.0,0.0,0.0,0.0,0.09090909090909091,0.1818181818181818,0.0,0.0,0.1818181818181818,0.09090909090909091,0.0,0.09090909090909091,0.09090909090909091,0.09090909090909091,0.0,0.0,0.0,0.1454545454545454
0.0,0.0,0.0,0.0,0.0,0.0,0.0,0.1666666666666667,0.0,0.0,0.3333333333333333,0.3333333333333333,0.0,0.0,0.0,0.1666666666666667,0.0,0.0,0.0,-0.2333333333333334
0.0,0.0,0.0,0.1428571428571428,0.0,0.0,0.0,0.1428571428571428,0.0,0.0,0.2857142857142857,0.2857142857142857,0.0,0.0,0.0,0.1428571428571428,0.0,0.0,0.0,-0.7000000000000001
0.0,0.0,0.0,0.1111111111111111,0.0,0.0,0.0,0.1111111111111111,0.0,0.0,0.3333333333333333,0.2222222222222222,0.0,0.0,0.0,0.1111111111111111,0.0,0.0,0.0,-0.1222222222222224
0.07692307692307693,0.0,0.0,0.07692307692307693,0.0,0.0,0.07692307692307693,0.1538461538461539,0.0,0.0,0.2307692307692308,0.07692307692307693,0.0,0.0,0.07692307692307693,0.07692307692307693,0.0,0.0,0.0,-0.06923076923076935
0.0,0.0,0.2307692307692308,0.0,0.0,0.0,0.0,0.07692307692307693,0.07692307692307693,0.0,0.07692307692307693,0.1538461538461539,0.0,0.1538461538461539,0.07692307692307693,0.0,0.07692307692307693,0.0,0.07692307692307693,-1.238461538461539
0.0,0.0,0.0,0.0,0.0,0.0,0.0,0.1428571428571428,0.1428571428571428,0.1428571428571428,0.0,0.0,0.1428571428571428,0.1428571428571428,0.2857142857142857,0.0,0.0,0.0,0.0,0.3428571428571428
0.0,0.0,0.0,0.3333333333333333,0.0,0.0,0.0,0.0,0.1666666666666667,0.1666666666666667,0.1666666666666667,0.0,0.0,0.1666666666666667,0.0,0.0,0.0,0.0,0.0,0.1499999999999999
0.0,0.0,0.0,0.0,0.0,0.0,0.0,0.0,0.0,0.0,0.2857142857142857,0.1428571428571428,0.0,0.0,0.2857142857142857,0.1428571428571428,0.0,0.0,0.0,-0.04285714285714293
0.25,0.0,0.0,0.0,0.0,0.0,0.0,0.125,0.0,0.0,0.0,0.0,0.0,0.125,0.0,0.125,0.125,0.0,0.0,0.5625
0.125,0.125,0.125,0.0,0.0,0.0,0.0,0.0,0.0,0.125,0.125,0.0,0.0,0.0,0.0,0.0,0.125,0.0,0.125,0.01249999999999998
0.0,0.0,0.0,0.0,0.0,0.0,0.0,0.0,0.2,0.2,0.2,0.0,0.0,0.2,0.0,0.0,0.0,0.0,0.0,1.58
0.2142857142857143,0.0,0.0,0.07142857142857142,0.0,0.0,0.0,0.0,0.1428571428571428,0.07142857142857142,0.1428571428571428,0.07142857142857142,0.0,0.0,0.0,0.07142857142857142,0.0,0.0,0.1428571428571428,0.0214285714285714
0.09090909090909091,0.0,0.0,0.09090909090909091,0.0,0.0,0.0,0.0,0.1818181818181818,0.09090909090909091,0.1818181818181818,0.09090909090909091,0.0,0.0,0.0,0.09090909090909091,0.0,0.0,0.1818181818181818,-0.3
0.0,0.0,0.0,0.2,0.0,0.0,0.0,0.1,0.0,0.1,0.1,0.1,0.0,0.1,0.0,0.1,0.1,0.0,0.0,-0.17
0.2,0.1,0.0,0.0,0.0,0.0,0.0,0.0,0.0,0.1,0.1,0.0,0.0,0.0,0.2,0.0,0.0,0.0,0.1,0.2899999999999999
0.1538461538461539,0.07692307692307693,0.07692307692307693,0.0,0.07692307692307693,0.1538461538461539,0.0,0.0,0.0,0.07692307692307693,0.0,0.0,0.0,0.07692307692307693,0.07692307692307693,0.07692307692307693,0.0,0.0,0.0,-0.3076923076923077
0.0,0.0,0.0,0.0,0.0,0.2222222222222222,0.0,0.0,0.0,0.0,0.3333333333333333,0.0,0.1111111111111111,0.1111111111111111,0.0,0.0,0.0,0.0,0.0,1.011111111111111
0.0,0.0,0.0,0.1428571428571428,0.0,0.0,0.0,0.0,0.2857142857142857,0.1428571428571428,0.1428571428571428,0.0,0.0,0.0,0.0,0.1428571428571428,0.0,0.0,0.1428571428571428,-0.5285714285714287
0.2,0.1,0.0,0.0,0.0,0.1,0.0,0.1,0.0,0.0,0.1,0.0,0.0,0.1,0.0,0.1,0.1,0.0,0.1,-0.1
0.0,0.0,0.0,0.0,0.0,0.0,0.0,0.0,0.0,0.0,0.1666666666666667,0.0,0.1666666666666667,0.0,0.5,0.0,0.0,0.0,0.0,0.1499999999999998
0.0,0.0,0.0,0.0,0.0,0.25,0.0,0.125,0.0,0.125,0.0,0.0,0.125,0.0,0.25,0.0,0.0,0.0,0.0,-0.525
0.0,0.0,0.0,0.1,0.0,0.0,0.1,0.1,0.0,0.0,0.1,0.1,0.0,0.1,0.1,0.1,0.2,0.0,0.0,-0.85
0.1111111111111111,0.0,0.0,0.0,0.0,0.0,0.1111111111111111,0.0,0.0,0.1111111111111111,0.0,0.1111111111111111,0.0,0.0,0.1111111111111111,0.0,0.1111111111111111,0.0,0.2222222222222222,-0.6666666666666666
0.2857142857142857,0.0,0.0,0.0,0.0,0.0,0.1428571428571428,0.0,0.0,0.1428571428571428,0.0,0.1428571428571428,0.0,0.1428571428571428,0.1428571428571428,0.0,0.0,0.0,0.0,0.2714285714285714
0.07142857142857142,0.0,0.07142857142857142,0.0,0.07142857142857142,0.1428571428571428,0.07142857142857142,0.07142857142857142,0.07142857142857142,0.0,0.1428571428571428,0.0,0.0,0.07142857142857142,0.07142857142857142,0.0,0.07142857142857142,0.0,0.0,-0.3714285714285715
0.125,0.0,0.0,0.0,0.0,0.125,0.0,0.0,0.0,0.0,0.0,0.0,0.0,0.25,0.25,0.0,0.0,0.0,0.0,0.08749999999999994
0.0,0.0,0.0,0.0,0.0,0.1111111111111111,0.1111111111111111,0.0,0.0,0.0,0.1111111111111111,0.1111111111111111,0.0,0.0,0.2222222222222222,0.1111111111111111,0.0,0.0,0.0,-1.233333333333333
0.0,0.0,0.0,0.0,0.0,0.08333333333333333,0.08333333333333333,0.0,0.0,0.0,0.1666666666666667,0.08333333333333333,0.0,0.0,0.1666666666666667,0.25,0.0,0.0,0.0,-0.7416666666666667
0.07142857142857142,0.0,0.0,0.0,0.0,0.07142857142857142,0.07142857142857142,0.0,0.0,0.0,0.0,0.2142857142857143,0.0,0.0,0.2857142857142857,0.0,0.0,0.0,0.07142857142857142,-1.757142857142857
0.08,0.0,0.0,0.0,0.0,0.04,0.08,0.04,0.04,0.0,0.0,0.16,0.08,0.08,0.2,0.04,0.0,0.0,0.04,-1.072
0.0,0.0,0.0,0.0,0.0,0.125,0.0625,0.0,0.0,0.0,0.0625,0.0,0.0625,0.0625,0.25,0.0,0.125,0.0,0.0,-0.6125
0.0,0.0,0.0,0.0,0.0,0.0,0.0,0.25,0.0,0.0,0.0,0.0,0.0,0.25,0.5,0.0,0.0,0.0,0.0,-0.2000000000000001
0.125,0.0,0.0,0.0,0.0,0.125,0.125,0.0,0.0,0.0,0.0,0.125,0.0,0.0,0.25,0.0,0.0,0.0,0.125,-1.7
0.0,0.0,0.0,0.0,0.0,0.1111111111111111,0.1111111111111111,0.0,0.0,0.0,0.2222222222222222,0.0,0.0,0.0,0.0,0.2222222222222222,0.3333333333333333,0.0,0.0,-0.3444444444444444
0.0,0.0,0.125,0.0,0.0,0.0,0.25,0.125,0.0,0.125,0.0,0.0,0.0,0.0,0.125,0.0,0.0,0.0,0.0,-1.0
0.0,0.0,0.0,0.0,0.0,0.0,0.0,0.0,0.0,0.0,0.0,0.0,0.3333333333333333,0.0,0.0,0.3333333333333333,0.0,0.3333333333333333,0.0,0.06666666666666661
0.0,0.0,0.0,0.0,0.0,0.0,0.1428571428571428,0.0,0.0,0.0,0.1428571428571428,0.1428571428571428,0.0,0.0,0.2857142857142857,0.0,0.0,0.0,0.0,-0.9714285714285715
0.0,0.0,0.0,0.0,0.0,0.09090909090909091,0.09090909090909091,0.0,0.0,0.0,0.1818181818181818,0.09090909090909091,0.0,0.0,0.1818181818181818,0.1818181818181818,0.0,0.0,0.0,-0.7363636363636364
0.125,0.125,0.0,0.125,0.0,0.125,0.0,0.0,0.0,0.125,0.0,0.0,0.125,0.125,0.125,0.0,0.0,0.0,0.0,-0.2625000000000001
0.0,0.0,0.0,0.0,0.0,0.07142857142857142,0.07142857142857142,0.0,0.07142857142857142,0.0,0.0,0.1428571428571428,0.07142857142857142,0.1428571428571428,0.2857142857142857,0.0,0.0,0.0,0.07142857142857142,-1.3
0.0,0.0625,0.0,0.0,0.0,0.125,0.0,0.125,0.0,0.125,0.0625,0.0,0.0,0.0625,0.25,0.0,0.0,0.0,0.0,-0.19375
0.0,0.05882352941176471,0.0,0.0,0.0,0.1176470588235294,0.0,0.1176470588235294,0.0,0.1176470588235294,0.05882352941176471,0.0,0.0,0.05882352941176471,0.2352941176470588,0.0,0.0,0.0,0.05882352941176471,-0.2588235294117647
0.0,0.0,0.05,0.0,0.0,0.15,0.05,0.0,0.0,0.05,0.1,0.0,0.05,0.0,0.25,0.05,0.1,0.0,0.0,-0.685
0.1,0.0,0.05,0.0,0.0,0.1,0.0,0.0,0.0,0.05,0.1,0.05,0.05,0.0,0.25,0.05,0.1,0.0,0.0,-0.35
0.0,0.0,0.0,0.0,0.0,0.0,0.0,0.25,0.0,0.0,0.25,0.0,0.0,0.0,0.25,0.0,0.0,0.0,0.0,0.45
0.0,0.0,0.1666666666666667,0.0,0.0,0.0,0.0,0.1666666666666667,0.1666666666666667,0.1666666666666667,0.0,0.0,0.0,0.0,0.3333333333333333,0.0,0.0,0.0,0.0,-0.9666666666666668
0.0,0.0,0.0,0.0,0.0,0.2,0.0,0.0,0.0,0.0,0.4,0.0,0.0,0.0,0.0,0.2,0.0,0.2,0.0,0.4799999999999999
0.0,0.0,0.0,0.0,0.0,0.1666666666666667,0.0,0.0,0.0,0.1666666666666667,0.1666666666666667,0.0,0.0,0.0,0.3333333333333333,0.0,0.1666666666666667,0.0,0.0,0.1499999999999999
0.0,0.1666666666666667,0.0,0.0,0.0,0.0,0.0,0.1666666666666667,0.0,0.0,0.0,0.0,0.0,0.1666666666666667,0.3333333333333333,0.0,0.0,0.0,0.0,-0.8833333333333334
0.0,0.2,0.0,0.0,0.0,0.0,0.6,0.0,0.0,0.0,0.2,0.0,0.0,0.0,0.0,0.0,0.0,0.0,0.0,-2.24
0.1666666666666667,0.0,0.0,0.0,0.0,0.3333333333333333,0.0,0.0,0.0,0.0,0.0,0.0,0.0,0.1666666666666667,0.0,0.1666666666666667,0.1666666666666667,0.0,0.0,-0.65
0.0,0.0,0.0,0.0,0.0,0.1666666666666667,0.1666666666666667,0.0,0.0,0.0,0.0,0.0,0.0,0.1666666666666667,0.0,0.3333333333333333,0.1666666666666667,0.0,0.0,-1.083333333333333
0.0,0.1666666666666667,0.0,0.1666666666666667,0.0,0.1666666666666667,0.0,0.0,0.0,0.0,0.0,0.0,0.1666666666666667,0.0,0.3333333333333333,0.0,0.0,0.0,0.0,-2.133333333333333
0.0,0.0,0.0,0.0,0.0,0.1666666666666667,0.1666666666666667,0.0,0.0,0.0,0.3333333333333333,0.0,0.0,0.0,0.1666666666666667,0.0,0.0,0.0,0.1666666666666667,-0.3833333333333335
0.0,0.0,0.0,0.0,0.0,0.1428571428571428,0.1428571428571428,0.1428571428571428,0.0,0.0,0.1428571428571428,0.0,0.1428571428571428,0.0,0.1428571428571428,0.0,0.0,0.0,0.0,-0.4714285714285715
0.0,0.1428571428571428,0.1428571428571428,0.0,0.0,0.0,0.0,0.0,0.0,0.2857142857142857,0.0,0.2857142857142857,0.0,0.0,0.0,0.0,0.1428571428571428,0.0,0.0,-1.071428571428571
0.0,0.0,0.125,0.125,0.0,0.0,0.125,0.0,0.0,0.0,0.25,0.0,0.0,0.0,0.0,0.0,0.25,0.0,0.0,-0.5375000000000001
0.0,0.0,0.0,0.0,0.0,0.0,0.0,0.0,0.125,0.0,0.625,0.0,0.0,0.0,0.25,0.0,0.0,0.0,0.0,1.575
0.0,0.1,0.0,0.0,0.0,0.0,0.0,0.2,0.0,0.0,0.1,0.0,0.0,0.1,0.3,0.0,0.0,0.0,0.0,-0.3500000000000001
0.0,0.25,0.0,0.0,0.0,0.0,0.0,0.0,0.0,0.0,0.5,0.0,0.0,0.25,0.0,0.0,0.0,0.0,0.0,1.475
0.0,0.0,0.0,0.0,0.0,0.2,0.0,0.2,0.0,0.0,0.2,0.0,0.0,0.0,0.0,0.0,0.2,0.0,0.2,-0.42
0.0,0.25,0.0,0.0,0.0,0.25,0.0,0.0,0.0,0.0,0.0,0.0,0.0,0.5,0.0,0.0,0.0,0.0,0.0,-0.6000000000000001
0.0,0.2,0.0,0.0,0.0,0.0,0.0,0.0,0.2,0.0,0.0,0.2,0.0,0.0,0.4,0.0,0.0,0.0,0.0,-2.96
0.1666666666666667,0.0,0.0,0.0,0.0,0.0,0.0,0.0,0.0,0.0,0.0,0.0,0.0,0.3333333333333333,0.3333333333333333,0.0,0.0,0.0,0.0,0.6999999999999998
0.0,0.0,0.0,0.0,0.0,0.0,0.1666666666666667,0.0,0.0,0.1666666666666667,0.1666666666666667,0.1666666666666667,0.0,0.0,0.1666666666666667,0.0,0.0,0.0,0.0,-0.1166666666666667
0.0,0.0,0.3333333333333333,0.0,0.0,0.0,0.1666666666666667,0.0,0.0,0.0,0.3333333333333333,0.0,0.0,0.0,0.0,0.0,0.0,0.0,0.0,-0.4833333333333334
0.0,0.0,0.0,0.0,0.0,0.0,0.1428571428571428,0.1428571428571428,0.1428571428571428,0.0,0.1428571428571428,0.1428571428571428,0.1428571428571428,0.0,0.0,0.1428571428571428,0.0,0.0,0.0,-0.8714285714285716
0.0,0.0,0.125,0.0,0.0,0.0,0.125,0.125,0.0,0.25,0.0,0.0,0.0,0.0,0.25,0.125,0.0,0.0,0.0,-0.3
0.0,0.0,0.0,0.0,0.0,0.0,0.1428571428571428,0.0,0.0,0.0,0.0,0.2857142857142857,0.0,0.0,0.0,0.1428571428571428,0.1428571428571428,0.0,0.0,-1.828571428571429
0.0,0.0,0.0,0.1428571428571428,0.0,0.1428571428571428,0.0,0.0,0.1428571428571428,0.1428571428571428,0.1428571428571428,0.1428571428571428,0.0,0.0,0.1428571428571428,0.0,0.0,0.0,0.0,-1.057142857142857
0.0,0.0,0.0,0.0,0.0,0.0,0.0,0.0,0.25,0.25,0.0,0.25,0.0,0.0,0.25,0.0,0.0,0.0,0.0,-1.05
0.1428571428571428,0.0,0.0,0.0,0.0,0.0,0.1428571428571428,0.0,0.0,0.0,0.0,0.0,0.0,0.2857142857142857,0.2857142857142857,0.0,0.0,0.0,0.0,0.09999999999999994
0.1666666666666667,0.0,0.0,0.0,0.0,0.0,0.1666666666666667,0.0,0.0,0.0,0.0,0.0,0.0,0.1666666666666667,0.3333333333333333,0.0,0.0,0.0,0.0,-0.3500000000000001
0.0,0.0,0.2,0.2,0.0,0.0,0.0,0.0,0.0,0.2,0.0,0.0,0.0,0.0,0.4,0.0,0.0,0.0,0.0,-1.14
0.1428571428571428,0.0,0.0,0.0,0.0,0.0,0.0,0.0,0.0,0.1428571428571428,0.0,0.0,0.0,0.0,0.2857142857142857,0.0,0.2857142857142857,0.0,0.0,0.2428571428571429
0.0,0.0,0.0,0.0,0.0,0.0,0.0,0.0,0.0,0.2,0.0,0.0,0.0,0.0,0.4,0.0,0.4,0.0,0.0,-0.02000000000000002
0.0,0.0,0.0,0.0,0.0,0.0,0.0,0.0,0.0,0.1666666666666667,0.0,0.1666666666666667,0.0,0.0,0.1666666666666667,0.0,0.1666666666666667,0.0,0.1666666666666667,-0.5
0.0,0.0,0.0,0.0,0.0,0.0,0.0,0.0,0.0,0.0,0.0,0.0,0.0,0.2,0.4,0.0,0.0,0.0,0.2,-0.3400000000000001
0.0,0.0,0.0,0.0,0.0,0.0,0.0,0.0,0.0,0.25,0.25,0.0,0.0,0.0,0.5,0.0,0.0,0.0,0.0,1.275
0.0,0.0,0.0,0.0,0.0,0.1428571428571428,0.0,0.0,0.0,0.0,0.0,0.0,0.1428571428571428,0.1428571428571428,0.2857142857142857,0.1428571428571428,0.0,0.0,0.0,-0.4000000000000001
0.0,0.0,0.0,0.0,0.0,0.125,0.0,0.0,0.0,0.125,0.125,0.0,0.0,0.0,0.375,0.0,0.25,0.0,0.0,-0.1750000000000001
0.0,0.0,0.0,0.0,0.0,0.0,0.1666666666666667,0.0,0.0,0.0,0.0,0.3333333333333333,0.0,0.0,0.0,0.1666666666666667,0.0,0.0,0.0,-2.016666666666667
0.0,0.0,0.0,0.0,0.0,0.125,0.0,0.0,0.0,0.0,0.5,0.0,0.0,0.0,0.25,0.125,0.0,0.0,0.0,0.9624999999999999
0.0,0.125,0.0,0.0,0.0,0.0,0.0,0.25,0.0,0.0,0.0,0.0,0.0,0.125,0.375,0.0,0.0,0.0,0.0,-0.9125000000000001
0.0,0.1111111111111111,0.0,0.0,0.0,0.0,0.0,0.2222222222222222,0.0,0.1111111111111111,0.0,0.0,0.0,0.1111111111111111,0.3333333333333333,0.0,0.0,0.0,0.0,-0.3111111111111112
0.0,0.0,0.1428571428571428,0.0,0.0,0.0,0.1428571428571428,0.0,0.0,0.1428571428571428,0.0,0.0,0.0,0.0,0.2857142857142857,0.1428571428571428,0.1428571428571428,0.0,0.0,-1.028571428571429
0.05263157894736842,0.0,0.0,0.0,0.0,0.1578947368421053,0.0,0.0,0.0,0.0,0.1578947368421053,0.1052631578947368,0.0,0.0,0.2105263157894737,0.1052631578947368,0.0,0.0,0.0,-0.6894736842105263
0.1111111111111111,0.0,0.1111111111111111,0.1111111111111111,0.0,0.1111111111111111,0.0,0.0,0.0,0.1111111111111111,0.0,0.2222222222222222,0.0,0.0,0.2222222222222222,0.0,0.0,0.0,0.0,-1.688888888888889
0.0,0.1666666666666667,0.1666666666666667,0.0,0.0,0.0,0.0,0.0,0.0,0.0,0.1666666666666667,0.0,0.0,0.1666666666666667,0.1666666666666667,0.1666666666666667,0.0,0.0,0.0,-0.6333333333333334
0.2,0.0,0.0,0.0,0.0,0.0,0.2,0.0,0.0,0.0,0.0,0.4,0.0,0.0,0.0,0.0,0.2,0.0,0.0,-2.04
0.4,0.0,0.0,0.0,0.0,0.2,0.0,0.0,0.0,0.0,0.0,0.0,0.0,0.0,0.2,0.2,0.0,0.0,0.0,-0.46
0.2,0.2,0.0,0.0,0.0,0.0,0.0,0.0,0.0,0.0,0.2,0.0,0.0,0.0,0.2,0.0,0.0,0.0,0.0,-0.1
0.4,0.0,0.0,0.0,0.0,0.0,0.0,0.0,0.2,0.0,0.2,0.2,0.0,0.0,0.0,0.0,0.0,0.0,0.0,0.05999999999999996
0.0,0.0,0.0,0.0,0.0,0.125,0.0,0.0,0.0,0.0,0.125,0.125,0.0,0.0,0.25,0.125,0.0,0.0,0.0,-0.9500000000000001
0.04166666666666666,0.0,0.04166666666666666,0.04166666666666666,0.0,0.0,0.1666666666666667,0.08333333333333333,0.0,0.04166666666666666,0.04166666666666666,0.125,0.0,0.125,0.08333333333333333,0.08333333333333333,0.0,0.0,0.0,-0.8250000000000001
0.04,0.0,0.08,0.08,0.0,0.04,0.08,0.08,0.0,0.08,0.04,0.04,0.0,0.04,0.12,0.16,0.08,0.0,0.04,-0.9
0.0,0.1666666666666667,0.0,0.0,0.0,0.0,0.0,0.0,0.1666666666666667,0.1666666666666667,0.0,0.1666666666666667,0.0,0.0,0.3333333333333333,0.0,0.0,0.0,0.0,-1.716666666666667
0.0,0.25,0.0,0.0,0.0,0.0,0.0,0.0,0.25,0.0,0.0,0.25,0.0,0.0,0.25,0.0,0.0,0.0,0.0,-3.3
0.0,0.0,0.0,0.0,0.0,0.0,0.0,0.0,0.4,0.2,0.0,0.2,0.0,0.0,0.2,0.0,0.0,0.0,0.0,-1.48
0.0,0.0,0.0,0.25,0.0,0.25,0.0,0.0,0.0,0.0,0.0,0.0,0.0,0.0,0.0,0.0,0.25,0.0,0.0,-1.925
0.0,0.0,0.0,0.0,0.0,0.3333333333333333,0.0,0.0,0.3333333333333333,0.0,0.0,0.3333333333333333,0.0,0.0,0.0,0.0,0.0,0.0,0.0,-3.533333333333333
0.0,0.0,0.0,0.0,0.0,0.0,0.0,0.125,0.0,0.0,0.125,0.0,0.0,0.125,0.375,0.0,0.0,0.0,0.125,0.01249999999999986
0.0,0.0,0.0,0.1666666666666667,0.0,0.3333333333333333,0.0,0.0,0.1666666666666667,0.0,0.0,0.0,0.0,0.0,0.0,0.0,0.1666666666666667,0.0,0.0,-2.4
0.0,0.0,0.0,0.0,0.0,0.0,0.0,0.1111111111111111,0.0,0.1111111111111111,0.1111111111111111,0.0,0.0,0.1111111111111111,0.3333333333333333,0.0,0.0,0.0,0.1111111111111111,0.511111111111111
0.0,0.0,0.0,0.0,0.0,0.6666666666666666,0.0,0.0,0.0,0.0,0.0,0.0,0.0,0.0,0.3333333333333333,0.0,0.0,0.0,0.0,-2.866666666666667
0.0,0.0,0.0,0.0,0.0,0.3333333333333333,0.0,0.0,0.0,0.0,0.0,0.0,0.0,0.0,0.3333333333333333,0.0,0.0,0.0,0.0,-1.7
0.0,0.0,0.0,0.0,0.0,0.3333333333333333,0.0,0.0,0.0,0.3333333333333333,0.0,0.0,0.0,0.0,0.3333333333333333,0.0,0.0,0.0,0.0,-0.2
0.07692307692307693,0.07692307692307693,0.0,0.07692307692307693,0.0,0.1538461538461539,0.0,0.0,0.0,0.07692307692307693,0.0,0.07692307692307693,0.07692307692307693,0.0,0.2307692307692308,0.0,0.0,0.0,0.07692307692307693,-1.292307692307692
0.09090909090909091,0.09090909090909091,0.0,0.09090909090909091,0.0,0.09090909090909091,0.0,0.0,0.0,0.09090909090909091,0.0,0.0,0.09090909090909091,0.0,0.2727272727272727,0.0,0.0,0.0,0.09090909090909091,-0.8545454545454546
0.0,0.05555555555555555,0.0,0.0,0.0,0.05555555555555555,0.05555555555555555,0.1111111111111111,0.0,0.1111111111111111,0.05555555555555555,0.0,0.0,0.05555555555555555,0.2222222222222222,0.0,0.0,0.0,0.1111111111111111,-0.3166666666666667
0.0,0.07142857142857142,0.0,0.0,0.0,0.07142857142857142,0.07142857142857142,0.1428571428571428,0.0,0.0,0.1428571428571428,0.0,0.0,0.07142857142857142,0.2142857142857143,0.0,0.0,0.0,0.07142857142857142,-0.5714285714285715
0.0,0.06666666666666667,0.0,0.0,0.0,0.06666666666666667,0.06666666666666667,0.1333333333333333,0.0,0.0,0.2,0.0,0.0,0.06666666666666667,0.2,0.0,0.0,0.0,0.06666666666666667,-0.2800000000000002
0.0,0.0,0.1,0.0,0.0,0.0,0.1,0.0,0.1,0.0,0.4,0.0,0.0,0.0,0.2,0.0,0.0,0.0,0.0,0.1799999999999999
0.0,0.0,0.06666666666666667,0.06666666666666667,0.0,0.06666666666666667,0.06666666666666667,0.0,0.06666666666666667,0.0,0.3333333333333333,0.0,0.0,0.0,0.1333333333333333,0.06666666666666667,0.0,0.06666666666666667,0.0,-0.2066666666666667
0.0,0.0,0.04347826086956522,0.04347826086956522,0.0,0.04347826086956522,0.1304347826086956,0.0,0.04347826086956522,0.0,0.1739130434782609,0.04347826086956522,0.0,0.04347826086956522,0.08695652173913043,0.08695652173913043,0.1304347826086956,0.0,0.04347826086956522,-0.7956521739130435
0.04347826086956522,0.0,0.04347826086956522,0.04347826086956522,0.0,0.0,0.1304347826086956,0.08695652173913043,0.0,0.04347826086956522,0.04347826086956522,0.1304347826086956,0.0,0.1304347826086956,0.08695652173913043,0.08695652173913043,0.0,0.0,0.0,-0.7086956521739131
0.07142857142857142,0.07142857142857142,0.1428571428571428,0.0,0.0,0.0,0.1428571428571428,0.0,0.0,0.0,0.1428571428571428,0.0,0.0,0.2142857142857143,0.1428571428571428,0.0,0.0,0.0,0.0,-0.2785714285714287
0.0,0.1,0.0,0.0,0.0,0.0,0.0,0.2,0.0,0.1,0.1,0.0,0.0,0.1,0.3,0.0,0.0,0.0,0.0,0.0999999999999999
0.07692307692307693,0.07692307692307693,0.0,0.07692307692307693,0.0,0.1538461538461539,0.0,0.0,0.0,0.07692307692307693,0.0,0.07692307692307693,0.07692307692307693,0.0,0.2307692307692308,0.0,0.0,0.0,0.07692307692307693,-1.292307692307692
0.07142857142857142,0.0,0.0,0.0,0.0,0.2142857142857143,0.0,0.0,0.07142857142857142,0.0,0.1428571428571428,0.1428571428571428,0.0,0.0,0.07142857142857142,0.0,0.07142857142857142,0.0,0.1428571428571428,-1.214285714285714
0.0,0.1818181818181818,0.0,0.0,0.0,0.3636363636363636,0.0,0.09090909090909091,0.0,0.0,0.0,0.0,0.0,0.0,0.1818181818181818,0.1818181818181818,0.0,0.0,0.0,-2.563636363636363
0.0,0.0,0.09090909090909091,0.09090909090909091,0.0,0.09090909090909091,0.0,0.09090909090909091,0.0,0.09090909090909091,0.0,0.0,0.0,0.0,0.1818181818181818,0.1818181818181818,0.09090909090909091,0.0,0.09090909090909091,-1.2
0.0,0.1,0.0,0.1,0.1,0.1,0.0,0.1,0.1,0.0,0.0,0.3,0.0,0.0,0.1,0.0,0.0,0.0,0.0,-2.59
0.1,0.1,0.3,0.0,0.0,0.2,0.0,0.0,0.0,0.1,0.0,0.1,0.0,0.0,0.1,0.0,0.0,0.0,0.0,-2.12
0.0,0.0,0.0,0.0,0.0,0.2,0.0,0.2,0.0,0.0,0.2,0.0,0.0,0.0,0.0,0.2,0.0,0.0,0.0,-0.18
0.0,0.0,0.0,0.0,0.0,0.0,0.0,0.0,0.0,0.5,0.0,0.0,0.0,0.5,0.0,0.0,0.0,0.0,0.0,3.65
0.0,0.05263157894736842,0.0,0.0,0.0,0.05263157894736842,0.05263157894736842,0.1052631578947368,0.0,0.1052631578947368,0.1578947368421053,0.0,0.0,0.05263157894736842,0.2105263157894737,0.0,0.0,0.0,0.05263157894736842,0.1684210526315788
0.0,0.1,0.0,0.0,0.0,0.1,0.1,0.1,0.0,0.0,0.1,0.0,0.0,0.0,0.2,0.0,0.0,0.0,0.1,-1.26
0.0,0.06666666666666667,0.0,0.0,0.0,0.06666666666666667,0.06666666666666667,0.1333333333333333,0.0,0.06666666666666667,0.06666666666666667,0.0,0.0,0.06666666666666667,0.2666666666666667,0.0,0.0,0.0,0.06666666666666667,-0.5933333333333334
0.0,0.1,0.2,0.0,0.0,0.0,0.2,0.0,0.0,0.0,0.3,0.0,0.0,0.1,0.0,0.0,0.0,0.0,0.0,-0.4300000000000002
0.09090909090909091,0.0,0.0,0.0,0.0,0.0,0.09090909090909091,0.09090909090909091,0.0,0.0,0.0,0.09090909090909091,0.0,0.2727272727272727,0.1818181818181818,0.0,0.0,0.0,0.0,-0.07272727272727286
0.0,0.06666666666666667,0.0,0.0,0.0,0.1333333333333333,0.06666666666666667,0.06666666666666667,0.1333333333333333,0.06666666666666667,0.06666666666666667,0.1333333333333333,0.0,0.0,0.2,0.0,0.0,0.0,0.0,-1.74
0.0,0.09090909090909091,0.09090909090909091,0.0,0.0,0.09090909090909091,0.09090909090909091,0.04545454545454546,0.09090909090909091,0.04545454545454546,0.1818181818181818,0.09090909090909091,0.0,0.0,0.1363636363636364,0.0,0.0,0.0,0.0,-1.35
0.0,0.07692307692307693,0.0,0.0,0.0,0.07692307692307693,0.07692307692307693,0.1538461538461539,0.0,0.0,0.07692307692307693,0.0,0.0,0.07692307692307693,0.2307692307692308,0.0,0.0,0.0,0.07692307692307693,-0.9076923076923078
0.0,0.0,0.1666666666666667,0.3333333333333333,0.0,0.1666666666666667,0.0,0.0,0.1666666666666667,0.0,0.0,0.0,0.0,0.0,0.1666666666666667,0.0,0.0,0.0,0.0,-3.133333333333333
0.0,0.0,0.0,0.5555555555555556,0.0,0.0,0.0,0.0,0.0,0.1111111111111111,0.2222222222222222,0.0,0.0,0.0,0.0,0.0,0.1111111111111111,0.0,0.0,-0.6777777777777778
0.0,0.0,0.0,0.0,0.0,0.0,0.0,0.1666666666666667,0.0,0.0,0.1666666666666667,0.0,0.0,0.0,0.1666666666666667,0.1666666666666667,0.0,0.0,0.3333333333333333,-0.2666666666666668
0.07692307692307693,0.0,0.0,0.0,0.0,0.0,0.0,0.0,0.2307692307692308,0.07692307692307693,0.07692307692307693,0.0,0.07692307692307693,0.07692307692307693,0.3076923076923077,0.07692307692307693,0.0,0.0,0.0,-0.153846153846154
0.125,0.0,0.0,0.125,0.0,0.25,0.0,0.0,0.0,0.125,0.0,0.0,0.0,0.0,0.0,0.0,0.125,0.0,0.125,-0.775
0.0,0.0,0.0,0.4545454545454545,0.09090909090909091,0.0,0.0,0.0,0.0,0.09090909090909091,0.09090909090909091,0.0,0.09090909090909091,0.0,0.0,0.0,0.09090909090909091,0.0,0.0,-0.5
0.0,0.0,0.0,0.0,0.0,0.0,0.0,0.2,0.0,0.0,0.0,0.0,0.0,0.0,0.2,0.2,0.0,0.0,0.4,-1.08
0.2,0.0,0.0,0.0,0.0,0.0,0.2,0.0,0.0,0.2,0.0,0.0,0.0,0.0,0.0,0.4,0.0,0.0,0.0,0.24
0.0,0.1428571428571428,0.1428571428571428,0.0,0.0,0.0,0.0,0.0,0.0,0.2857142857142857,0.0,0.1428571428571428,0.0,0.0,0.0,0.1428571428571428,0.1428571428571428,0.0,0.0,-0.6285714285714287
0.0,0.0,0.0,0.1111111111111111,0.0,0.1111111111111111,0.1111111111111111,0.0,0.1111111111111111,0.1111111111111111,0.0,0.1111111111111111,0.0,0.0,0.1111111111111111,0.1111111111111111,0.0,0.0,0.0,-1.722222222222222
0.1111111111111111,0.0,0.0,0.0,0.0,0.1111111111111111,0.0,0.0,0.0,0.0,0.0,0.0,0.0,0.0,0.0,0.1111111111111111,0.3333333333333333,0.0,0.0,-0.5111111111111111
0.1,0.0,0.2,0.0,0.0,0.0,0.0,0.0,0.0,0.1,0.1,0.0,0.0,0.0,0.2,0.0,0.2,0.0,0.0,-0.15
0.0,0.0,0.1111111111111111,0.0,0.0,0.1111111111111111,0.0,0.0,0.0,0.1111111111111111,0.2222222222222222,0.0,0.0,0.0,0.3333333333333333,0.1111111111111111,0.0,0.0,0.0,-0.05555555555555568
0.0,0.0625,0.0,0.0,0.0,0.0625,0.0625,0.125,0.0,0.125,0.0625,0.0,0.0,0.0625,0.25,0.0,0.0,0.0,0.0,-0.19375
0.0,0.0,0.0,0.0,0.0,0.1111111111111111,0.0,0.0,0.0,0.2222222222222222,0.1111111111111111,0.0,0.0,0.0,0.1111111111111111,0.1111111111111111,0.0,0.0,0.2222222222222222,0.4777777777777777
0.07692307692307693,0.0,0.07692307692307693,0.0,0.0,0.07692307692307693,0.07692307692307693,0.0,0.0,0.07692307692307693,0.0,0.0,0.0,0.0,0.07692307692307693,0.07692307692307693,0.2307692307692308,0.0,0.0,-0.6692307692307692
0.3333333333333333,0.0,0.0,0.0,0.0,0.0,0.0,0.1666666666666667,0.0,0.0,0.1666666666666667,0.0,0.0,0.0,0.0,0.0,0.0,0.0,0.1666666666666667,0.9500000000000001
0.0,0.0,0.08333333333333333,0.08333333333333333,0.0,0.0,0.08333333333333333,0.0,0.08333333333333333,0.0,0.4166666666666667,0.0,0.0,0.0,0.1666666666666667,0.0,0.0,0.0,0.0,0.175
0.0,0.0,0.2,0.0,0.2,0.0,0.4,0.2,0.0,0.0,0.0,0.0,0.0,0.0,0.0,0.0,0.0,0.0,0.0,-1.68
0.0,0.0,0.0,0.25,0.125,0.0,0.0,0.0,0.0,0.125,0.0,0.125,0.125,0.0,0.0,0.0,0.125,0.0,0.0,-0.3375
0.0,0.0,0.0,0.0,0.0,0.125,0.0,0.0,0.0,0.0,0.125,0.0,0.0,0.0,0.375,0.0,0.25,0.0,0.0,-0.7375
0.0,0.0,0.1111111111111111,0.0,0.0,0.0,0.1111111111111111,0.1111111111111111,0.0,0.2222222222222222,0.0,0.0,0.0,0.0,0.2222222222222222,0.1111111111111111,0.0,0.0,0.0,-0.2666666666666667
0.0,0.0,0.1666666666666667,0.0,0.0,0.0,0.1666666666666667,0.0,0.0,0.1666666666666667,0.0,0.0,0.0,0.0,0.3333333333333333,0.1666666666666667,0.0,0.0,0.0,-1.083333333333333
0.2,0.0,0.0,0.0,0.0,0.0,0.0,0.0,0.0,0.0,0.1,0.1,0.0,0.0,0.3,0.0,0.0,0.0,0.3,-0.5200000000000001
0.0,0.06666666666666667,0.0,0.0,0.0,0.0,0.06666666666666667,0.1333333333333333,0.0,0.1333333333333333,0.06666666666666667,0.0,0.0,0.06666666666666667,0.2666666666666667,0.0,0.0,0.0,0.0,0.02666666666666662
0.05555555555555555,0.0,0.0,0.0,0.0,0.0,0.1111111111111111,0.0,0.05555555555555555,0.0,0.0,0.1666666666666667,0.1111111111111111,0.1111111111111111,0.2777777777777778,0.0,0.0,0.0,0.05555555555555555,-1.111111111111111
0.0,0.0,0.0,0.0,0.0,0.0,0.09090909090909091,0.0,0.0,0.0,0.0,0.09090909090909091,0.09090909090909091,0.1818181818181818,0.3636363636363636,0.0,0.0,0.0,0.09090909090909091,-0.6909090909090909
0.0,0.0,0.0,0.0,0.0,0.125,0.0,0.0,0.04166666666666666,0.0,0.125,0.0,0.08333333333333333,0.04166666666666666,0.2916666666666667,0.125,0.04166666666666666,0.04166666666666666,0.0,-0.4541666666666668
0.0,0.0,0.0,0.0,0.0,0.1304347826086956,0.0,0.0,0.04347826086956522,0.0,0.1304347826086956,0.0,0.08695652173913043,0.04347826086956522,0.3043478260869565,0.08695652173913043,0.04347826086956522,0.04347826086956522,0.0,-0.4391304347826088
0.0,0.375,0.0,0.0,0.0,0.0,0.0,0.0,0.0,0.125,0.0,0.0,0.0,0.0,0.5,0.0,0.0,0.0,0.0,-1.925
0.0,0.0,0.0,0.0,0.0,0.0,0.0,0.0,0.0,0.2,0.0,0.0,0.0,0.2,0.6,0.0,0.0,0.0,0.0,0.4999999999999998
0.0,0.0,0.2,0.0,0.0,0.0,0.0,0.0,0.0,0.0,0.0,0.2,0.0,0.0,0.4,0.0,0.0,0.0,0.0,-2.12
0.0,0.1666666666666667,0.1666666666666667,0.1666666666666667,0.0,0.0,0.0,0.0,0.0,0.0,0.1666666666666667,0.1666666666666667,0.0,0.0,0.1666666666666667,0.0,0.0,0.0,0.0,-2.2
0.125,0.0,0.0,0.125,0.0,0.125,0.0,0.0,0.125,0.125,0.0,0.125,0.0,0.125,0.125,0.0,0.0,0.0,0.0,-0.8250000000000001
0.0,0.0,0.0,0.0,0.0,0.125,0.0,0.0,0.0,0.0,0.0,0.0,0.0,0.0,0.25,0.0,0.25,0.0,0.0,-1.0125
0.2,0.0,0.0,0.0,0.0,0.2,0.0,0.0,0.0,0.0,0.0,0.2,0.0,0.0,0.2,0.0,0.0,0.0,0.0,-1.44
0.08333333333333333,0.08333333333333333,0.0,0.0,0.0,0.08333333333333333,0.0,0.0,0.1666666666666667,0.08333333333333333,0.0,0.25,0.0,0.0,0.1666666666666667,0.0,0.0,0.0,0.08333333333333333,-2.025
0.0,0.125,0.0,0.0,0.0,0.0,0.0,0.0,0.25,0.125,0.0,0.25,0.0,0.0,0.25,0.0,0.0,0.0,0.0,-2.175
0.0,0.0,0.0,0.0,0.0,0.25,0.125,0.0,0.0,0.0,0.0,0.125,0.0,0.0,0.25,0.125,0.0,0.0,0.125,-2.4625
0.0,0.0,0.125,0.0,0.0,0.125,0.0,0.0,0.0,0.0,0.125,0.0,0.0,0.125,0.25,0.0,0.0,0.0,0.25,-0.7750000000000001
0.0,0.0,0.0,0.0,0.0,0.0,0.25,0.0,0.0,0.0,0.0,0.0,0.0,0.125,0.25,0.0,0.125,0.0,0.125,-1.175
0.0,0.0,0.0,0.0,0.0,0.0,0.0,0.1666666666666667,0.0,0.0,0.0,0.3333333333333333,0.0,0.0,0.1666666666666667,0.0,0.0,0.0,0.0,-1.633333333333334
0.0,0.0,0.0,0.0,0.0,0.0,0.1428571428571428,0.1428571428571428,0.0,0.0,0.0,0.2857142857142857,0.0,0.0,0.1428571428571428,0.0,0.0,0.0,0.0,-1.9
0.2222222222222222,0.0,0.0,0.0,0.0,0.2222222222222222,0.0,0.0,0.1111111111111111,0.1111111111111111,0.0,0.1111111111111111,0.0,0.1111111111111111,0.1111111111111111,0.0,0.0,0.0,0.0,-0.5333333333333334
0.0,0.0,0.0,0.0,0.0,0.0,0.07692307692307693,0.07692307692307693,0.07692307692307693,0.0,0.0,0.2307692307692308,0.07692307692307693,0.0,0.1538461538461539,0.0,0.07692307692307693,0.0,0.0,-1.6
0.1666666666666667,0.0,0.0,0.0,0.0,0.1666666666666667,0.0,0.0,0.0,0.0,0.0,0.1666666666666667,0.0,0.1666666666666667,0.1666666666666667,0.0,0.0,0.1666666666666667,0.0,-0.8833333333333333
0.0,0.1666666666666667,0.1666666666666667,0.0,0.0,0.0,0.1666666666666667,0.0,0.0,0.0,0.3333333333333333,0.0,0.0,0.1666666666666667,0.0,0.0,0.0,0.0,0.0,-0.1833333333333334
0.0,0.0,0.09090909090909091,0.0,0.0,0.0,0.0,0.09090909090909091,0.0,0.09090909090909091,0.09090909090909091,0.0,0.0,0.09090909090909091,0.2727272727272727,0.0,0.09090909090909091,0.0,0.09090909090909091,0.03636363636363626
0.0,0.0,0.0,0.0,0.0,0.0,0.0,0.0,0.0,1.0,0.0,0.0,0.0,0.0,0.0,0.0,0.0,0.0,0.0,4.5
0.0,0.0,0.0,0.5,0.0,0.0,0.0,0.0,0.0,0.5,0.0,0.0,0.0,0.0,0.0,0.0,0.0,0.0,0.0,0.5
0.0,0.0,0.0,0.0,0.0,0.0,0.0,0.0,0.0,0.0,0.3333333333333333,0.0,0.0,0.3333333333333333,0.0,0.0,0.0,0.0,0.3333333333333333,1.766666666666667
0.125,0.0,0.125,0.0,0.0,0.0,0.0,0.0,0.0,0.125,0.125,0.125,0.0,0.0,0.25,0.0,0.0,0.0,0.0,-0.06250000000000003
0.0,0.0,0.0,0.0,0.0,0.0,0.0,0.0,0.25,0.0,0.25,0.0,0.0,0.25,0.25,0.0,0.0,0.0,0.0,0.4499999999999998
0.0,0.0,0.0,0.0,0.0,0.0,0.0,0.0,0.0,0.0,0.0,0.0,0.0,0.0,0.5,0.25,0.0,0.0,0.25,-1.325
0.1111111111111111,0.0,0.0,0.0,0.0,0.0,0.1111111111111111,0.0,0.0,0.0,0.0,0.0,0.0,0.3333333333333333,0.2222222222222222,0.0,0.0,0.0,0.0,0.3888888888888887
0.0,0.0,0.0,0.0,0.0,0.1111111111111111,0.1111111111111111,0.0,0.0,0.0,0.1111111111111111,0.3333333333333333,0.0,0.0,0.1111111111111111,0.0,0.0,0.0,0.1111111111111111,-1.977777777777778
0.0,0.0,0.0,0.0,0.0,0.0,0.1428571428571428,0.0,0.0,0.0,0.0,0.2857142857142857,0.0,0.0,0.1428571428571428,0.0,0.1428571428571428,0.0,0.0,-1.942857142857143
0.0,0.0,0.0,0.0,0.0,0.0,0.1666666666666667,0.0,0.0,0.0,0.0,0.3333333333333333,0.0,0.0,0.1666666666666667,0.0,0.0,0.0,0.0,-2.15
0.0,0.0,0.0,0.0,0.0,0.25,0.0,0.0,0.0,0.0,0.0,0.5,0.25,0.0,0.0,0.0,0.0,0.0,0.0,-2.35
0.0,0.0,0.1428571428571428,0.0,0.0,0.1428571428571428,0.0,0.0,0.0,0.0,0.0,0.2857142857142857,0.0,0.0,0.1428571428571428,0.0,0.0,0.0,0.1428571428571428,-2.528571428571428
0.0,0.1666666666666667,0.0,0.0,0.0,0.0,0.1666666666666667,0.0,0.0,0.0,0.0,0.0,0.0,0.0,0.1666666666666667,0.1666666666666667,0.0,0.0,0.1666666666666667,-1.95
0.0,0.0,0.0,0.0,0.0,0.0,0.3333333333333333,0.0,0.0,0.0,0.0,0.0,0.0,0.3333333333333333,0.3333333333333333,0.0,0.0,0.0,0.0,-0.7666666666666667
0.0,0.1428571428571428,0.0,0.1428571428571428,0.0,0.0,0.1428571428571428,0.0,0.0,0.0,0.0,0.0,0.0,0.0,0.1428571428571428,0.1428571428571428,0.0,0.0,0.1428571428571428,-2.171428571428571
0.0,0.1666666666666667,0.0,0.0,0.0,0.1666666666666667,0.5,0.0,0.0,0.0,0.1666666666666667,0.0,0.0,0.0,0.0,0.0,0.0,0.0,0.0,-2.45
0.25,0.0,0.0,0.0,0.0,0.25,0.0,0.0,0.0,0.0,0.0,0.0,0.0,0.0,0.25,0.0,0.0,0.25,0.0,-1.05
0.1,0.0,0.1,0.0,0.0,0.1,0.0,0.0,0.0,0.1,0.0,0.1,0.0,0.0,0.2,0.0,0.2,0.0,0.1,-1.05
0.0,0.1111111111111111,0.0,0.1111111111111111,0.0,0.0,0.1111111111111111,0.1111111111111111,0.0,0.0,0.1111111111111111,0.0,0.0,0.0,0.1111111111111111,0.1111111111111111,0.0,0.0,0.1111111111111111,-1.311111111111111
0.0,0.0,0.125,0.0,0.0,0.125,0.0,0.0,0.0,0.0,0.125,0.25,0.0,0.0,0.125,0.0,0.0,0.0,0.125,-1.7375
0.0,0.07692307692307693,0.0,0.0,0.0,0.0,0.0,0.1538461538461539,0.0,0.1538461538461539,0.07692307692307693,0.0,0.0,0.07692307692307693,0.2307692307692308,0.0,0.0,0.0,0.0,0.423076923076923
0.0,0.0,0.5,0.0,0.0,0.0,0.0,0.0,0.0,0.0,0.0,0.0,0.0,0.0,0.0,0.5,0.0,0.0,0.0,-2.15
0.0,0.0,0.0,0.0,0.0,0.2,0.2,0.0,0.0,0.0,0.2,0.0,0.0,0.0,0.2,0.0,0.0,0.0,0.0,-0.9600000000000002
0.0,0.0,0.2857142857142857,0.0,0.0,0.0,0.1428571428571428,0.0,0.0,0.0,0.4285714285714285,0.0,0.0,0.0,0.0,0.0,0.0,0.0,0.0,0.1285714285714284
0.1666666666666667,0.0,0.0,0.0,0.0,0.1666666666666667,0.0,0.0,0.0,0.0,0.1666666666666667,0.1666666666666667,0.0,0.1666666666666667,0.1666666666666667,0.0,0.0,0.0,0.0,-0.1
0.0,0.0,0.0,0.125,0.0,0.0,0.125,0.0,0.0,0.0,0.25,0.0,0.0,0.0,0.0,0.125,0.25,0.0,0.0,-0.2
0.0,0.0,0.0,0.0,0.0,0.1428571428571428,0.0,0.0,0.0,0.2857142857142857,0.0,0.1428571428571428,0.0,0.0,0.1428571428571428,0.0,0.0,0.0,0.2857142857142857,-0.3714285714285714
0.2222222222222222,0.1111111111111111,0.0,0.0,0.0,0.1111111111111111,0.0,0.0,0.0,0.1111111111111111,0.1111111111111111,0.0,0.0,0.0,0.1111111111111111,0.1111111111111111,0.0,0.0,0.0,0.1666666666666666
0.2,0.1,0.0,0.0,0.0,0.2,0.0,0.0,0.0,0.1,0.1,0.0,0.0,0.0,0.1,0.1,0.0,0.0,0.0,-0.2
0.0,0.0,0.1428571428571428,0.0,0.0,0.2857142857142857,0.0,0.0,0.0,0.0,0.1428571428571428,0.0,0.0,0.0,0.0,0.1428571428571428,0.0,0.1428571428571428,0.0,-1.2
0.05882352941176471,0.0,0.1176470588235294,0.05882352941176471,0.0,0.05882352941176471,0.05882352941176471,0.0,0.0,0.1764705882352941,0.0,0.1764705882352941,0.0,0.0,0.1764705882352941,0.0,0.1176470588235294,0.0,0.0,-1.182352941176471
0.0,0.2,0.2,0.0,0.0,0.0,0.0,0.0,0.0,0.0,0.4,0.0,0.0,0.2,0.0,0.0,0.0,0.0,0.0,0.4799999999999999
0.0,0.1428571428571428,0.0,0.0,0.0,0.2857142857142857,0.0,0.0,0.0,0.0,0.1428571428571428,0.0,0.0,0.2857142857142857,0.0,0.0,0.0,0.0,0.1428571428571428,-0.4857142857142858
0.0,0.0,0.0,0.0,0.0,0.0,0.0,0.0,0.0,0.0,0.1428571428571428,0.1428571428571428,0.1428571428571428,0.0,0.1428571428571428,0.0,0.2857142857142857,0.1428571428571428,0.0,-0.3
0.0,0.0,0.125,0.125,0.0,0.0,0.125,0.0,0.0,0.0,0.0,0.25,0.0,0.0,0.0,0.125,0.125,0.0,0.0,-2.475
0.0,0.0,0.0,0.125,0.0,0.375,0.375,0.0,0.0,0.0,0.0,0.0,0.0,0.0,0.0,0.0,0.125,0.0,0.0,-3.15
0.0,0.0,0.125,0.0,0.0,0.125,0.0,0.0,0.0,0.125,0.25,0.0,0.0,0.0,0.375,0.0,0.0,0.0,0.0,0.03749999999999987
0.0,0.0,0.0,0.0,0.0,0.1428571428571428,0.0,0.0,0.0,0.0,0.1428571428571428,0.0,0.0,0.1428571428571428,0.4285714285714285,0.0,0.0,0.0,0.0,-0.242857142857143
0.0,0.0,0.0,0.0,0.0,0.125,0.125,0.0,0.0,0.0,0.125,0.0,0.0,0.125,0.375,0.0,0.0,0.0,0.0,-0.6500000000000001
0.0,0.0,0.0,0.0,0.0,0.1428571428571428,0.0,0.0,0.0,0.0,0.1428571428571428,0.0,0.0,0.1428571428571428,0.2857142857142857,0.1428571428571428,0.0,0.0,0.0,-0.1285714285714286
0.0,0.0,0.1111111111111111,0.0,0.0,0.2222222222222222,0.0,0.0,0.0,0.1111111111111111,0.2222222222222222,0.0,0.0,0.0,0.0,0.1111111111111111,0.0,0.1111111111111111,0.0,-0.01111111111111116
0.1,0.0,0.0,0.0,0.0,0.0,0.0,0.2,0.0,0.0,0.0,0.1,0.0,0.2,0.2,0.0,0.0,0.0,0.0,-0.05000000000000004
0.0,0.0,0.0,0.0,0.0,0.0,0.0,0.0,0.1666666666666667,0.0,0.5,0.0,0.0,0.0,0.3333333333333333,0.0,0.0,0.0,0.0,0.833333333333333
0.0,0.0,0.0,0.0,0.0,0.3333333333333333,0.0,0.0,0.0,0.0,0.0,0.0,0.0,0.0,0.6666666666666666,0.0,0.0,0.0,0.0,-2.233333333333333
0.0,0.0,0.3333333333333333,0.0,0.0,0.3333333333333333,0.3333333333333333,0.0,0.0,0.0,0.0,0.0,0.0,0.0,0.0,0.0,0.0,0.0,0.0,-3.5
0.0625,0.0625,0.0,0.0,0.0,0.0625,0.0,0.0,0.0,0.125,0.0625,0.0625,0.0,0.0,0.125,0.125,0.0,0.0,0.25,-0.45625
0.0,0.0,0.0,0.0,0.0,0.0,0.0,0.0,0.0,0.25,0.25,0.0,0.0,0.0,0.0,0.0,0.25,0.0,0.0,1.9
0.0,0.0,0.0,0.0,0.0,0.0,0.0,0.3333333333333333,0.0,0.3333333333333333,0.0,0.0,0.0,0.3333333333333333,0.0,0.0,0.0,0.0,0.0,2.3
0.09090909090909091,0.09090909090909091,0.0,0.0,0.0,0.09090909090909091,0.0,0.09090909090909091,0.0,0.0,0.2727272727272727,0.0,0.0,0.0,0.1818181818181818,0.09090909090909091,0.0,0.0,0.0,0.07272727272727258
0.1,0.0,0.0,0.0,0.0,0.0,0.2,0.0,0.0,0.1,0.1,0.0,0.1,0.0,0.2,0.1,0.0,0.0,0.0,0.09999999999999995
0.1818181818181818,0.09090909090909091,0.0,0.0,0.0,0.1818181818181818,0.0,0.09090909090909091,0.0,0.09090909090909091,0.1818181818181818,0.0,0.0,0.0,0.1818181818181818,0.0,0.0,0.0,0.0,0.0545454545454545
0.0,0.0,0.0,0.0,0.0,0.0,0.0,0.0,0.25,0.25,0.0,0.0,0.0,0.25,0.25,0.0,0.0,0.0,0.0,0.6249999999999999
0.0,0.0,0.0,0.0,0.0,0.0,0.0,0.0,0.0,0.3333333333333333,0.0,0.0,0.0,0.0,0.0,0.0,0.0,0.0,0.3333333333333333,1.066666666666667
0.0,0.0,0.0,0.0,0.0,0.0,0.0,0.0,0.5,0.5,0.0,0.0,0.0,0.0,0.0,0.0,0.0,0.0,0.0,0.6499999999999999
0.0,0.0,0.0,0.0,0.0,0.0,0.0,0.3333333333333333,0.0,0.0,0.0,0.0,0.0,0.0,0.3333333333333333,0.0,0.0,0.0,0.3333333333333333,-1.1
0.0,0.0,0.0,0.0,0.0,0.0,0.0,0.0,0.5,0.5,0.0,0.0,0.0,0.0,0.0,0.0,0.0,0.0,0.0,0.6499999999999999
0.0,0.0,0.0,0.0,0.0,0.0,0.0,0.0,0.3333333333333333,0.0,0.0,0.0,0.0,0.0,0.3333333333333333,0.0,0.0,0.0,0.3333333333333333,-2.033333333333334
0.0,0.0,0.0,0.0,0.0,0.0,0.0,0.25,0.5,0.0,0.0,0.0,0.0,0.0,0.25,0.0,0.0,0.0,0.0,-2.1
0.0,0.0,0.0,0.0,0.0,0.0,0.0,0.0,0.0,0.5,0.5,0.0,0.0,0.0,0.0,0.0,0.0,0.0,0.0,4.15
0.0,0.0,0.0,0.0,0.0,0.0,0.0,0.0,0.0,0.0,0.0,0.0,0.0,0.0,0.3333333333333333,0.3333333333333333,0.0,0.0,0.3333333333333333,-1.233333333333333
0.0,0.0,0.0,0.0,0.0,0.0,0.0,0.0,0.3333333333333333,0.0,0.0,0.0,0.0,0.0,0.3333333333333333,0.0,0.0,0.0,0.3333333333333333,-2.033333333333334
0.0,0.0,0.125,0.0,0.0,0.0,0.125,0.125,0.0,0.0,0.125,0.125,0.0,0.0,0.25,0.0,0.125,0.0,0.0,-1.425
0.1666666666666667,0.1666666666666667,0.0,0.0,0.0,0.0,0.0,0.0,0.0,0.1666666666666667,0.1666666666666667,0.0,0.0,0.0,0.1666666666666667,0.0,0.0,0.0,0.0,0.6666666666666666
0.2,0.0,0.0,0.0,0.0,0.0,0.0,0.0,0.0,0.2,0.0,0.2,0.0,0.0,0.2,0.0,0.0,0.0,0.2,-0.1
0.0,0.0,0.0,0.25,0.0,0.0,0.5,0.0,0.0,0.0,0.25,0.0,0.0,0.0,0.0,0.0,0.0,0.0,0.0,-1.675
0.125,0.0,0.125,0.0,0.0,0.125,0.0,0.125,0.0,0.0,0.0,0.0,0.0,0.125,0.125,0.125,0.0,0.0,0.0,-0.65
0.0,0.0,0.0,0.0,0.0,0.0,0.1428571428571428,0.1428571428571428,0.0,0.0,0.1428571428571428,0.0,0.0,0.0,0.1428571428571428,0.1428571428571428,0.0,0.1428571428571428,0.0,-0.4857142857142858
0.0,0.0,0.0,0.0,0.0,0.0,0.08333333333333333,0.25,0.0,0.0,0.1666666666666667,0.08333333333333333,0.0,0.0,0.08333333333333333,0.08333333333333333,0.0,0.08333333333333333,0.08333333333333333,-0.4666666666666667
0.0,0.0,0.1111111111111111,0.0,0.0,0.05555555555555555,0.0,0.05555555555555555,0.0,0.1111111111111111,0.05555555555555555,0.0,0.0,0.05555555555555555,0.3888888888888889,0.05555555555555555,0.0,0.0,0.05555555555555555,-0.4777777777777779
0.0,0.0,0.08695652173913043,0.0,0.0,0.08695652173913043,0.0,0.04347826086956522,0.0,0.08695652173913043,0.08695652173913043,0.0,0.0,0.04347826086956522,0.3478260869565217,0.04347826086956522,0.08695652173913043,0.0,0.04347826086956522,-0.491304347826087
0.0,0.0,0.0,0.0,0.0,0.4,0.0,0.0,0.0,0.0,0.2,0.0,0.0,0.0,0.2,0.0,0.0,0.0,0.2,-1.22
0.0,0.125,0.125,0.125,0.0,0.0,0.0,0.125,0.0,0.125,0.0,0.125,0.0,0.0,0.125,0.0,0.0,0.0,0.125,-1.775
0.0,0.07692307692307693,0.0,0.1538461538461539,0.0,0.0,0.07692307692307693,0.07692307692307693,0.1538461538461539,0.07692307692307693,0.0,0.07692307692307693,0.0,0.07692307692307693,0.07692307692307693,0.0,0.07692307692307693,0.07692307692307693,0.0,-1.661538461538462
0.1176470588235294,0.2352941176470588,0.0,0.0,0.0,0.0,0.0,0.05882352941176471,0.05882352941176471,0.0,0.05882352941176471,0.05882352941176471,0.0,0.0,0.05882352941176471,0.1176470588235294,0.1176470588235294,0.0,0.05882352941176471,-1.411764705882353
0.0,0.1,0.0,0.1,0.0,0.0,0.1,0.0,0.2,0.1,0.0,0.1,0.0,0.0,0.1,0.0,0.1,0.1,0.0,-2.05
0.0,0.1111111111111111,0.0,0.1111111111111111,0.0,0.0,0.1111111111111111,0.0,0.2222222222222222,0.1111111111111111,0.0,0.1111111111111111,0.0,0.0,0.1111111111111111,0.0,0.1111111111111111,0.0,0.0,-2.177777777777778
0.0,0.0,0.0,0.1666666666666667,0.0,0.0,0.0,0.0,0.1666666666666667,0.1666666666666667,0.0,0.1666666666666667,0.0,0.0,0.1666666666666667,0.0,0.1666666666666667,0.0,0.0,-1.4
0.0,0.0,0.0,0.3333333333333333,0.0,0.0,0.0,0.3333333333333333,0.0,0.0,0.0,0.0,0.0,0.0,0.0,0.0,0.0,0.3333333333333333,0.0,-1.6
0.0,0.1666666666666667,0.1666666666666667,0.0,0.0,0.0,0.0,0.0,0.0,0.1666666666666667,0.0,0.1666666666666667,0.0,0.0,0.1666666666666667,0.0,0.0,0.0,0.1666666666666667,-1.716666666666667
0.0,0.0,0.0,0.2,0.0,0.0,0.0,0.2,0.0,0.2,0.0,0.2,0.0,0.0,0.0,0.0,0.0,0.0,0.2,-0.9199999999999999
0.0,0.0,0.0,0.2,0.0,0.0,0.0,0.2,0.0,0.2,0.0,0.2,0.0,0.0,0.0,0.0,0.0,0.2,0.0,-0.8400000000000001
0.0,0.0,0.0,0.0,0.0,0.0,0.25,0.0,0.0,0.25,0.0,0.25,0.0,0.0,0.0,0.0,0.0,0.25,0.0,-0.95
0.0,0.3333333333333333,0.0,0.0,0.0,0.0,0.0,0.0,0.0,0.0,0.0,0.3333333333333333,0.0,0.0,0.0,0.0,0.0,0.0,0.0,-2.8
0.0,0.1666666666666667,0.0,0.0,0.0,0.1666666666666667,0.0,0.0,0.0,0.1666666666666667,0.0,0.1666666666666667,0.0,0.0,0.0,0.0,0.0,0.0,0.1666666666666667,-1.45
0.1428571428571428,0.1428571428571428,0.0,0.0,0.0,0.0,0.0,0.0,0.0,0.0,0.1428571428571428,0.0,0.0,0.0,0.1428571428571428,0.1428571428571428,0.0,0.0,0.1428571428571428,-0.3714285714285715
0.0,0.0,0.0,0.0,0.0,0.0,0.0,0.0,0.3333333333333333,0.0,0.3333333333333333,0.0,0.0,0.0,0.3333333333333333,0.0,0.0,0.0,0.0,-0.3333333333333335
0.0,0.0,0.0,0.0,0.2,0.0,0.0,0.0,0.0,0.0,0.4,0.0,0.2,0.0,0.0,0.2,0.0,0.0,0.0,2.24
0.2,0.2,0.2,0.0,0.0,0.2,0.0,0.0,0.0,0.0,0.0,0.0,0.0,0.0,0.2,0.0,0.0,0.0,0.0,-2.26
0.0,0.0,0.3333333333333333,0.0,0.0,0.1111111111111111,0.1111111111111111,0.0,0.0,0.1111111111111111,0.0,0.0,0.0,0.0,0.1111111111111111,0.0,0.1111111111111111,0.1111111111111111,0.0,-1.8
0.25,0.0,0.25,0.0,0.0,0.0,0.0,0.25,0.0,0.0,0.25,0.0,0.0,0.0,0.0,0.0,0.0,0.0,0.0,0.4249999999999999
0.0,0.0,0.0,0.0,0.0,0.0,0.25,0.25,0.0,0.0,0.0,0.0,0.0,0.0,0.0,0.0,0.0,0.0,0.25,-1.3
0.0,0.0,0.0,0.25,0.0,0.0,0.0,0.0,0.0,0.0,0.0,0.125,0.0,0.125,0.25,0.0,0.0,0.125,0.0,-1.525
0.0,0.0,0.0,0.1,0.1,0.0,0.1,0.0,0.0,0.0,0.1,0.0,0.0,0.2,0.1,0.1,0.0,0.0,0.1,0.1199999999999999
0.0,0.0,0.1428571428571428,0.0,0.0,0.0,0.1428571428571428,0.0,0.0,0.0,0.1428571428571428,0.0,0.0,0.1428571428571428,0.1428571428571428,0.0,0.0,0.0,0.1428571428571428,-0.4714285714285715
0.0,0.0,0.0,0.0,0.0,0.0,0.0,0.0,0.0,0.0,0.0,0.3333333333333333,0.0,0.3333333333333333,0.0,0.0,0.0,0.0,0.0,-0.3666666666666667
0.0,0.3333333333333333,0.0,0.0,0.0,0.0,0.0,0.0,0.0,0.0,0.0,0.3333333333333333,0.3333333333333333,0.0,0.0,0.0,0.0,0.0,0.0,-2.166666666666667
0.3333333333333333,0.0,0.0,0.0,0.0,0.0,0.0,0.0,0.0,0.0,0.0,0.3333333333333333,0.3333333333333333,0.0,0.0,0.0,0.0,0.0,0.0,-0.06666666666666665
0.3333333333333333,0.0,0.0,0.0,0.0,0.0,0.0,0.0,0.0,0.0,0.0,0.3333333333333333,0.0,0.3333333333333333,0.0,0.0,0.0,0.0,0.0,0.2333333333333333
0.0,0.0625,0.125,0.125,0.0,0.0625,0.0,0.125,0.0,0.125,0.0625,0.0,0.0,0.0,0.0,0.125,0.125,0.0,0.0625,-0.89375
0.0,0.25,0.0,0.0,0.0,0.0,0.0,0.25,0.0,0.0,0.0,0.0,0.0,0.25,0.0,0.0,0.0,0.0,0.0,-0.525
0.25,0.0,0.0,0.0,0.0,0.0,0.0,0.0,0.25,0.0,0.5,0.0,0.0,0.0,0.0,0.0,0.0,0.0,0.0,1.55
0.0,0.0,0.0,0.0,0.0,0.0,0.0,0.0,0.0,0.0,1.0,0.0,0.0,0.0,0.0,0.0,0.0,0.0,0.0,3.8
0.1,0.1,0.0,0.0,0.0,0.0,0.0,0.3,0.0,0.0,0.0,0.0,0.0,0.0,0.3,0.1,0.0,0.0,0.0,-0.95
0.1,0.0,0.0,0.1,0.0,0.1,0.0,0.2,0.0,0.0,0.0,0.0,0.0,0.0,0.4,0.0,0.0,0.0,0.0,-1.24
0.0,0.25,0.0,0.0,0.0,0.0,0.0,0.0,0.0,0.0,0.25,0.25,0.0,0.0,0.0,0.0,0.25,0.0,0.0,-1.325
0.0,0.0,0.0,0.0,0.0,0.0,0.0,0.1666666666666667,0.1666666666666667,0.0,0.1666666666666667,0.0,0.1666666666666667,0.0,0.0,0.0,0.1666666666666667,0.0,0.0,0.2333333333333333
0.0,0.2,0.2,0.0,0.0,0.0,0.0,0.0,0.0,0.0,0.2,0.0,0.2,0.0,0.0,0.0,0.0,0.0,0.0,-0.4600000000000001
0.1666666666666667,0.0,0.0,0.0,0.0,0.0,0.0,0.0,0.0,0.0,0.1666666666666667,0.0,0.1666666666666667,0.1666666666666667,0.0,0.0,0.0,0.0,0.0,1.716666666666667
0.0,0.0,0.2857142857142857,0.0,0.0,0.0,0.0,0.1428571428571428,0.0,0.0,0.1428571428571428,0.0,0.1428571428571428,0.0,0.1428571428571428,0.0,0.1428571428571428,0.0,0.0,-0.5714285714285714
0.0,0.0,0.0,0.0,0.0,0.3333333333333333,0.3333333333333333,0.0,0.0,0.0,0.3333333333333333,0.0,0.0,0.0,0.0,0.0,0.0,0.0,0.0,-1.066666666666667
0.3333333333333333,0.0,0.3333333333333333,0.0,0.0,0.0,0.0,0.0,0.0,0.0,0.0,0.0,0.0,0.0,0.0,0.0,0.0,0.0,0.3333333333333333,-1.0
0.0,0.0,0.0,0.0,0.0,0.0,0.0,0.0,0.0,0.0,0.2,0.0,0.2,0.0,0.0,0.0,0.2,0.0,0.0,1.0
0.0,0.0,0.0,0.1428571428571428,0.0,0.0,0.0,0.1428571428571428,0.0,0.0,0.2857142857142857,0.1428571428571428,0.1428571428571428,0.0,0.0,0.0,0.0,0.0,0.1428571428571428,0.05714285714285709
0.1111111111111111,0.0,0.0,0.05555555555555555,0.0,0.0,0.0,0.1111111111111111,0.05555555555555555,0.0,0.1666666666666667,0.0,0.0,0.05555555555555555,0.1111111111111111,0.05555555555555555,0.1666666666666667,0.0,0.1111111111111111,0.0888888888888888
0.0,0.08333333333333333,0.0,0.0,0.0,0.0,0.0,0.08333333333333333,0.0,0.08333333333333333,0.1666666666666667,0.08333333333333333,0.0,0.0,0.4166666666666667,0.0,0.0,0.08333333333333333,0.0,-0.4666666666666667
0.2,0.0,0.0,0.0,0.0,0.0,0.0,0.0,0.2,0.0,0.4,0.0,0.0,0.0,0.0,0.0,0.2,0.0,0.0,1.1
0.1666666666666667,0.0,0.1666666666666667,0.0,0.0,0.0,0.0,0.0,0.3333333333333333,0.0,0.0,0.0,0.1666666666666667,0.0,0.0,0.0,0.0,0.1666666666666667,0.0,-1.183333333333333
0.1666666666666667,0.1666666666666667,0.0,0.0,0.0,0.1666666666666667,0.0,0.1666666666666667,0.0,0.0,0.1666666666666667,0.0,0.0,0.0,0.1666666666666667,0.0,0.0,0.0,0.0,-0.7333333333333334
0.2,0.0,0.0,0.0,0.0,0.0,0.2,0.0,0.0,0.0,0.2,0.0,0.0,0.0,0.2,0.2,0.0,0.0,0.0,-0.06000000000000005
0.1111111111111111,0.1111111111111111,0.0,0.0,0.0,0.0,0.0,0.0,0.1111111111111111,0.0,0.1111111111111111,0.0,0.0,0.0,0.1111111111111111,0.1111111111111111,0.1111111111111111,0.0,0.1111111111111111,-0.7222222222222222
0.0,0.0,0.0,0.0,0.0,0.25,0.0,0.0,0.0,0.0,0.25,0.0,0.0,0.0,0.25,0.0,0.0,0.0,0.25,-0.6500000000000001
0.0,0.0,0.0,0.0,0.0,0.0,0.2,0.2,0.0,0.0,0.2,0.0,0.0,0.0,0.0,0.0,0.0,0.0,0.0,-0.02000000000000004
0.1666666666666667,0.0,0.1666666666666667,0.1666666666666667,0.0,0.0,0.0,0.0,0.0,0.0,0.0,0.1666666666666667,0.1666666666666667,0.0,0.0,0.0,0.0,0.0,0.0,-1.2
0.3333333333333333,0.0,0.1666666666666667,0.0,0.0,0.0,0.0,0.0,0.0,0.0,0.1666666666666667,0.0,0.0,0.0,0.1666666666666667,0.0,0.0,0.0,0.0,0.3833333333333333
0.0,0.2,0.0,0.0,0.2,0.0,0.0,0.0,0.0,0.0,0.2,0.0,0.0,0.0,0.0,0.0,0.2,0.2,0.0,0.03999999999999997
0.0,0.0,0.0,0.0,0.0,0.0,0.0,0.0,0.3333333333333333,0.0,0.3333333333333333,0.0,0.0,0.3333333333333333,0.0,0.0,0.0,0.0,0.0,1.133333333333333
0.0,0.0,0.0,0.0,0.0,0.0,0.0,0.25,0.0,0.0,0.25,0.0,0.0,0.0,0.0,0.0,0.0,0.25,0.25,0.2999999999999999
0.0,0.0,0.0,0.0,0.25,0.0,0.0,0.25,0.0,0.0,0.0,0.0,0.0,0.25,0.25,0.0,0.0,0.0,0.0,0.825
0.2,0.0,0.0,0.0,0.0,0.0,0.0,0.0,0.0,0.0,0.0,0.0,0.2,0.2,0.2,0.0,0.0,0.0,0.0,0.9799999999999999
0.0,0.0,0.0,0.0,0.0,0.0,0.0,0.0,0.2,0.0,0.2,0.0,0.0,0.0,0.2,0.2,0.0,0.0,0.2,-0.6200000000000001
0.0,0.0,0.0,0.0,0.0,0.0,0.0,0.0,0.2,0.0,0.2,0.0,0.0,0.0,0.2,0.0,0.2,0.0,0.2,-0.6000000000000001
0.0,0.0,0.0,0.0,0.0,0.0,0.0,0.0,0.25,0.0,0.5,0.0,0.0,0.0,0.25,0.0,0.0,0.0,0.0,0.6999999999999998
0.0,0.0,0.0,0.25,0.0,0.0,0.0,0.0,0.0,0.25,0.5,0.0,0.0,0.0,0.0,0.0,0.0,0.0,0.0,2.15
0.0,0.0,0.0,0.0,0.0,0.0,0.0,0.0,0.25,0.0,0.0,0.0,0.0,0.0,0.25,0.25,0.0,0.0,0.0,-1.4
0.0,0.0,0.0,0.0,0.0,0.0,0.0,0.0,0.5,0.0,0.0,0.0,0.25,0.0,0.25,0.0,0.0,0.0,0.0,-1.525
0.0,0.0,0.0,0.0,0.0,0.1111111111111111,0.2222222222222222,0.1111111111111111,0.0,0.0,0.2222222222222222,0.0,0.0,0.1111111111111111,0.1111111111111111,0.1111111111111111,0.0,0.0,0.0,-0.3222222222222223
0.1,0.0,0.0,0.1,0.0,0.1,0.0,0.2,0.0,0.1,0.3,0.0,0.0,0.0,0.1,0.0,0.0,0.0,0.0,0.8299999999999998
0.0,0.0,0.0,0.0,0.0,0.0,0.0,0.0,0.3333333333333333,0.0,0.0,0.3333333333333333,0.0,0.0,0.0,0.0,0.0,0.0,0.0,-2.366666666666667
0.0,0.1428571428571428,0.1428571428571428,0.1428571428571428,0.0,0.1428571428571428,0.0,0.0,0.0,0.0,0.2857142857142857,0.0,0.0,0.1428571428571428,0.0,0.0,0.0,0.0,0.0,-0.6571428571428573
0.0,0.0,0.1666666666666667,0.1666666666666667,0.0,0.1666666666666667,0.0,0.0,0.0,0.0,0.3333333333333333,0.0,0.0,0.1666666666666667,0.0,0.0,0.0,0.0,0.0,-0.01666666666666676
0.0,0.0,0.0,0.0,0.0,0.0,0.0,0.1666666666666667,0.1666666666666667,0.0,0.0,0.0,0.0,0.0,0.0,0.1666666666666667,0.1666666666666667,0.1666666666666667,0.0,-1.0
0.2,0.2,0.0,0.0,0.0,0.0,0.0,0.0,0.2,0.2,0.0,0.0,0.0,0.0,0.0,0.0,0.0,0.0,0.2,-0.54
0.0,0.1428571428571428,0.1428571428571428,0.0,0.0,0.0,0.1428571428571428,0.1428571428571428,0.0,0.0,0.2857142857142857,0.1428571428571428,0.0,0.0,0.0,0.0,0.0,0.0,0.0,-1.171428571428571
0.0,0.2,0.0,0.0,0.2,0.0,0.0,0.0,0.0,0.0,0.0,0.0,0.0,0.0,0.2,0.0,0.0,0.2,0.0,-0.9
0.0,0.07692307692307693,0.0,0.0,0.0,0.1538461538461539,0.0,0.1538461538461539,0.07692307692307693,0.0,0.0,0.07692307692307693,0.0,0.07692307692307693,0.2307692307692308,0.1538461538461539,0.0,0.0,0.0,-1.769230769230769
0.0,0.1111111111111111,0.0,0.0,0.0,0.1111111111111111,0.1111111111111111,0.1111111111111111,0.0,0.0,0.0,0.1111111111111111,0.0,0.0,0.1111111111111111,0.1111111111111111,0.0,0.0,0.0,-2.022222222222222
0.0,0.0,0.125,0.0,0.0,0.0,0.125,0.125,0.0,0.0,0.0,0.125,0.0,0.0,0.125,0.125,0.0,0.0,0.0,-1.7125
0.25,0.0,0.0,0.0,0.0,0.0,0.0,0.25,0.0,0.0,0.0,0.0,0.0,0.25,0.25,0.0,0.0,0.0,0.0,0.6499999999999999
0.125,0.0,0.0,0.0,0.0,0.0,0.0,0.375,0.0,0.0,0.0,0.0,0.125,0.0,0.125,0.25,0.0,0.0,0.0,-0.08750000000000005
0.5,0.0,0.0,0.0,0.0,0.0,0.0,0.0,0.0,0.0,0.25,0.0,0.0,0.0,0.0,0.0,0.0,0.0,0.25,1.525
0.0,0.125,0.0,0.0,0.0,0.0,0.125,0.0,0.0,0.0,0.125,0.125,0.0,0.25,0.0,0.0,0.125,0.125,0.0,-0.5125000000000001
0.0,0.0,0.0,0.0,0.0,0.0,0.0,0.0,0.0,0.09090909090909091,0.09090909090909091,0.09090909090909091,0.09090909090909091,0.1818181818181818,0.2727272727272727,0.09090909090909091,0.0,0.0,0.0,0.5727272727272726
0.5,0.0,0.0,0.0,0.0,0.0,0.0,0.0,0.0,0.0,0.0,0.0,0.0,0.0,0.25,0.0,0.0,0.0,0.0,0.5
0.25,0.0,0.0,0.0,0.0,0.0,0.0,0.0,0.0,0.0,0.25,0.0,0.0,0.0,0.5,0.0,0.0,0.0,0.0,0.5999999999999999
1.0,0.0,0.0,0.0,0.0,0.0,0.0,0.0,0.0,0.0,0.0,0.0,0.0,0.0,0.0,0.0,0.0,0.0,0.0,1.8
0.5,0.0,0.0,0.0,0.0,0.0,0.0,0.0,0.0,0.0,0.0,0.0,0.0,0.0,0.25,0.0,0.25,0.0,0.0,0.325
0.3333333333333333,0.0,0.0,0.0,0.0,0.0,0.0,0.0,0.0,0.0,0.0,0.0,0.0,0.0,0.3333333333333333,0.0,0.3333333333333333,0.0,0.0,-0.1666666666666667
0.75,0.0,0.0,0.0,0.0,0.0,0.0,0.0,0.0,0.0,0.0,0.0,0.0,0.0,0.0,0.0,0.25,0.0,0.0,1.175
0.5,0.0,0.0,0.0,0.0,0.0,0.0,0.0,0.0,0.0,0.0,0.0,0.0,0.0,0.0,0.0,0.0,0.0,0.0,0.9
0.4285714285714285,0.0,0.0,0.0,0.0,0.0,0.0,0.2857142857142857,0.1428571428571428,0.0,0.0,0.0,0.0,0.0,0.1428571428571428,0.0,0.0,0.0,0.0,-0.02857142857142856
0.3333333333333333,0.0,0.1666666666666667,0.0,0.0,0.0,0.0,0.1666666666666667,0.0,0.0,0.0,0.0,0.0,0.1666666666666667,0.0,0.0,0.1666666666666667,0.0,0.0,0.3
0.2857142857142857,0.0,0.0,0.0,0.0,0.0,0.0,0.1428571428571428,0.0,0.0,0.0,0.0,0.0,0.0,0.1428571428571428,0.2857142857142857,0.0,0.0,0.0,-1.586032892321652e-17
0.2,0.0,0.0,0.0,0.0,0.0,0.0,0.5,0.0,0.0,0.0,0.0,0.0,0.0,0.2,0.0,0.1,0.0,0.0,-0.23
0.0,0.125,0.125,0.0,0.0,0.0,0.0,0.25,0.0,0.0,0.125,0.0,0.0,0.0,0.125,0.0,0.125,0.125,0.0,-1.025
0.0,0.0,0.0,0.0,0.0,0.25,0.0,0.375,0.0,0.0,0.0,0.0,0.0,0.0,0.25,0.0,0.125,0.0,0.0,-1.5125
0.0,0.0,0.0,0.0,0.0,0.0,0.0,0.4285714285714285,0.0,0.0,0.0,0.0,0.0,0.0,0.1428571428571428,0.1428571428571428,0.1428571428571428,0.0,0.0,-0.6142857142857144
0.25,0.0,0.0,0.0,0.0,0.0,0.0,0.0,0.0,0.0,0.0,0.0,0.0,0.25,0.0,0.0,0.0,0.0,0.5,0.4999999999999999
0.0,0.0,0.1666666666666667,0.0,0.0,0.0,0.0,0.1666666666666667,0.0,0.1666666666666667,0.0,0.0,0.0,0.0,0.3333333333333333,0.0,0.1666666666666667,0.0,0.0,-0.55
0.0,0.0,0.0,0.0,0.0,0.25,0.0,0.0,0.0,0.0,0.25,0.0,0.0,0.0,0.25,0.25,0.0,0.0,0.0,-0.5250000000000001
0.0,0.0,0.0,0.0,0.0,0.25,0.0,0.0,0.0,0.0,0.0,0.25,0.0,0.0,0.25,0.25,0.0,0.0,0.0,-2.45
0.2307692307692308,0.03846153846153846,0.0,0.07692307692307693,0.0,0.03846153846153846,0.0,0.03846153846153846,0.0,0.03846153846153846,0.1538461538461539,0.0,0.03846153846153846,0.0,0.03846153846153846,0.1538461538461539,0.03846153846153846,0.03846153846153846,0.03846153846153846,0.3576923076923076
0.0,0.0,0.0,0.0,0.0,0.125,0.0,0.0,0.0,0.25,0.0,0.125,0.125,0.0,0.0,0.0,0.25,0.0,0.0,0.2625
0.0,0.1666666666666667,0.0,0.0,0.0,0.0,0.5,0.0,0.0,0.0,0.3333333333333333,0.0,0.0,0.0,0.0,0.0,0.0,0.0,0.0,-1.233333333333333
0.0,0.0,0.0,0.25,0.0,0.0,0.0,0.0,0.0,0.0,0.25,0.0,0.25,0.25,0.0,0.0,0.0,0.0,0.0,1.25
0.0,0.0,0.0,0.0,0.0,0.0,0.0,0.0,0.0,0.0,0.0,0.5,0.0,0.0,0.0,0.0,0.0,0.0,0.0,-1.95
0.05555555555555555,0.05555555555555555,0.0,0.05555555555555555,0.0,0.1666666666666667,0.05555555555555555,0.0,0.0,0.05555555555555555,0.1111111111111111,0.0,0.05555555555555555,0.05555555555555555,0.1666666666666667,0.0,0.0,0.0,0.1111111111111111,-0.6000000000000001
0.0,0.0,0.0,0.0,0.0,0.05,0.15,0.0,0.0,0.0,0.1,0.05,0.05,0.1,0.2,0.1,0.1,0.0,0.05,-0.675
0.0,0.0,0.09090909090909091,0.0,0.0,0.04545454545454546,0.0,0.04545454545454546,0.0,0.09090909090909091,0.1363636363636364,0.0,0.0,0.04545454545454546,0.3181818181818182,0.09090909090909091,0.04545454545454546,0.0,0.04545454545454546,-0.1136363636363638
0.0,0.0,0.09523809523809523,0.0,0.0,0.04761904761904762,0.0,0.04761904761904762,0.0,0.09523809523809523,0.1428571428571428,0.0,0.0,0.04761904761904762,0.3333333333333333,0.04761904761904762,0.04761904761904762,0.0,0.04761904761904762,-0.08095238095238108
0.2,0.0,0.0,0.0,0.0,0.0,0.0,0.4,0.0,0.0,0.0,0.0,0.0,0.0,0.0,0.2,0.0,0.0,0.2,-0.22
0.0,0.4,0.0,0.0,0.2,0.0,0.0,0.0,0.0,0.0,0.0,0.0,0.0,0.0,0.2,0.2,0.0,0.0,0.0,-1.78
0.125,0.0,0.0,0.0,0.0,0.0,0.0,0.125,0.0,0.0,0.125,0.0,0.0,0.0,0.125,0.0,0.0,0.125,0.25,0.01249999999999996
0.1428571428571428,0.0,0.0,0.07142857142857142,0.0,0.07142857142857142,0.0,0.07142857142857142,0.0,0.0,0.07142857142857142,0.0,0.0,0.0,0.1428571428571428,0.07142857142857142,0.0,0.07142857142857142,0.2142857142857143,-0.6285714285714287
0.03333333333333333,0.0,0.06666666666666667,0.06666666666666667,0.0,0.06666666666666667,0.06666666666666667,0.03333333333333333,0.0,0.06666666666666667,0.03333333333333333,0.03333333333333333,0.03333333333333333,0.03333333333333333,0.1333333333333333,0.1333333333333333,0.1333333333333333,0.03333333333333333,0.03333333333333333,-0.92
0.0,0.0,0.1428571428571428,0.0,0.0,0.0,0.2857142857142857,0.1428571428571428,0.0,0.0,0.0,0.1428571428571428,0.0,0.0,0.0,0.2857142857142857,0.0,0.0,0.0,-2.342857142857143
0.0,0.0,0.25,0.0,0.0,0.0,0.25,0.25,0.0,0.0,0.0,0.0,0.0,0.0,0.0,0.25,0.0,0.0,0.0,-2.05
0.1428571428571428,0.0,0.0,0.0,0.0,0.1428571428571428,0.0,0.0,0.0,0.0,0.0,0.1428571428571428,0.0,0.0,0.2857142857142857,0.0,0.0,0.0,0.1428571428571428,-1.442857142857143
0.1666666666666667,0.0,0.0,0.0,0.0,0.1666666666666667,0.0,0.0,0.0,0.0,0.0,0.0,0.0,0.0,0.3333333333333333,0.0,0.0,0.0,0.1666666666666667,-1.033333333333333
0.0,0.0,0.0,0.0,0.0,0.2,0.0,0.0,0.0,0.0,0.4,0.0,0.0,0.0,0.0,0.2,0.2,0.0,0.0,0.5199999999999999
0.0,0.0,0.0,0.0,0.0,0.1333333333333333,0.06666666666666667,0.0,0.0,0.0,0.1333333333333333,0.06666666666666667,0.0,0.06666666666666667,0.1333333333333333,0.1333333333333333,0.1333333333333333,0.0,0.06666666666666667,-0.7666666666666667
0.0,0.0,0.0,0.0,0.0,0.1111111111111111,0.05555555555555555,0.0,0.0,0.0,0.1666666666666667,0.05555555555555555,0.0,0.0,0.2222222222222222,0.2222222222222222,0.0,0.0,0.0,-0.7000000000000001
0.0,0.0,0.03571428571428571,0.0,0.0,0.1071428571428571,0.03571428571428571,0.03571428571428571,0.0,0.03571428571428571,0.1071428571428571,0.03571428571428571,0.03571428571428571,0.03571428571428571,0.25,0.03571428571428571,0.07142857142857142,0.0,0.0,-0.5214285714285716
0.01851851851851852,0.01851851851851852,0.03703703703703703,0.03703703703703703,0.0,0.1296296296296296,0.1296296296296296,0.01851851851851852,0.01851851851851852,0.09259259259259259,0.05555555555555555,0.07407407407407407,0.0,0.05555555555555555,0.09259259259259259,0.1296296296296296,0.05555555555555555,0.0,0.01851851851851852,-1.103703703703704
0.01219512195121951,0.01219512195121951,0.03658536585365853,0.02439024390243903,0.0,0.1219512195121951,0.0975609756097561,0.02439024390243903,0.01219512195121951,0.07317073170731707,0.07317073170731707,0.06097560975609756,0.01219512195121951,0.04878048780487805,0.1463414634146341,0.0975609756097561,0.04878048780487805,0.0,0.02439024390243903,-0.9121951219512197
0.03703703703703703,0.0,0.03703703703703703,0.07407407407407407,0.0,0.1111111111111111,0.03703703703703703,0.03703703703703703,0.03703703703703703,0.07407407407407407,0.07407407407407407,0.03703703703703703,0.0,0.07407407407407407,0.1851851851851852,0.07407407407407407,0.03703703703703703,0.0,0.03703703703703703,-0.725925925925926
0.0,0.0,0.0,0.0,0.0,0.0,0.0,0.0,0.0,0.0,0.1428571428571428,0.0,0.0,0.0,0.1428571428571428,0.0,0.1428571428571428,0.1428571428571428,0.1428571428571428,-0.1
0.2,0.0,0.0,0.0,0.0,0.0,0.0,0.0,0.0,0.0,0.0,0.2,0.0,0.0,0.4,0.0,0.0,0.0,0.0,-1.06
0.2,0.0,0.0,0.0,0.0,0.0,0.2,0.0,0.0,0.0,0.0,0.2,0.0,0.0,0.4,0.0,0.0,0.0,0.0,-1.76
0.3333333333333333,0.0,0.0,0.0,0.0,0.0,0.0,0.0,0.0,0.0,0.0,0.1666666666666667,0.0,0.0,0.5,0.0,0.0,0.0,0.0,-0.8500000000000001
0.5,0.0,0.0,0.0,0.0,0.0,0.0,0.0,0.0,0.0,0.1666666666666667,0.0,0.0,0.0,0.1666666666666667,0.0,0.1666666666666667,0.0,0.0,1.15
0.0,0.0,0.2727272727272727,0.0,0.0,0.1818181818181818,0.0,0.0,0.0,0.0,0.0,0.0,0.0,0.09090909090909091,0.0,0.0,0.2727272727272727,0.0,0.09090909090909091,-1.645454545454546
0.2,0.0,0.0,0.0,0.2,0.0,0.2,0.0,0.0,0.0,0.0,0.2,0.0,0.0,0.2,0.0,0.0,0.0,0.0,-0.9400000000000001
0.0,0.0,0.0,0.0,0.0,0.0,0.0,0.0,0.0,0.0,0.0,0.3333333333333333,0.0,0.0,0.3333333333333333,0.0,0.0,0.0,0.0,-1.833333333333333
0.5,0.0,0.0,0.0,0.0,0.0,0.0,0.0,0.0,0.0,0.25,0.0,0.0,0.0,0.25,0.0,0.0,0.0,0.0,1.45
0.5,0.0,0.0,0.0,0.0,0.0,0.0,0.0,0.0,0.0,0.25,0.0,0.0,0.0,0.25,0.0,0.0,0.0,0.0,1.45
0.0,0.0,0.0,0.0,0.0,0.0,0.3333333333333333,0.0,0.0,0.3333333333333333,0.0,0.0,0.0,0.0,0.0,0.0,0.0,0.0,0.0,0.3333333333333333
0.0,0.0,0.0,0.0,0.0,0.0,0.5,0.0,0.0,0.0,0.0,0.0,0.0,0.5,0.0,0.0,0.0,0.0,0.0,-0.3500000000000001
0.4,0.0,0.0,0.0,0.0,0.0,0.2,0.0,0.0,0.0,0.2,0.0,0.0,0.0,0.2,0.0,0.0,0.0,0.0,0.46
0.0,0.0,0.0,0.0,0.0,0.0,0.3333333333333333,0.0,0.0,0.0,0.0,0.0,0.0,0.0,0.0,0.0,0.0,0.0,0.0,-1.166666666666667
0.0,0.0,0.0,0.0,0.0,0.0,0.1666666666666667,0.1666666666666667,0.0,0.1666666666666667,0.3333333333333333,0.0,0.0,0.0,0.1666666666666667,0.0,0.0,0.0,0.0,1.1
0.0,0.0,0.0,0.0,0.0,0.0,0.0,0.0,0.0,0.0,0.3333333333333333,0.3333333333333333,0.0,0.0,0.0,0.0,0.0,0.0,0.3333333333333333,-0.4666666666666667
0.3333333333333333,0.0,0.0,0.0,0.0,0.0,0.0,0.0,0.0,0.0,0.3333333333333333,0.0,0.0,0.0,0.0,0.3333333333333333,0.0,0.0,0.0,1.6
0.2,0.0,0.0,0.0,0.0,0.0,0.0,0.0,0.0,0.0,0.2,0.0,0.2,0.0,0.2,0.0,0.0,0.0,0.2,0.9199999999999999
0.0,0.125,0.0,0.0,0.0,0.0,0.125,0.125,0.0,0.0,0.125,0.0,0.0,0.0,0.0,0.0,0.25,0.0,0.125,-0.9125
0.0,0.5,0.0,0.0,0.0,0.0,0.0,0.0,0.0,0.0,0.0,0.0,0.0,0.0,0.0,0.0,0.0,0.0,0.5,-2.9
0.25,0.25,0.0,0.0,0.0,0.0,0.0,0.0,0.0,0.0,0.0,0.0,0.0,0.0,0.0,0.0,0.0,0.0,0.5,-1.325
0.0,0.0,0.0,0.0,0.0,0.0,0.0,0.0,0.2,0.0,0.0,0.0,0.0,0.0,0.0,0.0,0.2,0.2,0.2,-1.22
0.1,0.0,0.1,0.1,0.0,0.0,0.1,0.1,0.0,0.1,0.2,0.0,0.0,0.0,0.1,0.0,0.0,0.0,0.1,0.009999999999999953
0.0,0.0,0.07142857142857142,0.2142857142857143,0.0,0.1428571428571428,0.0,0.2142857142857143,0.0,0.2142857142857143,0.0,0.0,0.0,0.07142857142857142,0.0,0.07142857142857142,0.0,0.0,0.0,-0.4785714285714286
0.1666666666666667,0.0,0.0,0.0,0.0,0.1666666666666667,0.0,0.0,0.0,0.0,0.0,0.0,0.0,0.1666666666666667,0.1666666666666667,0.0,0.0,0.0,0.3333333333333333,-0.5166666666666667
0.25,0.0,0.0,0.0,0.0,0.0,0.0,0.0,0.0,0.0,0.0,0.0,0.0,0.0,0.25,0.0,0.0,0.0,0.5,-0.6000000000000001
0.0,0.0,0.04761904761904762,0.09523809523809523,0.0,0.0,0.0,0.09523809523809523,0.0,0.0,0.04761904761904762,0.1428571428571428,0.0,0.0,0.1428571428571428,0.09523809523809523,0.1904761904761905,0.09523809523809523,0.0,-1.438095238095238
0.1428571428571428,0.1428571428571428,0.0,0.07142857142857142,0.0,0.0,0.07142857142857142,0.0,0.0,0.0,0.2142857142857143,0.0,0.0,0.1428571428571428,0.07142857142857142,0.1428571428571428,0.0,0.0,0.0,0.09999999999999987
0.0,0.1176470588235294,0.0,0.0,0.0,0.05882352941176471,0.1176470588235294,0.05882352941176471,0.05882352941176471,0.05882352941176471,0.1176470588235294,0.0,0.0,0.05882352941176471,0.0,0.1176470588235294,0.1176470588235294,0.0,0.05882352941176471,-0.7352941176470589
0.0,0.1666666666666667,0.0,0.0,0.0,0.1666666666666667,0.0,0.0,0.1666666666666667,0.0,0.0,0.0,0.0,0.0,0.0,0.0,0.3333333333333333,0.1666666666666667,0.0,-2.25
0.2,0.0,0.0,0.0,0.0,0.0,0.0,0.0,0.2,0.6,0.0,0.0,0.0,0.0,0.0,0.0,0.0,0.0,0.0,2.42
0.0,0.0,0.0,0.0,0.0,0.0,0.0,0.25,0.0,0.0,0.0,0.0,0.0,0.0,0.25,0.0,0.0,0.0,0.0,-0.5
0.0,0.0,0.0,0.0,0.0,0.0,0.0,0.4,0.0,0.0,0.0,0.0,0.0,0.0,0.2,0.0,0.0,0.0,0.2,-0.74
0.0,0.6666666666666666,0.0,0.0,0.0,0.0,0.0,0.0,0.0,0.0,0.0,0.0,0.0,0.0,0.3333333333333333,0.0,0.0,0.0,0.0,-3.533333333333333
0.0,0.3333333333333333,0.0,0.0,0.0,0.0,0.3333333333333333,0.0,0.0,0.0,0.0,0.0,0.0,0.0,0.3333333333333333,0.0,0.0,0.0,0.0,-3.2
0.0,0.3333333333333333,0.0,0.0,0.0,0.0,0.3333333333333333,0.0,0.0,0.0,0.0,0.0,0.0,0.0,0.3333333333333333,0.0,0.0,0.0,0.0,-3.2
0.25,0.0,0.0,0.0,0.0,0.0,0.0,0.25,0.0,0.0,0.25,0.0,0.0,0.0,0.25,0.0,0.0,0.0,0.0,0.8999999999999999
0.0,0.3333333333333333,0.0,0.0,0.0,0.0,0.0,0.3333333333333333,0.0,0.0,0.0,0.0,0.0,0.0,0.3333333333333333,0.0,0.0,0.0,0.0,-2.166666666666667
0.0,0.3333333333333333,0.3333333333333333,0.0,0.0,0.0,0.0,0.0,0.0,0.0,0.0,0.0,0.0,0.0,0.0,0.0,0.0,0.0,0.0,-2.666666666666667
0.0,0.3333333333333333,0.0,0.0,0.0,0.0,0.0,0.3333333333333333,0.0,0.0,0.0,0.0,0.0,0.0,0.3333333333333333,0.0,0.0,0.0,0.0,-2.166666666666667
0.0,0.0,0.0,0.0,0.0,0.0,0.0,0.0,0.0,0.2,0.0,0.0,0.4,0.0,0.2,0.0,0.0,0.0,0.0,1.34
0.2,0.0,0.2,0.0,0.0,0.0,0.0,0.0,0.0,0.4,0.0,0.0,0.0,0.0,0.2,0.0,0.0,0.0,0.0,1.14
0.0,0.0,0.0,0.0,0.0,0.0,0.2,0.0,0.0,0.2,0.2,0.0,0.0,0.0,0.2,0.0,0.0,0.0,0.0,0.6399999999999999
0.0,0.09090909090909091,0.0,0.0,0.0,0.0,0.09090909090909091,0.09090909090909091,0.0,0.09090909090909091,0.09090909090909091,0.09090909090909091,0.0,0.0,0.4545454545454545,0.0,0.0,0.0,0.0,-1.090909090909091
0.0,0.0,0.0,0.0,0.0,0.0,0.09090909090909091,0.1818181818181818,0.0,0.09090909090909091,0.09090909090909091,0.0,0.0,0.0,0.5454545454545454,0.0,0.0,0.0,0.0,-0.5090909090909093
0.2,0.0,0.2,0.0,0.0,0.0,0.0,0.6,0.0,0.0,0.0,0.0,0.0,0.0,0.0,0.0,0.0,0.0,0.0,-0.5800000000000001
0.1666666666666667,0.0,0.0,0.1666666666666667,0.0,0.0,0.0,0.1666666666666667,0.0,0.1666666666666667,0.0,0.0,0.0,0.0,0.0,0.0,0.1666666666666667,0.0,0.0,0.2833333333333334
0.0,0.0,0.0,0.2222222222222222,0.0,0.1111111111111111,0.1111111111111111,0.1111111111111111,0.0,0.0,0.0,0.1111111111111111,0.0,0.1111111111111111,0.0,0.1111111111111111,0.0,0.0,0.1111111111111111,-1.955555555555556
0.0,0.0,0.1111111111111111,0.1111111111111111,0.0,0.0,0.0,0.2222222222222222,0.1111111111111111,0.0,0.0,0.0,0.0,0.1111111111111111,0.2222222222222222,0.0,0.0,0.0,0.0,-1.266666666666667
0.0,0.0,0.2,0.0,0.0,0.0,0.0,0.0,0.0,0.0,0.4,0.0,0.0,0.0,0.0,0.2,0.2,0.0,0.0,0.5199999999999999
0.1111111111111111,0.0,0.0,0.1111111111111111,0.0,0.0,0.3333333333333333,0.0,0.0,0.0,0.1111111111111111,0.1111111111111111,0.0,0.0,0.1111111111111111,0.0,0.0,0.0,0.1111111111111111,-1.688888888888889
0.0,0.0,0.0,0.1666666666666667,0.0,0.0,0.3333333333333333,0.0,0.0,0.0,0.1666666666666667,0.0,0.0,0.0,0.1666666666666667,0.0,0.0,0.0,0.1666666666666667,-1.6
0.125,0.0,0.125,0.0,0.0,0.0,0.0,0.125,0.0,0.125,0.0,0.0,0.0,0.125,0.125,0.125,0.125,0.0,0.0,0.2625
0.0,0.0,0.0,0.0,0.0,0.0,0.25,0.0,0.0,0.0,0.0,0.0,0.0,0.0,0.0,0.25,0.0,0.25,0.0,-1.3
0.0,0.0,0.25,0.25,0.0,0.0,0.0,0.0,0.0,0.25,0.25,0.0,0.0,0.0,0.0,0.0,0.0,0.0,0.0,0.325
0.0,0.0,0.0,0.0,0.0,0.0,0.0,0.0,0.0,0.0,0.0,0.0,0.0,0.0,0.0,0.3333333333333333,0.0,0.3333333333333333,0.0,-0.5666666666666668
0.0,0.0,0.2,0.0,0.0,0.0,0.2,0.0,0.0,0.0,0.0,0.0,0.0,0.0,0.0,0.2,0.0,0.2,0.0,-1.74
0.0,0.0,0.1428571428571428,0.0,0.0,0.0,0.0,0.1428571428571428,0.0,0.0,0.4285714285714285,0.0,0.0,0.0,0.2857142857142857,0.0,0.0,0.0,0.0,0.614285714285714
0.0,0.0,0.3333333333333333,0.0,0.0,0.0,0.0,0.0,0.0,0.0,0.3333333333333333,0.0,0.0,0.0,0.3333333333333333,0.0,0.0,0.0,0.0,-0.4333333333333334
0.0,0.25,0.0,0.0,0.0,0.0,0.0,0.0,0.0,0.0,0.25,0.25,0.0,0.0,0.25,0.0,0.0,0.0,0.0,-1.55
0.375,0.0,0.0,0.0,0.0,0.0,0.0,0.125,0.0,0.0,0.0625,0.0,0.0,0.0,0.125,0.25,0.0,0.0,0.0,0.4625
0.0,0.1,0.0,0.0,0.0,0.0,0.0,0.1,0.0,0.0,0.0,0.5,0.0,0.1,0.0,0.2,0.0,0.0,0.0,-2.32
0.0,0.0,0.0,0.0,0.0,0.0,0.0,0.3333333333333333,0.0,0.0,0.0,0.3333333333333333,0.0,0.0,0.0,0.0,0.0,0.0,0.3333333333333333,-1.866666666666666
0.0,0.0,0.0,0.0,0.0,0.0,0.0,0.0,0.0,0.0,0.0,0.25,0.0,0.0,0.0,0.25,0.25,0.0,0.25,-1.675
0.3333333333333333,0.0,0.0,0.0,0.0,0.0,0.0,0.0,0.0,0.0,0.0,0.3333333333333333,0.0,0.0,0.0,0.0,0.0,0.0,0.3333333333333333,-1.133333333333333
0.0,0.0,0.0,0.0,0.0,0.0,0.0,0.0,0.0,0.0,0.0,0.5,0.0,0.25,0.0,0.0,0.0,0.0,0.25,-1.575
0.0,0.0,0.0,0.0,0.0,0.0,0.0,0.0,0.0,0.0,0.0,0.5,0.0,0.25,0.0,0.0,0.0,0.0,0.25,-1.575
0.0,0.0,0.0,0.0,0.0,0.0,0.0,0.0,0.0,0.0,0.4285714285714285,0.2857142857142857,0.0,0.0,0.0,0.0,0.1428571428571428,0.0,0.0,0.4142857142857141
0.0,0.0,0.0,0.0,0.0,0.0,0.0,0.0,0.0,0.5,0.0,0.3333333333333333,0.0,0.0,0.0,0.1666666666666667,0.0,0.0,0.0,0.8166666666666668
0.0,0.0,0.0,0.0,0.0,0.0,0.0,0.0,0.0,0.1666666666666667,0.3333333333333333,0.3333333333333333,0.0,0.0,0.0,0.1666666666666667,0.0,0.0,0.0,0.5833333333333334
0.0,0.0,0.0,0.1428571428571428,0.0,0.0,0.0,0.0,0.0,0.1428571428571428,0.1428571428571428,0.2857142857142857,0.0,0.0,0.0,0.0,0.0,0.0,0.0,-0.4285714285714285
0.0,0.0,0.0,0.0,0.0,0.1666666666666667,0.0,0.0,0.0,0.1666666666666667,0.0,0.1666666666666667,0.0,0.0,0.1666666666666667,0.0,0.0,0.0,0.1666666666666667,-0.9666666666666667
0.0,0.0,0.0,0.0,0.0,0.0,0.1666666666666667,0.0,0.0,0.0,0.0,0.0,0.1666666666666667,0.1666666666666667,0.1666666666666667,0.0,0.0,0.0,0.0,-0.06666666666666672
0.0,0.1666666666666667,0.0,0.0,0.0,0.1666666666666667,0.0,0.0,0.0,0.0,0.1666666666666667,0.0,0.0,0.0,0.0,0.1666666666666667,0.1666666666666667,0.0,0.0,-0.9500000000000001
0.0,0.0,0.0,0.0,0.0,0.0,0.0,0.0,0.0,0.25,0.0,0.0,0.0,0.0,0.0,0.25,0.0,0.25,0.0,0.7
0.25,0.0,0.0,0.0,0.0,0.0,0.0,0.0,0.0,0.0,0.0,0.0,0.0,0.0,0.25,0.0,0.25,0.0,0.25,-0.45
0.0,0.0,0.0,0.0,0.0,0.0,0.0,0.0,0.0,0.0,0.0,0.0,0.0,0.0,0.25,0.0,0.25,0.0,0.25,-0.9
0.0,0.0,0.0,0.0,0.0,0.0,0.0,0.2,0.0,0.0,0.0,0.0,0.0,0.0,0.2,0.0,0.2,0.0,0.0,-0.54
0.0,0.0,0.2,0.2,0.0,0.0,0.0,0.2,0.0,0.0,0.0,0.0,0.0,0.0,0.0,0.0,0.0,0.0,0.2,-1.74
0.0,0.0,0.0,0.0,0.0,0.0,0.0,0.2,0.0,0.0,0.2,0.0,0.0,0.0,0.0,0.2,0.2,0.0,0.2,0.12
0.0,0.0,0.0,0.0,0.0,0.0,0.0,0.3636363636363636,0.0,0.0,0.09090909090909091,0.0,0.0,0.1818181818181818,0.2727272727272727,0.0,0.09090909090909091,0.0,0.0,0.209090909090909
0.125,0.0,0.0,0.0,0.0,0.0,0.0,0.375,0.0,0.0,0.125,0.0,0.0,0.0,0.375,0.0,0.0,0.0,0.0,-0.05000000000000013
0.125,0.0625,0.0,0.0,0.0,0.0,0.0625,0.4375,0.0,0.0625,0.0,0.0,0.0,0.0,0.25,0.0,0.0,0.0,0.0,-0.5687500000000001
0.0,0.1538461538461539,0.0,0.0,0.0,0.0,0.07692307692307693,0.3846153846153846,0.0,0.0,0.1538461538461539,0.0,0.0,0.0,0.1538461538461539,0.07692307692307693,0.0,0.0,0.0,-0.8384615384615385
0.0,0.07692307692307693,0.0,0.0,0.0,0.0,0.07692307692307693,0.3846153846153846,0.0,0.07692307692307693,0.0,0.0,0.0,0.0,0.2307692307692308,0.07692307692307693,0.0,0.0,0.0,-0.8538461538461539
0.0,0.0,0.0,0.0,0.0,0.0,0.0,0.0,0.0,0.0,0.0,0.25,0.0,0.0,0.25,0.0,0.0,0.0,0.25,-1.7
0.1666666666666667,0.0,0.0,0.0,0.0,0.0,0.0,0.1666666666666667,0.0,0.0,0.0,0.3333333333333333,0.0,0.0,0.1666666666666667,0.0,0.0,0.0,0.0,-1.333333333333333
0.2,0.0,0.0,0.0,0.2,0.0,0.0,0.0,0.0,0.0,0.2,0.0,0.0,0.2,0.2,0.0,0.0,0.0,0.0,1.86
0.0,0.2,0.0,0.0,0.0,0.0,0.4,0.2,0.0,0.0,0.0,0.0,0.0,0.0,0.2,0.0,0.0,0.0,0.0,-2.7
0.4,0.0,0.0,0.0,0.0,0.0,0.0,0.0,0.0,0.0,0.0,0.2,0.0,0.0,0.2,0.2,0.0,0.0,0.0,-0.54
0.0,0.0,0.0,0.0,0.0,0.1666666666666667,0.0,0.3333333333333333,0.0,0.0,0.0,0.0,0.1666666666666667,0.0,0.1666666666666667,0.0,0.0,0.0,0.0,-0.6666666666666666
0.0,0.0,0.125,0.0,0.0,0.0,0.125,0.125,0.0,0.0,0.125,0.0,0.0,0.125,0.0,0.0,0.25,0.0,0.0,-0.275
0.0,0.0,0.1538461538461539,0.1538461538461539,0.0,0.0,0.0,0.0,0.0,0.0,0.2307692307692308,0.0,0.0,0.07692307692307693,0.07692307692307693,0.0,0.07692307692307693,0.0,0.0,-0.1615384615384617
0.0,0.0,0.0,0.0,0.0,0.2,0.0,0.6,0.0,0.0,0.0,0.0,0.0,0.0,0.2,0.0,0.0,0.0,0.0,-1.26
0.0,0.0,0.5,0.0,0.0,0.0,0.0,0.0,0.0,0.0,0.0,0.0,0.0,0.0,0.0,0.5,0.0,0.0,0.0,-2.15
0.0,0.0,0.0,0.3333333333333333,0.0,0.0,0.0,0.0,0.0,0.0,0.3333333333333333,0.0,0.0,0.0,0.0,0.0,0.0,0.0,0.0,0.09999999999999994
0.0,0.0,0.0,0.6666666666666666,0.0,0.0,0.0,0.0,0.0,0.0,0.3333333333333333,0.0,0.0,0.0,0.0,0.0,0.0,0.0,0.0,-1.066666666666667
0.0,0.0,0.0,0.25,0.0,0.25,0.0,0.0,0.0,0.0,0.0,0.0,0.25,0.0,0.0,0.25,0.0,0.0,0.0,-1.475
0.0,0.0,0.2,0.0,0.0,0.2,0.4,0.0,0.0,0.0,0.0,0.0,0.0,0.0,0.0,0.0,0.0,0.0,0.0,-2.8
0.0,0.0,0.1666666666666667,0.0,0.1666666666666667,0.1666666666666667,0.1666666666666667,0.0,0.0,0.0,0.1666666666666667,0.0,0.0,0.0,0.1666666666666667,0.0,0.0,0.0,0.0,-0.9666666666666668
0.0,0.0,0.0,0.5,0.0,0.0,0.5,0.0,0.0,0.0,0.0,0.0,0.0,0.0,0.0,0.0,0.0,0.0,0.0,-3.5
0.2,0.0,0.0,0.4,0.0,0.0,0.4,0.0,0.0,0.0,0.0,0.0,0.0,0.0,0.0,0.0,0.0,0.0,0.0,-2.44
0.0,0.0,0.0,0.0,0.0,0.0,0.0,0.0,0.5,0.0,0.0,0.0,0.5,0.0,0.0,0.0,0.0,0.0,0.0,-0.6500000000000001
0.0,0.3333333333333333,0.0,0.0,0.0,0.0,0.0,0.0,0.0,0.0,0.0,0.3333333333333333,0.0,0.0,0.0,0.0,0.0,0.0,0.0,-2.8
0.0,0.25,0.0,0.0,0.0,0.0,0.0,0.0,0.0,0.0,0.25,0.0,0.0,0.0,0.5,0.0,0.0,0.0,0.0,-0.9750000000000001
0.0,0.2,0.0,0.0,0.0,0.0,0.0,0.0,0.2,0.0,0.0,0.0,0.2,0.0,0.0,0.2,0.2,0.0,0.0,-1.46
0.0,0.2,0.0,0.0,0.0,0.2,0.0,0.0,0.0,0.2,0.2,0.0,0.0,0.0,0.0,0.0,0.0,0.0,0.2,-0.2
0.0,0.3333333333333333,0.1666666666666667,0.0,0.0,0.0,0.0,0.0,0.0,0.1666666666666667,0.0,0.1666666666666667,0.0,0.1666666666666667,0.0,0.0,0.0,0.0,0.0,-1.516666666666667
0.1111111111111111,0.0,0.0,0.0,0.0,0.0,0.0,0.1111111111111111,0.0,0.0,0.2222222222222222,0.0,0.1111111111111111,0.0,0.1111111111111111,0.3333333333333333,0.0,0.0,0.0,0.7666666666666666
0.0,0.0,0.0,0.0,0.0,0.0,0.1428571428571428,0.0,0.07142857142857142,0.0,0.0,0.1428571428571428,0.07142857142857142,0.1428571428571428,0.2857142857142857,0.0,0.0,0.0,0.07142857142857142,-1.3
0.0,0.0,0.0,0.0,0.0,0.1666666666666667,0.0,0.0,0.0,0.0,0.5,0.3333333333333333,0.0,0.0,0.0,0.0,0.0,0.0,0.0,0.01666666666666646
0.0,0.0,0.1111111111111111,0.0,0.0,0.0,0.2222222222222222,0.1111111111111111,0.0,0.0,0.1111111111111111,0.0,0.0,0.0,0.0,0.0,0.1111111111111111,0.0,0.0,-0.8666666666666667
0.0,0.0,0.0,0.0,0.0,0.0,0.08333333333333333,0.08333333333333333,0.0,0.0,0.0,0.25,0.08333333333333333,0.0,0.1666666666666667,0.0,0.08333333333333333,0.0,0.0,-1.466666666666667
0.2,0.0,0.2,0.0,0.0,0.0,0.0,0.0,0.0,0.4,0.0,0.0,0.0,0.0,0.2,0.0,0.0,0.0,0.0,1.14
0.0,0.0,0.0,0.0,0.0,0.0,0.0,0.1428571428571428,0.0,0.1428571428571428,0.1428571428571428,0.0,0.0,0.1428571428571428,0.2857142857142857,0.0,0.0,0.0,0.0,1.071428571428571
0.0,0.0,0.1,0.0,0.0,0.1,0.0,0.1,0.0,0.1,0.1,0.0,0.0,0.0,0.3,0.1,0.1,0.0,0.0,-0.5400000000000001
0.0,0.0,0.0,0.0,0.0,0.0,0.0,0.0,0.0,0.0,0.0,0.0,0.0,0.3333333333333333,0.3333333333333333,0.0,0.0,0.0,0.3333333333333333,-0.03333333333333344
0.2,0.0,0.0,0.0,0.0,0.2,0.0,0.0,0.2,0.0,0.0,0.0,0.0,0.2,0.2,0.0,0.0,0.0,0.0,-0.74
0.1818181818181818,0.0,0.09090909090909091,0.0,0.0,0.09090909090909091,0.0,0.0,0.0,0.0,0.09090909090909091,0.09090909090909091,0.0,0.0,0.1818181818181818,0.0,0.0,0.09090909090909091,0.0,-0.6909090909090909
0.1428571428571428,0.1428571428571428,0.0,0.0,0.0,0.2857142857142857,0.0,0.0,0.0,0.0,0.0,0.0,0.0,0.0,0.1428571428571428,0.0,0.0,0.0,0.1428571428571428,-1.8
0.0,0.07692307692307693,0.0,0.0,0.0,0.1538461538461539,0.0,0.07692307692307693,0.1538461538461539,0.07692307692307693,0.07692307692307693,0.1538461538461539,0.0,0.0,0.2307692307692308,0.0,0.0,0.0,0.0,-1.738461538461539
0.0,0.0,0.0,0.0,0.0,0.09090909090909091,0.0,0.0,0.0,0.0,0.0,0.09090909090909091,0.09090909090909091,0.1818181818181818,0.3636363636363636,0.0,0.0,0.0,0.09090909090909091,-0.6909090909090909
0.0,0.0,0.2,0.0,0.0,0.0,0.0,0.2,0.0,0.2,0.0,0.0,0.0,0.0,0.0,0.0,0.0,0.0,0.2,-0.14
0.0,0.1666666666666667,0.0,0.0,0.0,0.0,0.0,0.0,0.1666666666666667,0.1666666666666667,0.1666666666666667,0.0,0.1666666666666667,0.0,0.1666666666666667,0.0,0.0,0.0,0.0,0.1499999999999999
0.0,0.0,0.0,0.0,0.0,0.0,0.1666666666666667,0.0,0.0,0.1666666666666667,0.0,0.0,0.0,0.1666666666666667,0.3333333333333333,0.0,0.0,0.0,0.0,0.09999999999999994
0.0,0.0,0.2,0.0,0.0,0.2,0.0,0.0,0.0,0.2,0.2,0.0,0.0,0.0,0.2,0.0,0.0,0.0,0.0,-0.06000000000000005
0.0,0.0,0.0,0.0,0.0,0.25,0.0,0.0,0.0,0.0,0.0,0.0,0.0,0.0,0.5,0.0,0.0,0.0,0.0,-1.675
0.0,0.0,0.1666666666666667,0.0,0.0,0.0,0.1666666666666667,0.0,0.1666666666666667,0.0,0.3333333333333333,0.0,0.0,0.0,0.1666666666666667,0.0,0.0,0.0,0.0,-0.7000000000000002
0.0,0.0,0.1428571428571428,0.0,0.0,0.0,0.1428571428571428,0.0,0.1428571428571428,0.0,0.4285714285714285,0.0,0.0,0.0,0.1428571428571428,0.0,0.0,0.0,0.0,-0.05714285714285738
0.0,0.0,0.1,0.1,0.0,0.0,0.1,0.0,0.1,0.0,0.4,0.0,0.0,0.0,0.1,0.0,0.1,0.0,0.0,-0.0800000000000001
0.0,0.0,0.0,0.0,0.0,0.0,0.25,0.0,0.0,0.0,0.25,0.0,0.0,0.0,0.25,0.0,0.0,0.0,0.0,-0.3250000000000001
0.0,0.0,0.0,0.0,0.0,0.2,0.2,0.0,0.0,0.0,0.2,0.0,0.0,0.0,0.2,0.0,0.0,0.0,0.0,-0.9600000000000002
0.0,0.0,0.25,0.0,0.0,0.0,0.0,0.0,0.0,0.0,0.5,0.0,0.0,0.0,0.25,0.0,0.0,0.0,0.0,0.6249999999999999
0.0,0.0,0.0,0.0,0.0,0.0,0.1666666666666667,0.0,0.0,0.1666666666666667,0.1666666666666667,0.0,0.0,0.0,0.3333333333333333,0.0,0.0,0.0,0.1666666666666667,0.04999999999999993
0.0,0.0,0.0,0.0,0.0,0.125,0.125,0.0,0.0,0.125,0.125,0.0,0.0,0.0,0.375,0.0,0.0,0.0,0.125,-0.6000000000000001
0.25,0.0,0.0,0.0,0.0,0.0,0.0,0.0,0.0,0.0,0.0,0.25,0.0,0.0,0.25,0.0,0.25,0.0,0.0,-1.1
0.2,0.0,0.0,0.0,0.0,0.2,0.0,0.0,0.0,0.0,0.0,0.2,0.0,0.0,0.2,0.0,0.2,0.0,0.0,-1.58
0.1666666666666667,0.1666666666666667,0.0,0.0,0.0,0.0,0.0,0.0,0.0,0.0,0.0,0.0,0.0,0.0,0.3333333333333333,0.0,0.0,0.0,0.0,-0.9833333333333334
0.1428571428571428,0.1428571428571428,0.1428571428571428,0.0,0.0,0.0,0.0,0.0,0.0,0.0,0.0,0.0,0.0,0.0,0.2857142857142857,0.0,0.0,0.0,0.0,-1.342857142857143
0.25,0.125,0.125,0.0,0.0,0.0,0.0,0.0,0.0,0.0,0.0,0.0,0.0,0.0,0.25,0.0,0.0,0.0,0.0,-0.95
0.2,0.0,0.0,0.0,0.0,0.0,0.0,0.0,0.0,0.0,0.0,0.0,0.0,0.0,0.6,0.0,0.2,0.0,0.0,-0.7400000000000001
0.2,0.0,0.0,0.0,0.0,0.0,0.2,0.0,0.0,0.0,0.0,0.2,0.0,0.0,0.2,0.0,0.2,0.0,0.0,-1.58
0.0,0.25,0.0,0.0,0.0,0.125,0.0,0.25,0.125,0.0,0.0,0.0,0.0,0.0,0.125,0.0,0.0,0.0,0.0,-2.2625
0.0,0.2857142857142857,0.0,0.0,0.0,0.1428571428571428,0.0,0.2857142857142857,0.1428571428571428,0.0,0.0,0.0,0.0,0.0,0.1428571428571428,0.0,0.0,0.0,0.0,-2.585714285714286
0.0,0.3333333333333333,0.0,0.0,0.0,0.1666666666666667,0.0,0.1666666666666667,0.1666666666666667,0.0,0.0,0.0,0.0,0.0,0.1666666666666667,0.0,0.0,0.0,0.0,-2.95
0.0,0.2,0.0,0.0,0.0,0.2,0.0,0.2,0.2,0.0,0.0,0.0,0.0,0.0,0.2,0.0,0.0,0.0,0.0,-2.64
0.0,0.25,0.0,0.0,0.0,0.25,0.0,0.25,0.25,0.0,0.0,0.0,0.0,0.0,0.0,0.0,0.0,0.0,0.0,-2.9
0.0,0.5,0.0,0.0,0.0,0.0,0.0,0.25,0.0,0.0,0.0,0.0,0.0,0.0,0.25,0.0,0.0,0.0,0.0,-2.75
0.0,0.0,0.0,0.0,0.0,0.0,0.0,0.0,0.3333333333333333,0.1666666666666667,0.0,0.0,0.0,0.1666666666666667,0.0,0.0,0.1666666666666667,0.1666666666666667,0.0,-0.1166666666666668
0.0,0.0,0.0,0.0,0.0,0.0,0.0,0.0,0.4,0.0,0.0,0.0,0.0,0.2,0.0,0.0,0.2,0.2,0.0,-1.04
0.0,0.0,0.0,0.0,0.0,0.0,0.0,0.0,0.5,0.0,0.0,0.0,0.0,0.0,0.0,0.0,0.25,0.25,0.0,-2.0
0.0,0.0,0.0,0.0,0.0,0.0,0.0,0.0,0.5,0.0,0.0,0.0,0.0,0.25,0.0,0.0,0.25,0.0,0.0,-1.075
0.0,0.0,0.0,0.0,0.0,0.0,0.0,0.2,0.0,0.0,0.2,0.0,0.0,0.0,0.2,0.0,0.0,0.0,0.4,-0.1600000000000001
0.0,0.0,0.0,0.0,0.0,0.0,0.0,0.25,0.0,0.0,0.25,0.0,0.0,0.0,0.25,0.0,0.0,0.0,0.25,0.1249999999999999
0.0,0.0,0.0,0.3333333333333333,0.0,0.0,0.0,0.3333333333333333,0.0,0.0,0.0,0.0,0.0,0.0,0.0,0.0,0.0,0.0,0.3333333333333333,-1.733333333333333
0.1666666666666667,0.0,0.0,0.0,0.0,0.1666666666666667,0.0,0.0,0.0,0.1666666666666667,0.0,0.1666666666666667,0.1666666666666667,0.0,0.1666666666666667,0.0,0.0,0.0,0.0,-0.1333333333333333
0.2,0.0,0.0,0.0,0.0,0.2,0.0,0.0,0.0,0.2,0.0,0.2,0.0,0.0,0.2,0.0,0.0,0.0,0.0,-0.54
0.25,0.0,0.0,0.0,0.0,0.25,0.0,0.0,0.0,0.0,0.0,0.25,0.0,0.0,0.25,0.0,0.0,0.0,0.0,-1.8
0.0,0.0,0.0,0.0,0.0,0.0,0.0,0.0,0.0,0.0,0.0,0.0,0.0,0.0,0.5,0.0,0.0,0.0,0.5,-1.45
0.0,0.0,0.0,0.0,0.0,0.5,0.0,0.0,0.0,0.0,0.0,0.0,0.0,0.0,0.0,0.0,0.0,0.0,0.5,-2.4
0.0,0.0,0.0,0.0,0.0,0.0,0.0,0.0,0.0,0.0,0.25,0.0,0.0,0.0,0.75,0.0,0.0,0.0,0.0,-0.2500000000000002
0.0,0.0,0.0,0.0,0.0,0.0,0.0,0.0,0.1666666666666667,0.0,0.1666666666666667,0.0,0.0,0.0,0.5,0.0,0.0,0.0,0.0,-0.7000000000000002
0.0,0.0,0.0,0.0,0.0,0.0,0.0,0.0,0.1666666666666667,0.0,0.1666666666666667,0.0,0.0,0.0,0.5,0.0,0.0,0.0,0.0,-0.7000000000000002
0.125,0.0,0.125,0.125,0.0,0.0,0.0,0.25,0.0,0.0,0.0,0.0,0.125,0.0,0.125,0.0,0.0,0.125,0.0,-0.8250000000000001
0.0,0.2,0.0,0.0,0.0,0.0,0.0,0.0,0.0,0.0,0.0,0.0,0.0,0.2,0.2,0.0,0.2,0.0,0.0,-0.8
0.125,0.0,0.0,0.125,0.0,0.0,0.125,0.0,0.0,0.0,0.0,0.125,0.0,0.125,0.0,0.125,0.125,0.0,0.125,-1.1375
0.0,0.0,0.0,0.0,0.0,0.0,0.2,0.4,0.0,0.2,0.0,0.0,0.0,0.2,0.0,0.0,0.0,0.0,0.0,0.6
0.0,0.0,0.0,0.0,0.0,0.0,0.0,0.0,0.0,0.0,0.0,0.2,0.0,0.2,0.0,0.0,0.0,0.0,0.2,-0.4800000000000001
0.0,0.0,0.2857142857142857,0.0,0.0,0.1428571428571428,0.0,0.0,0.0,0.0,0.0,0.1428571428571428,0.0,0.1428571428571428,0.2857142857142857,0.0,0.0,0.0,0.0,-2.114285714285714
0.0,0.0,0.0,0.0,0.0,0.0,0.0,0.1111111111111111,0.0,0.1111111111111111,0.0,0.0,0.0,0.0,0.3333333333333333,0.0,0.1111111111111111,0.1111111111111111,0.1111111111111111,-0.4000000000000001
0.0,0.1,0.2,0.1,0.0,0.0,0.2,0.0,0.0,0.0,0.1,0.0,0.0,0.1,0.1,0.0,0.0,0.0,0.1,-1.83
0.0,0.0,0.0,0.0,0.0,0.5,0.0,0.0,0.0,0.0,0.0,0.0,0.0,0.0,0.0,0.0,0.0,0.0,0.5,-2.4
0.0,0.0,0.25,0.0,0.0,0.25,0.0,0.0,0.0,0.25,0.0,0.0,0.0,0.0,0.0,0.25,0.0,0.0,0.0,-0.825
0.0,0.2,0.0,0.0,0.0,0.2,0.0,0.2,0.0,0.0,0.2,0.0,0.2,0.0,0.0,0.0,0.0,0.0,0.0,-0.54
0.0,0.3333333333333333,0.0,0.0,0.0,0.0,0.0,0.0,0.0,0.0,0.3333333333333333,0.0,0.3333333333333333,0.0,0.0,0.0,0.0,0.0,0.0,0.3999999999999999
0.0,0.0,0.0,0.0,0.0,0.0,0.0,0.0,0.0,0.0,0.0,0.5,0.0,0.0,0.0,0.0,0.5,0.0,0.0,-2.3
0.0,0.0,0.0,0.0,0.0,0.0,0.5,0.0,0.0,0.0,0.0,0.0,0.0,0.0,0.5,0.0,0.0,0.0,0.0,-2.55
0.1428571428571428,0.0,0.0,0.1428571428571428,0.0,0.0,0.0,0.1428571428571428,0.0,0.0,0.0,0.1428571428571428,0.0,0.1428571428571428,0.0,0.0,0.0,0.0,0.0,-0.4571428571428572
0.1666666666666667,0.0,0.0,0.0,0.0,0.0,0.0,0.0,0.1666666666666667,0.0,0.1666666666666667,0.0,0.1666666666666667,0.0,0.1666666666666667,0.1666666666666667,0.0,0.0,0.0,0.3166666666666666
0.0,0.0,0.0,0.0,0.0,0.0,0.0,0.07692307692307693,0.07692307692307693,0.0,0.07692307692307693,0.07692307692307693,0.0,0.2307692307692308,0.1538461538461539,0.0,0.2307692307692308,0.0,0.07692307692307693,-0.1461538461538463
0.0,0.0,0.0,0.0,0.0,0.0,0.0,0.0,0.0,0.0,0.0,0.0,0.0,0.0,0.1666666666666667,0.0,0.1666666666666667,0.1666666666666667,0.1666666666666667,-0.75
0.0,0.2,0.0,0.0,0.0,0.2,0.4,0.0,0.0,0.0,0.2,0.0,0.0,0.0,0.0,0.0,0.0,0.0,0.0,-2.24
0.1818181818181818,0.0,0.0,0.09090909090909091,0.0,0.09090909090909091,0.09090909090909091,0.1818181818181818,0.0,0.0,0.1818181818181818,0.0,0.0,0.0,0.0,0.1818181818181818,0.0,0.0,0.0,-0.1545454545454546
0.0,0.0,0.0,0.0,0.0,0.0,0.0,0.0,0.0,0.0,0.0,0.0,0.0,0.5,0.0,0.0,0.0,0.0,0.0,1.4
0.0,0.2,0.0,0.0,0.2,0.0,0.0,0.0,0.0,0.0,0.2,0.0,0.0,0.0,0.2,0.0,0.0,0.0,0.0,0.03999999999999995
0.0,0.25,0.0,0.0,0.0,0.0,0.0,0.0,0.0,0.0,0.25,0.0,0.0,0.0,0.25,0.0,0.0,0.0,0.0,-0.5750000000000001
0.0,0.0,0.0,0.0,0.25,0.0,0.0,0.0,0.0,0.0,0.25,0.0,0.0,0.25,0.0,0.0,0.0,0.0,0.0,2.275
0.0,0.0,0.0,0.0,0.3333333333333333,0.0,0.0,0.0,0.0,0.0,0.3333333333333333,0.0,0.0,0.0,0.0,0.0,0.0,0.0,0.0,2.1
0.0,0.0,0.0,0.0,0.0,0.0,0.0,0.0,0.0,0.0,0.5,0.0,0.0,0.0,0.0,0.0,0.0,0.0,0.0,1.9
0.2,0.0,0.0,0.0,0.0,0.0,0.0,0.0,0.0,0.2,0.0,0.0,0.0,0.2,0.2,0.0,0.0,0.0,0.0,1.5
0.2,0.0,0.0,0.0,0.0,0.0,0.0,0.0,0.0,0.0,0.0,0.0,0.0,0.4,0.2,0.0,0.0,0.0,0.0,1.16
0.25,0.0,0.0,0.0,0.0,0.0,0.0,0.0,0.0,0.0,0.0,0.0,0.0,0.25,0.25,0.0,0.0,0.0,0.0,0.75
0.3333333333333333,0.0,0.0,0.0,0.0,0.0,0.0,0.0,0.0,0.0,0.0,0.0,0.0,0.0,0.3333333333333333,0.0,0.0,0.0,0.0,0.06666666666666665
0.1428571428571428,0.0,0.0,0.1428571428571428,0.0,0.1428571428571428,0.1428571428571428,0.0,0.0,0.0,0.0,0.0,0.0,0.1428571428571428,0.0,0.1428571428571428,0.0,0.1428571428571428,0.0,-1.085714285714286
0.0,0.0,0.0,0.0,0.0,0.5,0.0,0.0,0.0,0.0,0.0,0.0,0.0,0.0,0.0,0.0,0.0,0.0,0.0,-1.75
0.3333333333333333,0.0,0.0,0.0,0.0,0.0,0.0,0.0,0.0,0.0,0.0,0.0,0.3333333333333333,0.0,0.0,0.0,0.0,0.0,0.3333333333333333,0.7999999999999999
0.1333333333333333,0.06666666666666667,0.06666666666666667,0.0,0.0,0.06666666666666667,0.06666666666666667,0.06666666666666667,0.0,0.06666666666666667,0.0,0.06666666666666667,0.0,0.06666666666666667,0.06666666666666667,0.06666666666666667,0.0,0.0,0.06666666666666667,-0.8066666666666666
0.0,0.1,0.0,0.0,0.0,0.1,0.0,0.0,0.0,0.0,0.1,0.0,0.0,0.1,0.1,0.0,0.1,0.1,0.1,-0.5900000000000001
0.0,0.0,0.0,0.0,0.0,0.25,0.0,0.25,0.0,0.25,0.0,0.0,0.0,0.0,0.25,0.0,0.0,0.0,0.0,-0.25
0.0,0.0,0.0,0.25,0.0,0.0,0.0,0.25,0.0,0.0,0.0,0.0,0.0,0.0,0.25,0.0,0.25,0.0,0.0,-1.55
0.0,0.25,0.0,0.0,0.0,0.0,0.0,0.0,0.0,0.0,0.75,0.0,0.0,0.0,0.0,0.0,0.0,0.0,0.0,1.725
0.0,0.25,0.0,0.0,0.0,0.0,0.25,0.25,0.0,0.0,0.25,0.0,0.0,0.0,0.0,0.0,0.0,0.0,0.0,-1.15
0.25,0.25,0.0,0.0,0.0,0.0,0.0,0.0,0.0,0.0,0.5,0.0,0.0,0.0,0.0,0.0,0.0,0.0,0.0,1.225
0.1666666666666667,0.0,0.0,0.0,0.0,0.0,0.0,0.1666666666666667,0.0,0.0,0.3333333333333333,0.0,0.0,0.1666666666666667,0.1666666666666667,0.0,0.0,0.0,0.0,1.7
0.0,0.0,0.1428571428571428,0.1428571428571428,0.0,0.0,0.0,0.1428571428571428,0.0,0.0,0.1428571428571428,0.1428571428571428,0.1428571428571428,0.0,0.1428571428571428,0.0,0.0,0.0,0.0,-1.028571428571429
0.0,0.2,0.0,0.0,0.0,0.0,0.0,0.0,0.0,0.0,0.8,0.0,0.0,0.0,0.0,0.0,0.0,0.0,0.0,2.14
0.0,0.2,0.0,0.0,0.0,0.0,0.0,0.4,0.0,0.0,0.0,0.0,0.0,0.0,0.2,0.0,0.0,0.0,0.0,-1.38
0.0,0.0,0.0,0.0,0.0,0.2,0.0,0.0,0.0,0.2,0.2,0.0,0.0,0.0,0.2,0.0,0.0,0.0,0.0,0.6399999999999999
0.0,0.0,0.0,0.3333333333333333,0.0,0.0,0.0,0.0,0.0,0.0,0.0,0.0,0.0,0.0,0.0,0.0,0.0,0.3333333333333333,0.0,-1.466666666666667
0.0,0.0,0.3333333333333333,0.0,0.0,0.0,0.0,0.0,0.3333333333333333,0.0,0.0,0.0,0.0,0.0,0.0,0.0,0.0,0.3333333333333333,0.0,-2.533333333333334
0.0,0.0,0.0,0.3333333333333333,0.0,0.0,0.0,0.0,0.0,0.0,0.0,0.0,0.0,0.0,0.0,0.0,0.3333333333333333,0.3333333333333333,0.0,-1.7
0.0,0.0,0.3333333333333333,0.0,0.0,0.0,0.0,0.0,0.0,0.0,0.0,0.0,0.0,0.0,0.0,0.0,0.3333333333333333,0.3333333333333333,0.0,-1.7
0.0,0.0,0.0,0.0,0.0,0.0,0.0,0.0,0.0,0.0,0.0,0.0,0.0,0.0,0.0,0.0,0.0,0.3333333333333333,0.0,-0.3
0.0,0.0,0.0,0.0,0.0,0.0,0.0,0.0,0.0,0.3333333333333333,0.0,0.0,0.0,0.0,0.3333333333333333,0.0,0.0,0.3333333333333333,0.0,0.6666666666666666
0.0,0.0,0.0,0.0,0.0,0.0,0.0,0.1666666666666667,0.0,0.0,0.1666666666666667,0.3333333333333333,0.0,0.0,0.3333333333333333,0.0,0.0,0.0,0.0,-1.266666666666667
0.1428571428571428,0.0,0.0,0.0,0.0,0.0,0.0,0.0,0.0,0.0,0.2857142857142857,0.0,0.0,0.0,0.2857142857142857,0.1428571428571428,0.0,0.0,0.1428571428571428,0.5857142857142856
0.125,0.0,0.0,0.0,0.0,0.0,0.0,0.125,0.25,0.0,0.125,0.0,0.0,0.0,0.125,0.0,0.0,0.0,0.0,-0.3500000000000001
0.0,0.0,0.1428571428571428,0.0,0.0,0.0,0.0,0.0,0.0,0.0,0.1428571428571428,0.0,0.0,0.0,0.4285714285714285,0.0,0.0,0.0,0.1428571428571428,-0.8285714285714286
0.0,0.0,0.05882352941176471,0.0,0.0,0.1176470588235294,0.0,0.0,0.0,0.1176470588235294,0.05882352941176471,0.0,0.0,0.05882352941176471,0.2941176470588235,0.0,0.1176470588235294,0.0,0.0,-0.2529411764705883
0.0,0.0,0.0,0.0,0.0,0.0,0.0,0.0,0.0,0.0,0.0,0.0,0.25,0.0,0.25,0.0,0.5,0.0,0.0,-0.275
0.2222222222222222,0.0,0.0,0.0,0.0,0.0,0.0,0.0,0.0,0.2222222222222222,0.0,0.0,0.1111111111111111,0.1111111111111111,0.1111111111111111,0.1111111111111111,0.1111111111111111,0.0,0.0,1.577777777777778
0.0,0.0,0.0,0.0,0.0,0.0,0.0,0.1111111111111111,0.0,0.1111111111111111,0.0,0.0,0.0,0.0,0.1111111111111111,0.1111111111111111,0.0,0.0,0.2222222222222222,-0.1
0.2666666666666667,0.0,0.0,0.0,0.06666666666666667,0.0,0.0,0.1333333333333333,0.0,0.0,0.2666666666666667,0.0,0.06666666666666667,0.0,0.06666666666666667,0.06666666666666667,0.0,0.0,0.0,1.573333333333333
0.0,0.0,0.0,0.0,0.5,0.5,0.0,0.0,0.0,0.0,0.0,0.0,0.0,0.0,0.0,0.0,0.0,0.0,0.0,-0.5
0.0,0.0,0.0,0.0,0.5,0.5,0.0,0.0,0.0,0.0,0.0,0.0,0.0,0.0,0.0,0.0,0.0,0.0,0.0,-0.5
0.2,0.0,0.2,0.0,0.0,0.0,0.0,0.2,0.0,0.0,0.0,0.0,0.0,0.0,0.2,0.0,0.0,0.0,0.0,-0.74
0.25,0.0,0.25,0.0,0.0,0.0,0.0,0.0,0.0,0.0,0.0,0.0,0.0,0.0,0.25,0.0,0.0,0.0,0.0,-0.825
0.0,0.0,0.0,0.0,0.3333333333333333,0.0,0.0,0.0,0.0,0.0,0.0,0.0,0.0,0.0,0.0,0.0,0.0,0.3333333333333333,0.3333333333333333,0.09999999999999998
0.25,0.0,0.0,0.0,0.0,0.0,0.0,0.0,0.0,0.0,0.5,0.0,0.0,0.25,0.0,0.0,0.0,0.0,0.0,3.05
0.0,0.0,0.0,0.0,0.0,0.0,0.0,0.0,0.0,0.0,0.0,0.3333333333333333,0.0,0.0,0.0,0.0,0.0,0.6666666666666666,0.0,-1.9
0.0,0.0,0.0,0.0,0.0,0.0,0.0,0.0,0.0,0.2,0.2,0.0,0.0,0.6,0.0,0.0,0.0,0.0,0.0,3.34
0.0,0.0,0.0,0.0,0.0,0.0,0.25,0.0,0.0,0.0,0.25,0.0,0.0,0.25,0.25,0.0,0.0,0.0,0.0,0.3749999999999999
0.0,0.0,0.0,0.0,0.0,0.0,0.0,0.0,0.0,0.0,0.3333333333333333,0.0,0.0,0.3333333333333333,0.3333333333333333,0.0,0.0,0.0,0.0,1.666666666666667
0.0,0.0,0.0,0.0,0.0,0.0,0.0,0.3333333333333333,0.0,0.0,0.0,0.0,0.0,0.6666666666666666,0.0,0.0,0.0,0.0,0.0,1.733333333333333
0.0,0.0,0.0,0.0,0.0,0.25,0.25,0.0,0.0,0.0,0.0,0.0,0.0,0.0,0.0,0.0,0.0,0.0,0.25,-2.075
0.1666666666666667,0.0,0.0,0.0,0.0,0.0,0.0,0.0,0.1666666666666667,0.0,0.1666666666666667,0.0,0.0,0.0,0.0,0.0,0.0,0.1666666666666667,0.3333333333333333,-0.1833333333333334
0.25,0.0,0.0,0.0,0.0,0.0,0.0,0.125,0.0,0.0,0.125,0.0,0.0,0.125,0.125,0.125,0.0,0.0,0.125,0.7625
0.0,0.0,0.0,0.0,0.0,0.0,0.2,0.0,0.0,0.0,0.2,0.0,0.0,0.0,0.2,0.0,0.0,0.0,0.2,-0.5200000000000001
0.0,0.0,0.0,0.25,0.0,0.0,0.0,0.0,0.25,0.25,0.0,0.0,0.0,0.0,0.25,0.0,0.0,0.0,0.0,-0.9500000000000001
0.3333333333333333,0.3333333333333333,0.0,0.0,0.0,0.0,0.3333333333333333,0.0,0.0,0.0,0.0,0.0,0.0,0.0,0.0,0.0,0.0,0.0,0.0,-2.066666666666667
0.0,0.0,0.1428571428571428,0.1428571428571428,0.0,0.2857142857142857,0.1428571428571428,0.0,0.0,0.1428571428571428,0.1428571428571428,0.0,0.0,0.0,0.0,0.0,0.0,0.0,0.0,-1.314285714285714
0.0,0.0,0.0,0.4,0.0,0.0,0.2,0.0,0.0,0.0,0.0,0.0,0.2,0.0,0.0,0.0,0.0,0.2,0.0,-1.9
0.0,0.0,0.0,0.0,0.3333333333333333,0.0,0.0,0.0,0.0,0.0,0.0,0.0,0.3333333333333333,0.0,0.0,0.3333333333333333,0.0,0.0,0.0,1.2
0.3333333333333333,0.0,0.0,0.0,0.0,0.0,0.0,0.0,0.3333333333333333,0.0,0.3333333333333333,0.0,0.0,0.0,0.0,0.0,0.0,0.0,0.0,0.7999999999999998
0.0,0.0,0.0,0.0,0.0,0.3333333333333333,0.0,0.0,0.0,0.0,0.0,0.0,0.0,0.0,0.6666666666666666,0.0,0.0,0.0,0.0,-2.233333333333333
0.0,0.0,0.0,0.0,0.0,0.0,0.0,0.3333333333333333,0.0,0.0,0.0,0.0,0.0,0.0,0.0,0.0,0.3333333333333333,0.0,0.3333333333333333,-0.7999999999999999
0.25,0.0,0.0,0.0,0.25,0.0,0.0,0.0,0.0,0.0,0.25,0.0,0.0,0.0,0.0,0.25,0.0,0.0,0.0,1.825
0.0,0.5,0.0,0.0,0.0,0.0,0.0,0.0,0.0,0.0,0.0,0.0,0.0,0.0,0.25,0.0,0.0,0.0,0.25,-2.975
0.0,0.0,0.0,0.0,0.1666666666666667,0.0,0.0,0.0,0.0,0.0,0.3333333333333333,0.1666666666666667,0.0,0.0,0.1666666666666667,0.1666666666666667,0.0,0.0,0.0,0.6333333333333333
0.0,0.0,0.0,0.0,0.0,0.0,0.2,0.0,0.0,0.0,0.2,0.0,0.0,0.2,0.0,0.0,0.4,0.0,0.0,0.34
0.0,0.0,0.0,0.0,0.0,0.0,0.0,0.0,0.0,0.0,0.5,0.25,0.0,0.0,0.25,0.0,0.0,0.0,0.0,0.5249999999999999
0.0,0.0,0.0,0.0,0.0,0.0,0.3333333333333333,0.0,0.0,0.0,0.3333333333333333,0.0,0.0,0.0,0.0,0.0,0.3333333333333333,0.0,0.0,-0.1333333333333334
0.0,0.0,0.0,0.25,0.0,0.0,0.0,0.0,0.25,0.0,0.0,0.0,0.0,0.0,0.0,0.0,0.0,0.0,0.0,-1.675
0.0,0.0,0.0,0.0,0.0,0.25,0.25,0.0,0.0,0.0,0.0,0.0,0.0,0.0,0.25,0.0,0.0,0.0,0.0,-2.15
0.0,0.0,0.0,0.6666666666666666,0.0,0.0,0.0,0.0,0.0,0.0,0.3333333333333333,0.0,0.0,0.0,0.0,0.0,0.0,0.0,0.0,-1.066666666666667
0.0,0.0,0.0,0.0,0.0,0.0,0.3333333333333333,0.0,0.0,0.0,0.3333333333333333,0.0,0.0,0.0,0.0,0.0,0.3333333333333333,0.0,0.0,-0.1333333333333334
0.0,0.0,0.0,0.0,0.0,0.0,0.0,0.0,0.0,0.0,0.2,0.2,0.0,0.0,0.0,0.0,0.0,0.0,0.2,-0.28
0.0,0.0,0.0,0.0,0.0,0.0,0.1666666666666667,0.3333333333333333,0.0,0.1666666666666667,0.0,0.0,0.0,0.0,0.1666666666666667,0.0,0.1666666666666667,0.0,0.0,-0.35
0.2222222222222222,0.0,0.0,0.0,0.0,0.0,0.0,0.3333333333333333,0.0,0.0,0.0,0.0,0.0,0.0,0.1111111111111111,0.0,0.1111111111111111,0.0,0.1111111111111111,-0.1333333333333334
0.08333333333333333,0.08333333333333333,0.0,0.0,0.0,0.0,0.0,0.4166666666666667,0.0,0.0,0.08333333333333333,0.0,0.0,0.08333333333333333,0.1666666666666667,0.0,0.0,0.0,0.0,-0.1083333333333334
0.125,0.0,0.0,0.0,0.0,0.0,0.0,0.25,0.0,0.0,0.125,0.0,0.0,0.125,0.25,0.0,0.0,0.125,0.0,0.4374999999999999
0.0,0.0,0.0,0.0,0.0,0.0,0.0,0.2857142857142857,0.1428571428571428,0.0,0.0,0.0,0.1428571428571428,0.0,0.4285714285714285,0.0,0.0,0.0,0.0,-0.9857142857142859
0.0,0.0,0.0,0.2,0.0,0.0,0.1,0.1,0.1,0.1,0.0,0.0,0.0,0.0,0.0,0.1,0.1,0.0,0.0,-1.11
0.0,0.0,0.0,0.2222222222222222,0.0,0.0,0.0,0.2222222222222222,0.1111111111111111,0.0,0.1111111111111111,0.0,0.0,0.0,0.0,0.1111111111111111,0.1111111111111111,0.0,0.0,-0.9666666666666668
0.1,0.0,0.0,0.1,0.0,0.0,0.0,0.3,0.0,0.0,0.0,0.1,0.0,0.0,0.0,0.0,0.0,0.0,0.0,-0.6799999999999999
0.3333333333333333,0.1111111111111111,0.0,0.2222222222222222,0.0,0.0,0.0,0.1111111111111111,0.0,0.0,0.0,0.0,0.0,0.1111111111111111,0.1111111111111111,0.0,0.0,0.0,0.0,-0.5888888888888889
0.1111111111111111,0.0,0.0,0.0,0.0,0.0,0.0,0.0,0.0,0.0,0.0,0.3333333333333333,0.1111111111111111,0.0,0.1111111111111111,0.3333333333333333,0.0,0.0,0.0,-1.333333333333333
0.0,0.1,0.0,0.0,0.0,0.0,0.2,0.3,0.2,0.0,0.0,0.0,0.0,0.0,0.0,0.1,0.1,0.0,0.0,-2.06
0.0,0.09090909090909091,0.0,0.09090909090909091,0.0,0.0,0.09090909090909091,0.2727272727272727,0.1818181818181818,0.0,0.09090909090909091,0.0,0.0,0.0,0.09090909090909091,0.0,0.0,0.09090909090909091,0.0,-1.618181818181818
0.05263157894736842,0.1052631578947368,0.0,0.1578947368421053,0.0,0.1052631578947368,0.1052631578947368,0.05263157894736842,0.05263157894736842,0.1578947368421053,0.0,0.0,0.1052631578947368,0.0,0.0,0.05263157894736842,0.0,0.05263157894736842,0.0,-1.036842105263158
0.0,0.1111111111111111,0.1111111111111111,0.0,0.1111111111111111,0.1111111111111111,0.0,0.0,0.0,0.2222222222222222,0.1111111111111111,0.0,0.1111111111111111,0.1111111111111111,0.0,0.0,0.0,0.0,0.0,0.9444444444444444
0.05882352941176471,0.0,0.1764705882352941,0.0,0.1176470588235294,0.0,0.05882352941176471,0.0,0.0,0.05882352941176471,0.05882352941176471,0.1176470588235294,0.05882352941176471,0.05882352941176471,0.05882352941176471,0.1176470588235294,0.05882352941176471,0.0,0.0,-0.3470588235294118
0.0,0.5,0.0,0.0,0.0,0.0,0.25,0.0,0.0,0.0,0.0,0.25,0.0,0.0,0.0,0.0,0.0,0.0,0.0,-4.1
0.0,0.0,0.0,0.0,0.0,0.0,0.0,0.0,0.2,0.0,0.2,0.2,0.2,0.2,0.0,0.0,0.0,0.0,0.0,0.2799999999999999
0.0,0.09090909090909091,0.0,0.09090909090909091,0.0,0.0,0.0,0.1818181818181818,0.0,0.0,0.09090909090909091,0.09090909090909091,0.0,0.1818181818181818,0.2727272727272727,0.0,0.0,0.0,0.0,-0.7363636363636364
0.0,0.1,0.0,0.1,0.0,0.0,0.0,0.1,0.0,0.0,0.1,0.1,0.0,0.1,0.2,0.0,0.0,0.1,0.1,-1.11
0.2,0.0,0.0,0.0,0.0,0.0,0.0,0.0,0.0,0.0,0.2,0.2,0.0,0.0,0.0,0.0,0.0,0.0,0.0,0.34
0.0,0.2,0.0,0.0,0.0,0.0,0.0,0.2,0.0,0.0,0.2,0.0,0.0,0.0,0.0,0.0,0.2,0.0,0.0,-0.36
0.0,0.25,0.0,0.0,0.0,0.0,0.0,0.0,0.0,0.0,0.25,0.0,0.0,0.0,0.0,0.0,0.0,0.0,0.25,-0.5
0.0,0.0,0.0,0.1111111111111111,0.0,0.0,0.1111111111111111,0.0,0.1111111111111111,0.0,0.2222222222222222,0.1111111111111111,0.0,0.0,0.1111111111111111,0.1111111111111111,0.0,0.0,0.0,-0.9888888888888889
0.0,0.0,0.1,0.0,0.0,0.1,0.1,0.1,0.0,0.0,0.3,0.0,0.0,0.0,0.2,0.0,0.0,0.0,0.1,-0.4000000000000002
0.0,0.0,0.1,0.2,0.0,0.0,0.1,0.0,0.0,0.1,0.0,0.1,0.1,0.0,0.0,0.0,0.1,0.1,0.0,-1.31
0.125,0.125,0.0,0.0,0.0,0.0,0.0,0.375,0.0,0.0,0.0,0.0,0.0,0.0,0.25,0.0,0.0,0.0,0.0,-0.8875000000000001
0.25,0.0,0.25,0.0,0.0,0.0,0.0,0.0,0.0,0.0,0.0,0.0,0.0,0.0,0.25,0.0,0.0,0.0,0.0,-0.825
0.0,0.0,0.25,0.0,0.0,0.0,0.0,0.25,0.0,0.0,0.25,0.0,0.0,0.0,0.25,0.0,0.0,0.0,0.0,-0.425
0.3333333333333333,0.0,0.3333333333333333,0.0,0.0,0.0,0.0,0.0,0.0,0.0,0.0,0.0,0.0,0.0,0.0,0.0,0.0,0.0,0.0,-0.5666666666666667
0.0,0.0,0.3333333333333333,0.0,0.0,0.0,0.0,0.3333333333333333,0.0,0.0,0.3333333333333333,0.0,0.0,0.0,0.0,0.0,0.0,0.0,0.0,-0.0333333333333334
0.3333333333333333,0.0,0.0,0.0,0.0,0.0,0.0,0.0,0.0,0.0,0.0,0.0,0.0,0.0,0.6666666666666666,0.0,0.0,0.0,0.0,-0.4666666666666667
0.0,0.0,0.0,0.0,0.0,0.0,0.0,0.0,0.0,0.0,0.3333333333333333,0.3333333333333333,0.0,0.0,0.0,0.0,0.0,0.0,0.0,-0.03333333333333336
0.0,0.0,0.0,0.0,0.0,0.0,0.0,0.3333333333333333,0.3333333333333333,0.0,0.0,0.3333333333333333,0.0,0.0,0.0,0.0,0.0,0.0,0.0,-2.5
0.0,0.0,0.0,0.0,0.0,0.0,0.0,0.3333333333333333,0.0,0.0,0.0,0.0,0.0,0.0,0.0,0.0,0.3333333333333333,0.0,0.3333333333333333,-0.7999999999999999
0.0,0.0,0.0,0.0,0.3333333333333333,0.0,0.3333333333333333,0.0,0.0,0.0,0.0,0.0,0.0,0.0,0.0,0.0,0.0,0.0,0.3333333333333333,-0.7666666666666666
0.0,0.0,0.0,0.0,0.0,0.0,0.0,0.3333333333333333,0.0,0.0,0.3333333333333333,0.3333333333333333,0.0,0.0,0.0,0.0,0.0,0.0,0.0,-0.1666666666666667
0.0,0.0,0.0,0.0,0.0,0.0,0.0,0.3333333333333333,0.0,0.0,0.0,0.0,0.0,0.0,0.0,0.0,0.3333333333333333,0.0,0.3333333333333333,-0.7999999999999999
0.09090909090909091,0.0,0.0,0.0,0.0,0.1818181818181818,0.0,0.0,0.0,0.0,0.09090909090909091,0.09090909090909091,0.0,0.0,0.2727272727272727,0.0,0.0,0.0,0.0,-0.9181818181818183
0.0,0.0,0.0,0.0,0.0,0.08695652173913043,0.08695652173913043,0.04347826086956522,0.0,0.04347826086956522,0.04347826086956522,0.08695652173913043,0.04347826086956522,0.04347826086956522,0.2173913043478261,0.0,0.08695652173913043,0.0,0.0,-0.8086956521739131
0.0,0.0,0.0,0.0,0.0,0.1818181818181818,0.0,0.0,0.0,0.0,0.09090909090909091,0.09090909090909091,0.0,0.0,0.2727272727272727,0.0,0.0,0.0,0.0,-1.081818181818182
0.0,0.0,0.0,0.2,0.0,0.1,0.1,0.0,0.1,0.1,0.1,0.1,0.0,0.1,0.1,0.0,0.0,0.0,0.0,-1.16
0.0,0.0,0.0,0.0,0.0,0.1,0.0,0.0,0.1,0.0,0.3,0.0,0.0,0.0,0.2,0.1,0.0,0.1,0.0,-0.02000000000000018
0.3333333333333333,0.0,0.0,0.0,0.0,0.0,0.0,0.1111111111111111,0.1111111111111111,0.1111111111111111,0.1111111111111111,0.0,0.1111111111111111,0.0,0.0,0.0,0.0,0.0,0.0,1.333333333333333
0.1666666666666667,0.0,0.0,0.0,0.0,0.0,0.0,0.0,0.1666666666666667,0.0,0.0,0.0,0.0,0.1666666666666667,0.1666666666666667,0.0,0.0,0.0,0.0,-0.0333333333333334
0.0,0.0,0.0,0.0,0.0,0.0,0.0,0.2857142857142857,0.1428571428571428,0.1428571428571428,0.2857142857142857,0.0,0.0,0.0,0.0,0.0,0.0,0.1428571428571428,0.0,1.028571428571428
0.25,0.125,0.0,0.0,0.0,0.0,0.0,0.0,0.0,0.125,0.0,0.0,0.125,0.0,0.125,0.0,0.0,0.0,0.0,0.4875
0.1428571428571428,0.1428571428571428,0.0,0.0,0.0,0.0,0.0,0.0,0.1428571428571428,0.0,0.1428571428571428,0.0,0.0,0.1428571428571428,0.1428571428571428,0.0,0.1428571428571428,0.0,0.0,-0.2285714285714286
0.1666666666666667,0.1666666666666667,0.0,0.0,0.0,0.0,0.0,0.1666666666666667,0.0,0.1666666666666667,0.1666666666666667,0.0,0.0,0.0,0.0,0.0,0.0,0.0,0.0,0.8666666666666667
0.0,0.3333333333333333,0.0,0.0,0.0,0.0,0.0,0.3333333333333333,0.0,0.1111111111111111,0.0,0.0,0.0,0.0,0.0,0.0,0.0,0.0,0.0,-1.133333333333333
0.2,0.2,0.0,0.0,0.0,0.0,0.0,0.4,0.0,0.0,0.0,0.0,0.0,0.2,0.0,0.0,0.0,0.0,0.0,-0.14
0.0,0.0,0.0,0.0,0.0,0.0,0.0,0.0,0.0,0.0,0.5,0.0,0.0,0.0,0.0,0.0,0.0,0.0,0.0,1.9
0.0,0.0,0.0,0.0,0.0,0.0,0.5,0.0,0.0,0.0,0.0,0.0,0.0,0.5,0.0,0.0,0.0,0.0,0.0,-0.3500000000000001
0.0,0.0,0.25,0.25,0.0,0.0,0.0,0.0,0.0,0.0,0.0,0.0,0.0,0.0,0.5,0.0,0.0,0.0,0.0,-2.55
0.0,0.0,0.0,0.0,0.0,0.0,0.1428571428571428,0.0,0.0,0.1428571428571428,0.0,0.1428571428571428,0.0,0.2857142857142857,0.0,0.1428571428571428,0.1428571428571428,0.0,0.0,0.1714285714285714
0.3333333333333333,0.0,0.0,0.0,0.0,0.3333333333333333,0.0,0.0,0.0,0.0,0.0,0.0,0.0,0.0,0.0,0.0,0.0,0.0,0.0,-0.5666666666666667
0.0,0.0,0.3333333333333333,0.0,0.0,0.3333333333333333,0.0,0.0,0.0,0.0,0.3333333333333333,0.0,0.0,0.0,0.0,0.0,0.0,0.0,0.0,-1.066666666666667
0.25,0.0,0.0,0.0,0.0,0.25,0.0,0.0,0.0,0.0,0.25,0.0,0.0,0.0,0.0,0.0,0.0,0.0,0.25,0.2
0.0,0.0,0.0,0.0,0.0,0.0,0.0,0.0,0.0,0.0,0.3333333333333333,0.0,0.0,0.0,0.1666666666666667,0.1666666666666667,0.0,0.0,0.0,0.8666666666666666
0.0,0.0,0.1666666666666667,0.0,0.0,0.0,0.0,0.0,0.0,0.0,0.3333333333333333,0.0,0.0,0.0,0.1666666666666667,0.1666666666666667,0.0,0.0,0.0,0.2833333333333333
0.0,0.0,0.0,0.0,0.0,0.0,0.0,0.0,0.5,0.0,0.25,0.0,0.0,0.0,0.0,0.0,0.25,0.0,0.0,-0.8250000000000002
0.3333333333333333,0.0,0.0,0.0,0.0,0.0,0.0,0.3333333333333333,0.0,0.0,0.0,0.0,0.0,0.0,0.0,0.0,0.0,0.3333333333333333,0.0,0.1666666666666667
0.0,0.1428571428571428,0.0,0.2857142857142857,0.0,0.0,0.0,0.0,0.0,0.1428571428571428,0.1428571428571428,0.0,0.0,0.0,0.0,0.0,0.0,0.0,0.2857142857142857,-0.8285714285714286
0.3333333333333333,0.0,0.0,0.0,0.0,0.0,0.0,0.0,0.0,0.0,0.0,0.0,0.3333333333333333,0.0,0.3333333333333333,0.0,0.0,0.0,0.0,0.6999999999999998
0.0,0.0,0.0,0.0,0.0,0.0,0.0,0.25,0.0,0.0,0.0,0.0,0.0,0.0,0.25,0.25,0.25,0.0,0.0,-0.875
0.0,0.0,0.0,0.0,0.0,0.0,0.0,0.125,0.125,0.0,0.0,0.0,0.0,0.125,0.0,0.125,0.375,0.0,0.125,-0.625
0.1111111111111111,0.0,0.0,0.1111111111111111,0.0,0.2222222222222222,0.0,0.1111111111111111,0.0,0.1111111111111111,0.0,0.0,0.0,0.0,0.0,0.0,0.1111111111111111,0.0,0.1111111111111111,-0.7333333333333333
0.0,0.0,0.0,0.09090909090909091,0.0,0.0,0.0,0.3636363636363636,0.0,0.09090909090909091,0.0,0.0,0.0,0.09090909090909091,0.2727272727272727,0.09090909090909091,0.0,0.0,0.0,-0.3090909090909092
0.2,0.1,0.0,0.0,0.0,0.0,0.0,0.1,0.2,0.0,0.0,0.1,0.0,0.0,0.0,0.0,0.0,0.0,0.1,-1.29
0.25,0.0,0.0,0.0,0.0,0.0,0.0,0.125,0.25,0.0,0.0,0.125,0.0,0.0,0.0,0.0,0.0,0.0,0.0,-0.8875000000000001
0.25,0.0,0.0,0.0,0.0,0.0,0.0,0.125,0.0,0.0,0.0,0.125,0.0,0.0,0.25,0.0,0.0,0.0,0.0,-0.4875
0.3333333333333333,0.3333333333333333,0.0,0.0,0.0,0.0,0.0,0.0,0.0,0.0,0.0,0.0,0.0,0.0,0.3333333333333333,0.0,0.0,0.0,0.0,-1.433333333333333
0.1428571428571428,0.0,0.0,0.0,0.0,0.1428571428571428,0.0,0.1428571428571428,0.0,0.0,0.1428571428571428,0.0,0.0,0.1428571428571428,0.1428571428571428,0.0,0.0,0.0,0.1428571428571428,0.2285714285714285
0.1666666666666667,0.0,0.0,0.0,0.0,0.0,0.0,0.0,0.0,0.0,0.0,0.3333333333333333,0.0,0.0,0.3333333333333333,0.0,0.0,0.0,0.0,-1.533333333333333
0.1666666666666667,0.0,0.0,0.0,0.0,0.0,0.0,0.0,0.0,0.0,0.1666666666666667,0.0,0.1666666666666667,0.0,0.3333333333333333,0.0,0.1666666666666667,0.0,0.0,0.6
0.0,0.0,0.0,0.0,0.0,0.2,0.2,0.0,0.0,0.2,0.2,0.0,0.0,0.0,0.0,0.0,0.0,0.0,0.0,0.26
0.0,0.0,0.0,0.0,0.0,0.0,0.2,0.0,0.2,0.0,0.2,0.0,0.0,0.0,0.2,0.0,0.0,0.0,0.0,-0.9
0.0,0.0,0.0,0.0,0.0,0.0,0.0,0.0,0.0,0.0,0.0,0.0,0.0,0.0,0.3333333333333333,0.3333333333333333,0.0,0.0,0.0,-0.8000000000000002
0.0,0.0,0.0,0.0,0.0,0.0,0.0,0.0,0.0,0.3333333333333333,0.0,0.0,0.0,0.0,0.3333333333333333,0.0,0.0,0.0,0.0,0.9666666666666667
0.0,0.25,0.0,0.25,0.0,0.0,0.0,0.0,0.0,0.25,0.0,0.0,0.0,0.0,0.0,0.0,0.0,0.0,0.0,-0.875
0.0,0.0,0.0,0.0,0.0,0.0,0.0,0.0,0.0,0.0,0.0,0.3333333333333333,0.0,0.0,0.0,0.0,0.0,0.3333333333333333,0.3333333333333333,-2.033333333333333
0.2,0.0,0.0,0.0,0.0,0.0,0.0,0.0,0.0,0.2,0.0,0.0,0.0,0.0,0.0,0.2,0.0,0.0,0.0,1.1
0.125,0.0,0.0,0.0,0.0,0.0,0.0,0.125,0.0,0.0,0.0,0.125,0.125,0.125,0.0,0.0,0.25,0.0,0.0,0.09999999999999999
0.0,0.0,0.0,0.0,0.0,0.5,0.0,0.0,0.0,0.0,0.5,0.0,0.0,0.0,0.0,0.0,0.0,0.0,0.0,0.1499999999999998
0.125,0.0,0.0,0.0,0.0,0.0,0.0,0.125,0.0,0.0,0.0,0.125,0.125,0.125,0.0,0.0,0.25,0.0,0.0,0.09999999999999999
0.0,0.0,0.0,0.0,0.0,0.25,0.0,0.125,0.0,0.0,0.0,0.0,0.0,0.125,0.25,0.0,0.0,0.0,0.0,-0.9750000000000001
0.1111111111111111,0.0,0.0,0.0,0.0,0.2222222222222222,0.0,0.1111111111111111,0.0,0.0,0.0,0.0,0.0,0.1111111111111111,0.2222222222222222,0.0,0.0,0.0,0.0,-0.6666666666666666
0.1666666666666667,0.0,0.0,0.0,0.0,0.0,0.0,0.3333333333333333,0.0,0.0,0.0,0.1666666666666667,0.0,0.1666666666666667,0.0,0.0,0.0,0.1666666666666667,0.0,-0.1666666666666667
0.375,0.125,0.0,0.0,0.0,0.125,0.125,0.0,0.0,0.0,0.0,0.0,0.0,0.0,0.0,0.0,0.125,0.0,0.0,-0.85
0.0,0.08333333333333333,0.0,0.0,0.0,0.08333333333333333,0.08333333333333333,0.08333333333333333,0.0,0.0,0.25,0.0,0.0,0.0,0.1666666666666667,0.0,0.0,0.0,0.08333333333333333,-0.4166666666666668
0.0,0.1,0.0,0.0,0.0,0.0,0.1,0.4,0.0,0.0,0.0,0.1,0.0,0.0,0.1,0.0,0.1,0.0,0.0,-1.58
0.0,0.0,0.0,0.0,0.0,0.0,0.0,0.2222222222222222,0.1111111111111111,0.0,0.0,0.0,0.0,0.0,0.1111111111111111,0.1111111111111111,0.2222222222222222,0.0,0.0,-0.8666666666666667
0.125,0.0,0.0,0.0,0.0,0.0,0.0,0.375,0.0,0.0,0.25,0.0,0.0,0.0,0.0,0.125,0.0,0.0,0.0,0.9249999999999999
0.0,0.0,0.1428571428571428,0.1428571428571428,0.0,0.0,0.1428571428571428,0.0,0.0,0.0,0.1428571428571428,0.2857142857142857,0.1428571428571428,0.0,0.0,0.0,0.0,0.0,0.0,-1.8
0.0,0.1428571428571428,0.0,0.1428571428571428,0.0,0.0,0.0,0.1428571428571428,0.0,0.0,0.1428571428571428,0.0,0.1428571428571428,0.1428571428571428,0.1428571428571428,0.0,0.0,0.0,0.0,-0.2142857142857144
0.0,0.1666666666666667,0.0,0.0,0.0,0.0,0.1666666666666667,0.0,0.0,0.0,0.3333333333333333,0.0,0.1666666666666667,0.0,0.0,0.0,0.0,0.0,0.0,0.2499999999999999
0.1111111111111111,0.1111111111111111,0.0,0.0,0.0,0.0,0.0,0.1111111111111111,0.0,0.1111111111111111,0.0,0.0,0.0,0.1111111111111111,0.1111111111111111,0.1111111111111111,0.0,0.0,0.0,0.2
0.0,0.0,0.0,0.0,0.0,0.0,0.0,0.1428571428571428,0.1428571428571428,0.1428571428571428,0.0,0.1428571428571428,0.0,0.0,0.1428571428571428,0.0,0.1428571428571428,0.0,0.0,-0.7571428571428571
0.0,0.0,0.0,0.0,0.0,0.0,0.0,0.0,0.0,0.0,0.1428571428571428,0.0,0.0,0.1428571428571428,0.2857142857142857,0.0,0.0,0.0,0.0,0.4857142857142857
0.0,0.0,0.2857142857142857,0.1428571428571428,0.0,0.0,0.0,0.0,0.0,0.1428571428571428,0.0,0.1428571428571428,0.0,0.0,0.1428571428571428,0.0,0.0,0.0,0.1428571428571428,-1.828571428571429
0.0,0.0,0.0,0.0,0.0,0.1666666666666667,0.0,0.0,0.1666666666666667,0.0,0.0,0.0,0.0,0.1666666666666667,0.1666666666666667,0.3333333333333333,0.0,0.0,0.0,-1.183333333333333
0.0,0.0,0.0,0.1428571428571428,0.0,0.0,0.0,0.1428571428571428,0.1428571428571428,0.2857142857142857,0.0,0.0,0.0,0.1428571428571428,0.0,0.0,0.0,0.0,0.0,0.6714285714285714
0.1428571428571428,0.0,0.0,0.0,0.0,0.0,0.0,0.0,0.0,0.0,0.0,0.2857142857142857,0.0,0.0,0.4285714285714285,0.1428571428571428,0.0,0.0,0.0,-1.657142857142857
0.0,0.1666666666666667,0.0,0.0,0.0,0.0,0.0,0.0,0.0,0.0,0.1666666666666667,0.0,0.3333333333333333,0.0,0.3333333333333333,0.0,0.0,0.0,0.0,-0.01666666666666676
0.0,0.0,0.5,0.0,0.0,0.0,0.5,0.0,0.0,0.0,0.0,0.0,0.0,0.0,0.0,0.0,0.0,0.0,0.0,-3.5
0.3333333333333333,0.0,0.0,0.0,0.0,0.0,0.0,0.0,0.0,0.3333333333333333,0.0,0.0,0.0,0.0,0.0,0.0,0.0,0.0,0.0,2.1
0.1428571428571428,0.0,0.0,0.0,0.0,0.0,0.0,0.1428571428571428,0.0,0.1428571428571428,0.0,0.1428571428571428,0.1428571428571428,0.1428571428571428,0.1428571428571428,0.0,0.0,0.0,0.0,0.7285714285714285
0.0,0.0,0.0,0.0,0.0,0.0,0.0,0.0,0.0,0.0,0.1666666666666667,0.0,0.0,0.0,0.1666666666666667,0.0,0.0,0.1666666666666667,0.1666666666666667,-5.551115123125783e-17
0.125,0.125,0.0,0.0,0.0,0.0,0.0,0.125,0.125,0.25,0.0,0.0,0.0,0.0,0.0,0.0,0.125,0.0,0.0,0.25
0.0,0.09090909090909091,0.0,0.0,0.0,0.0,0.0,0.3636363636363636,0.0,0.1818181818181818,0.0,0.0,0.0,0.0,0.09090909090909091,0.0,0.09090909090909091,0.0,0.0,0.05454545454545454
0.0,0.0,0.125,0.0,0.0,0.0,0.0,0.125,0.125,0.25,0.25,0.0,0.0,0.0,0.0,0.125,0.0,0.0,0.0,1.0875
0.0,0.09090909090909091,0.0,0.0,0.0,0.09090909090909091,0.0,0.1818181818181818,0.0,0.09090909090909091,0.0,0.0,0.09090909090909091,0.09090909090909091,0.2727272727272727,0.0,0.0,0.0,0.0,-0.4000000000000001
0.0,0.125,0.125,0.0,0.0,0.0,0.0,0.0,0.125,0.0,0.0,0.0,0.0,0.0,0.375,0.125,0.0,0.0,0.125,-2.2625
0.4444444444444444,0.0,0.0,0.0,0.0,0.0,0.0,0.1111111111111111,0.1111111111111111,0.0,0.0,0.0,0.0,0.1111111111111111,0.1111111111111111,0.0,0.0,0.1111111111111111,0.0,0.4333333333333333
0.0,0.1428571428571428,0.0,0.0,0.0,0.0,0.0,0.1428571428571428,0.1428571428571428,0.2857142857142857,0.1428571428571428,0.0,0.0,0.0,0.0,0.0,0.1428571428571428,0.0,0.0,0.5714285714285714
0.25,0.125,0.125,0.0,0.0,0.0,0.0,0.25,0.0,0.0,0.125,0.0,0.0,0.0,0.125,0.0,0.0,0.0,0.0,-0.375
0.0,0.1,0.0,0.0,0.0,0.1,0.0,0.2,0.0,0.1,0.0,0.0,0.1,0.0,0.3,0.0,0.0,0.0,0.0,-0.7200000000000001
0.1666666666666667,0.08333333333333333,0.0,0.08333333333333333,0.0,0.0,0.0,0.1666666666666667,0.0,0.0,0.08333333333333333,0.0,0.0,0.0,0.0,0.08333333333333333,0.1666666666666667,0.0,0.0,-0.3
0.0,0.1428571428571428,0.1428571428571428,0.0,0.0,0.0,0.0,0.1428571428571428,0.0,0.1428571428571428,0.1428571428571428,0.0,0.0,0.0,0.0,0.1428571428571428,0.1428571428571428,0.0,0.0,-0.2285714285714286
0.1428571428571428,0.0,0.0,0.0,0.0,0.0,0.0,0.2857142857142857,0.0,0.1428571428571428,0.0,0.0,0.0,0.0,0.0,0.1428571428571428,0.0,0.1428571428571428,0.1428571428571428,0.3571428571428572
0.25,0.0,0.0,0.0,0.0,0.0,0.0,0.0,0.0,0.0,0.0,0.0,0.0,0.125,0.25,0.125,0.125,0.125,0.0,0.09999999999999996
0.0,0.0,0.0,0.0,0.0,0.0,0.1666666666666667,0.0,0.1666666666666667,0.1666666666666667,0.0,0.0,0.0,0.0,0.0,0.0,0.3333333333333333,0.0,0.0,-0.6
0.25,0.0,0.125,0.0,0.125,0.0,0.0,0.125,0.0,0.0,0.0,0.0,0.0,0.0,0.375,0.0,0.0,0.0,0.0,-0.3250000000000001
0.3,0.1,0.1,0.0,0.0,0.0,0.0,0.0,0.0,0.0,0.0,0.0,0.0,0.0,0.5,0.0,0.0,0.0,0.0,-1.06
0.1428571428571428,0.0,0.0,0.0,0.0,0.0,0.2857142857142857,0.0,0.0,0.1428571428571428,0.1428571428571428,0.0,0.0,0.1428571428571428,0.0,0.0,0.0,0.1428571428571428,0.0,0.7142857142857143
0.0,0.1428571428571428,0.0,0.1428571428571428,0.2857142857142857,0.0,0.0,0.2857142857142857,0.0,0.0,0.0,0.0,0.0,0.0,0.0,0.0,0.0,0.0,0.1428571428571428,-0.7285714285714285
0.0,0.0,0.0,0.0,0.3333333333333333,0.0,0.3333333333333333,0.0,0.0,0.0,0.1666666666666667,0.0,0.0,0.1666666666666667,0.0,0.0,0.0,0.0,0.0,0.7666666666666666
0.0,0.0,0.1428571428571428,0.0,0.2857142857142857,0.0,0.0,0.1428571428571428,0.2857142857142857,0.0,0.0,0.0,0.0,0.0,0.0,0.0,0.1428571428571428,0.0,0.0,-0.8571428571428571
0.125,0.0,0.125,0.0,0.25,0.125,0.0,0.125,0.0,0.0,0.0,0.0,0.0,0.0,0.125,0.0,0.0,0.0,0.0,-0.275
0.0,0.0,0.0,0.125,0.25,0.0,0.0,0.25,0.0,0.0,0.125,0.0,0.0,0.0,0.125,0.0,0.0,0.0,0.125,0.2
0.0,0.0,0.0,0.125,0.25,0.0,0.0,0.25,0.0,0.0,0.125,0.0,0.0,0.0,0.125,0.0,0.0,0.0,0.125,0.2
0.0,0.0,0.0,0.0,0.1666666666666667,0.0,0.0,0.0,0.1666666666666667,0.0,0.0,0.0,0.1666666666666667,0.1666666666666667,0.0,0.0,0.0,0.0,0.3333333333333333,0.2333333333333333
0.2857142857142857,0.0,0.0,0.0,0.2857142857142857,0.0,0.0,0.1428571428571428,0.0,0.0,0.0,0.0,0.0,0.0,0.0,0.0,0.0,0.1428571428571428,0.1428571428571428,0.8571428571428571
0.1666666666666667,0.0,0.0,0.0,0.1666666666666667,0.0,0.3333333333333333,0.0,0.3333333333333333,0.0,0.0,0.0,0.0,0.0,0.0,0.0,0.0,0.0,0.0,-1.516666666666667
0.1111111111111111,0.0,0.0,0.1111111111111111,0.1111111111111111,0.0,0.1111111111111111,0.0,0.0,0.0,0.0,0.0,0.1111111111111111,0.0,0.1111111111111111,0.2222222222222222,0.0,0.0,0.1111111111111111,-0.588888888888889
0.0,0.0,0.0,0.3333333333333333,0.1666666666666667,0.0,0.0,0.0,0.1666666666666667,0.0,0.0,0.0,0.1666666666666667,0.0,0.1666666666666667,0.0,0.0,0.0,0.0,-1.233333333333333
0.0,0.0,0.0,0.0,0.0,0.0,0.1428571428571428,0.0,0.0,0.0,0.1428571428571428,0.0,0.0,0.1428571428571428,0.0,0.2857142857142857,0.1428571428571428,0.0,0.1428571428571428,-0.0714285714285715
0.0,0.1666666666666667,0.0,0.1666666666666667,0.1666666666666667,0.1666666666666667,0.0,0.0,0.0,0.0,0.0,0.0,0.1666666666666667,0.0,0.0,0.0,0.1666666666666667,0.0,0.0,-1.3
0.2857142857142857,0.0,0.1428571428571428,0.0,0.0,0.0,0.0,0.0,0.0,0.0,0.2857142857142857,0.0,0.0,0.0,0.1428571428571428,0.0,0.1428571428571428,0.0,0.0,0.7714285714285714
0.0,0.1428571428571428,0.0,0.0,0.0,0.0,0.0,0.0,0.0,0.0,0.0,0.0,0.0,0.1428571428571428,0.4285714285714285,0.0,0.0,0.0,0.0,-0.9285714285714287
0.25,0.0,0.0,0.0,0.0,0.0,0.0,0.0,0.0,0.0,0.25,0.0,0.0,0.0,0.25,0.125,0.0,0.0,0.0,0.8999999999999999
0.0,0.0,0.0,0.0,0.3333333333333333,0.1666666666666667,0.0,0.0,0.0,0.0,0.1666666666666667,0.0,0.0,0.1666666666666667,0.0,0.0,0.0,0.0,0.1666666666666667,1.133333333333333
0.0,0.2857142857142857,0.0,0.0,0.0,0.0,0.0,0.0,0.0,0.0,0.0,0.1428571428571428,0.0,0.0,0.2857142857142857,0.0,0.2857142857142857,0.0,0.0,-2.5
0.125,0.0,0.0,0.25,0.0,0.0,0.125,0.25,0.0,0.0,0.0,0.0,0.0,0.0,0.125,0.0,0.0,0.0,0.125,-1.55
0.125,0.0,0.0,0.25,0.0,0.0,0.0,0.25,0.0,0.0,0.125,0.0,0.125,0.0,0.125,0.0,0.0,0.0,0.0,-0.2375
0.1666666666666667,0.0,0.0,0.0,0.0,0.0,0.1666666666666667,0.0,0.0,0.0,0.0,0.0,0.0,0.0,0.1666666666666667,0.1666666666666667,0.0,0.0,0.3333333333333333,-1.116666666666667
0.0,0.0,0.0,0.1666666666666667,0.0,0.0,0.1666666666666667,0.1666666666666667,0.1666666666666667,0.0,0.0,0.0,0.1666666666666667,0.0,0.1666666666666667,0.0,0.0,0.0,0.0,-1.716666666666667
0.1666666666666667,0.0,0.0,0.0,0.0,0.0,0.0,0.0,0.0,0.0,0.0,0.0,0.3333333333333333,0.0,0.1666666666666667,0.1666666666666667,0.0,0.0,0.1666666666666667,0.3166666666666666
0.0,0.0,0.0,0.0,0.0,0.1666666666666667,0.0,0.0,0.0,0.0,0.1666666666666667,0.0,0.0,0.0,0.3333333333333333,0.0,0.0,0.0,0.0,-0.4833333333333334
0.0,0.5,0.0,0.0,0.0,0.0,0.0,0.0,0.5,0.0,0.0,0.0,0.0,0.0,0.0,0.0,0.0,0.0,0.0,-3.85
0.0,0.0,0.0,0.0,0.0,0.0,0.0,0.0,0.3333333333333333,0.0,0.3333333333333333,0.0,0.0,0.0,0.3333333333333333,0.0,0.0,0.0,0.0,-0.3333333333333335
0.0,0.0,0.0,0.0,0.0,0.0,0.0,0.0,0.5,0.0,0.0,0.0,0.0,0.5,0.0,0.0,0.0,0.0,0.0,-0.2000000000000002
0.1176470588235294,0.05882352941176471,0.1176470588235294,0.05882352941176471,0.0,0.0,0.0,0.2352941176470588,0.0,0.0,0.1176470588235294,0.0,0.0,0.05882352941176471,0.1764705882352941,0.0,0.05882352941176471,0.0,0.0,-0.4764705882352942
0.0,0.0,0.0,0.0,0.0,0.0,0.0,0.1111111111111111,0.0,0.0,0.1111111111111111,0.0,0.0,0.1111111111111111,0.3333333333333333,0.1111111111111111,0.1111111111111111,0.0,0.0,-0.01111111111111123
0.2727272727272727,0.0,0.0,0.0,0.0,0.0,0.0,0.0,0.09090909090909091,0.1818181818181818,0.0,0.0,0.0,0.0,0.2727272727272727,0.0,0.09090909090909091,0.0,0.0,0.5181818181818181
0.1538461538461539,0.07692307692307693,0.0,0.07692307692307693,0.0,0.0,0.0,0.1538461538461539,0.0,0.1538461538461539,0.0,0.0,0.0,0.0,0.2307692307692308,0.07692307692307693,0.07692307692307693,0.0,0.0,-0.1923076923076924
0.07692307692307693,0.0,0.07692307692307693,0.1538461538461539,0.0,0.0,0.07692307692307693,0.1538461538461539,0.07692307692307693,0.0,0.0,0.0,0.0,0.07692307692307693,0.07692307692307693,0.0,0.0,0.0,0.0,-1.153846153846154
0.25,0.125,0.125,0.0,0.125,0.0,0.0,0.125,0.0,0.0,0.0,0.0,0.0,0.0,0.0,0.125,0.0,0.0,0.0,-0.3875
0.0,0.0,0.0,0.0,0.0,0.0,0.0,0.0,0.1666666666666667,0.0,0.1666666666666667,0.0,0.0,0.0,0.1666666666666667,0.0,0.1666666666666667,0.0,0.1666666666666667,-0.5000000000000001
0.25,0.0,0.0,0.0,0.0,0.0,0.0,0.0,0.0,0.0,0.375,0.0,0.0,0.125,0.25,0.0,0.0,0.0,0.0,1.825
0.0,0.0,0.0,0.0,0.0,0.0,0.0,0.0,0.0,0.0,0.0,0.0,0.0,0.0,0.0,0.0,0.3333333333333333,0.0,0.3333333333333333,-0.6666666666666666
0.0,0.0,0.0,0.0,0.0,0.0,0.0,0.25,0.0,0.0,0.25,0.0,0.0,0.0,0.25,0.0,0.0,0.0,0.0,0.45
0.0,0.0,0.0,0.0,0.0,0.0,0.0,0.0,0.0,0.1428571428571428,0.0,0.0,0.0,0.2857142857142857,0.2857142857142857,0.0,0.0,0.0,0.0,0.9857142857142857
0.1666666666666667,0.0,0.0,0.0,0.0,0.0,0.0,0.0,0.0,0.0,0.0,0.0,0.1666666666666667,0.1666666666666667,0.1666666666666667,0.3333333333333333,0.0,0.0,0.0,0.5499999999999999
0.0,0.0,0.0,0.0,0.0,0.0,0.0,0.375,0.0,0.0,0.0,0.125,0.0,0.125,0.125,0.125,0.0,0.125,0.0,-0.7000000000000001
0.0,0.0,0.0,0.1428571428571428,0.0,0.0,0.0,0.1428571428571428,0.0,0.0,0.1428571428571428,0.0,0.1428571428571428,0.1428571428571428,0.1428571428571428,0.0,0.0,0.1428571428571428,0.0,0.2999999999999999
0.0,0.1,0.0,0.0,0.0,0.0,0.1,0.1,0.0,0.0,0.1,0.0,0.0,0.2,0.2,0.1,0.0,0.0,0.1,-0.43
0.1666666666666667,0.0,0.0,0.0,0.0,0.0,0.0,0.0,0.0,0.1666666666666667,0.0,0.1666666666666667,0.0,0.1666666666666667,0.1666666666666667,0.0,0.0,0.1666666666666667,0.0,0.45
0.0,0.2,0.0,0.0,0.0,0.0,0.2,0.0,0.0,0.2,0.0,0.0,0.0,0.2,0.2,0.0,0.0,0.0,0.0,-0.4600000000000001
0.1666666666666667,0.1666666666666667,0.0,0.1666666666666667,0.0,0.0,0.0,0.0,0.0,0.0,0.1666666666666667,0.0,0.0,0.0,0.1666666666666667,0.0,0.0,0.1666666666666667,0.0,-0.8166666666666668
0.0,0.0,0.0,0.1666666666666667,0.0,0.0,0.0,0.0,0.1666666666666667,0.0,0.0,0.0,0.0,0.3333333333333333,0.3333333333333333,0.0,0.0,0.0,0.0,-0.7166666666666668
0.0,0.1666666666666667,0.0,0.0,0.0,0.0,0.0,0.3333333333333333,0.0,0.0,0.0,0.0,0.0,0.3333333333333333,0.1666666666666667,0.0,0.0,0.0,0.0,-0.2166666666666668
0.0,0.2,0.0,0.0,0.0,0.0,0.0,0.0,0.0,0.0,0.0,0.0,0.0,0.2,0.2,0.0,0.2,0.0,0.2,-1.06
0.2222222222222222,0.1111111111111111,0.1111111111111111,0.0,0.0,0.0,0.0,0.0,0.0,0.1111111111111111,0.0,0.0,0.0,0.0,0.1111111111111111,0.0,0.2222222222222222,0.0,0.0,-0.3222222222222222
0.1428571428571428,0.0,0.0,0.0,0.0,0.0,0.1428571428571428,0.1428571428571428,0.1428571428571428,0.0,0.1428571428571428,0.0,0.0,0.0,0.2857142857142857,0.0,0.0,0.0,0.0,-0.6714285714285715
0.09090909090909091,0.09090909090909091,0.0,0.09090909090909091,0.0,0.0,0.09090909090909091,0.1818181818181818,0.0,0.0,0.09090909090909091,0.0,0.0,0.0,0.1818181818181818,0.1818181818181818,0.0,0.0,0.0,-1.045454545454545
0.07692307692307693,0.07692307692307693,0.0,0.07692307692307693,0.0,0.1538461538461539,0.0,0.0,0.0,0.0,0.0,0.07692307692307693,0.0,0.07692307692307693,0.0,0.0,0.3846153846153846,0.0,0.0,-1.369230769230769
0.0,0.0,0.125,0.0,0.0,0.0,0.0,0.0,0.0,0.125,0.125,0.125,0.0,0.0,0.125,0.0,0.125,0.0,0.0,-0.175
0.1538461538461539,0.07692307692307693,0.0,0.1538461538461539,0.0,0.0,0.07692307692307693,0.1538461538461539,0.0,0.0,0.07692307692307693,0.0,0.0,0.0,0.1538461538461539,0.1538461538461539,0.0,0.0,0.0,-1.015384615384616
0.0,0.0,0.125,0.0,0.0,0.0,0.0,0.0,0.0,0.125,0.125,0.0,0.0,0.125,0.375,0.0,0.0,0.0,0.125,0.1874999999999999
0.0,0.0,0.0,0.0,0.0,0.0,0.0,0.25,0.0,0.125,0.125,0.0,0.0,0.125,0.375,0.0,0.0,0.0,0.0,0.6874999999999999
0.125,0.0,0.0,0.0,0.0,0.0,0.0,0.0,0.0,0.0,0.125,0.0,0.0,0.125,0.25,0.0,0.0,0.0,0.125,0.4874999999999999
0.25,0.0,0.0,0.0,0.0,0.0,0.0,0.125,0.0,0.0,0.0,0.0,0.0,0.375,0.125,0.0,0.0,0.0,0.0,1.25
0.0,0.0,0.0,0.0,0.0,0.0,0.0,0.1428571428571428,0.0,0.2857142857142857,0.0,0.0,0.0,0.1428571428571428,0.1428571428571428,0.0,0.1428571428571428,0.0,0.0,1.3
0.1666666666666667,0.1666666666666667,0.0,0.0,0.0,0.0,0.0,0.0,0.0,0.0,0.1666666666666667,0.0,0.0,0.0,0.1666666666666667,0.0,0.1666666666666667,0.0,0.0,-0.2
0.0,0.0,0.0,0.0,0.0,0.0,0.0,0.0,0.0,0.0,0.0,0.3333333333333333,0.0,0.0,0.3333333333333333,0.0,0.0,0.0,0.3333333333333333,-2.266666666666667
0.25,0.25,0.0,0.0,0.0,0.0,0.0,0.0,0.0,0.0,0.0,0.25,0.0,0.25,0.0,0.0,0.0,0.0,0.0,-0.95
0.2727272727272727,0.09090909090909091,0.09090909090909091,0.09090909090909091,0.0,0.09090909090909091,0.0,0.09090909090909091,0.0,0.0,0.1818181818181818,0.0,0.0,0.0,0.09090909090909091,0.0,0.0,0.0,0.0,-0.3636363636363636
0.1764705882352941,0.05882352941176471,0.05882352941176471,0.0,0.0,0.1764705882352941,0.0,0.0,0.0,0.05882352941176471,0.1176470588235294,0.0,0.0,0.0,0.05882352941176471,0.1176470588235294,0.0,0.05882352941176471,0.0,-0.3
0.1,0.0,0.0,0.1,0.0,0.0,0.1,0.0,0.0,0.0,0.1,0.0,0.0,0.0,0.4,0.0,0.1,0.0,0.0,-0.85
0.1666666666666667,0.0,0.0,0.0,0.0,0.0,0.0,0.1666666666666667,0.3333333333333333,0.1666666666666667,0.0,0.0,0.0,0.0,0.1666666666666667,0.0,0.0,0.0,0.0,-0.3500000000000001
0.1666666666666667,0.1666666666666667,0.0,0.0,0.0,0.0,0.0,0.0,0.0,0.0,0.1666666666666667,0.0,0.1666666666666667,0.1666666666666667,0.0,0.0,0.0,0.0,0.1666666666666667,0.75
0.1666666666666667,0.0,0.3333333333333333,0.0,0.0,0.0,0.0,0.0,0.0,0.0,0.3333333333333333,0.0,0.0,0.0,0.0,0.1666666666666667,0.0,0.0,0.0,0.2666666666666666
0.2,0.1,0.0,0.0,0.0,0.1,0.0,0.0,0.1,0.0,0.0,0.0,0.1,0.0,0.2,0.0,0.2,0.0,0.0,-1.03
0.2,0.1,0.0,0.1,0.0,0.1,0.1,0.0,0.0,0.1,0.0,0.0,0.0,0.1,0.1,0.0,0.1,0.0,0.0,-0.64
0.1666666666666667,0.0,0.0,0.0,0.1666666666666667,0.0,0.0,0.3333333333333333,0.1666666666666667,0.0,0.0,0.0,0.0,0.0,0.1666666666666667,0.0,0.0,0.0,0.0,-0.2166666666666667
0.0,0.0,0.0,0.1111111111111111,0.1111111111111111,0.0,0.0,0.2222222222222222,0.0,0.1111111111111111,0.0,0.0,0.0,0.0,0.0,0.0,0.0,0.0,0.2222222222222222,0.0111111111111111
0.0,0.0,0.0,0.0,0.2,0.0,0.0,0.2,0.0,0.0,0.2,0.0,0.0,0.0,0.4,0.0,0.0,0.0,0.0,0.5399999999999999
0.125,0.0,0.125,0.0,0.125,0.0,0.0,0.125,0.0,0.125,0.125,0.0,0.0,0.0,0.25,0.0,0.0,0.0,0.0,0.6875
0.0,0.0,0.2,0.0,0.2,0.0,0.0,0.2,0.0,0.0,0.0,0.2,0.0,0.0,0.2,0.0,0.0,0.0,0.0,-1.38
0.0,0.0,0.1666666666666667,0.1666666666666667,0.0,0.0,0.1666666666666667,0.0,0.0,0.0,0.0,0.1666666666666667,0.0,0.1666666666666667,0.0,0.1666666666666667,0.0,0.0,0.0,-2.066666666666667
0.1428571428571428,0.0,0.1428571428571428,0.1428571428571428,0.0,0.0,0.0,0.0,0.0,0.0,0.0,0.1428571428571428,0.0,0.1428571428571428,0.1428571428571428,0.0,0.0,0.0,0.1428571428571428,-1.314285714285714
0.1,0.0,0.0,0.1,0.0,0.1,0.0,0.2,0.0,0.0,0.0,0.0,0.0,0.0,0.0,0.0,0.1,0.0,0.2,-0.93
0.0,0.0,0.0,0.1428571428571428,0.0,0.0,0.0,0.0,0.1428571428571428,0.0,0.2857142857142857,0.0,0.0,0.2857142857142857,0.1428571428571428,0.0,0.0,0.0,0.0,0.6999999999999998
0.0,0.0,0.0,0.2,0.0,0.0,0.0,0.0,0.0,0.0,0.4,0.2,0.0,0.0,0.2,0.0,0.0,0.0,0.0,-0.2800000000000001
0.0,0.0,0.0,0.1666666666666667,0.0,0.0,0.0,0.1666666666666667,0.0,0.0,0.3333333333333333,0.0,0.0,0.0,0.1666666666666667,0.0,0.1666666666666667,0.0,0.0,0.2333333333333333
0.1111111111111111,0.0,0.0,0.1111111111111111,0.0,0.0,0.0,0.1111111111111111,0.0,0.0,0.2222222222222222,0.1111111111111111,0.0,0.0,0.1111111111111111,0.0,0.1111111111111111,0.0,0.0,-0.0777777777777778
0.0,0.0,0.0,0.25,0.0,0.0,0.0,0.0,0.0,0.0,0.0,0.25,0.25,0.0,0.25,0.0,0.0,0.0,0.0,-1.775
0.0,0.0,0.0,0.2,0.0,0.2,0.0,0.2,0.0,0.0,0.2,0.0,0.0,0.0,0.2,0.0,0.0,0.0,0.0,-1.04
0.1111111111111111,0.1111111111111111,0.1111111111111111,0.1111111111111111,0.0,0.1111111111111111,0.0,0.1111111111111111,0.0,0.0,0.1111111111111111,0.0,0.0,0.0,0.1111111111111111,0.0,0.1111111111111111,0.0,0.0,-1.344444444444444
0.1,0.1,0.1,0.1,0.0,0.1,0.0,0.1,0.0,0.0,0.1,0.0,0.0,0.0,0.1,0.0,0.1,0.0,0.0,-1.21
0.0,0.0,0.0,0.25,0.0,0.0,0.0,0.25,0.0,0.0,0.0,0.0,0.0,0.0,0.0,0.5,0.0,0.0,0.0,-1.375
0.0,0.1666666666666667,0.0,0.1666666666666667,0.0,0.0,0.0,0.0,0.0,0.0,0.0,0.0,0.0,0.0,0.1666666666666667,0.1666666666666667,0.0,0.3333333333333333,0.0,-2.033333333333333
0.0,0.0,0.0,0.2,0.0,0.0,0.0,0.2,0.0,0.0,0.0,0.0,0.0,0.0,0.2,0.0,0.0,0.0,0.2,-1.36
0.0,0.0,0.0,0.0,0.0,0.0,0.3333333333333333,0.3333333333333333,0.0,0.0,0.0,0.0,0.0,0.0,0.0,0.1666666666666667,0.0,0.0,0.0,-1.433333333333333
0.1428571428571428,0.0,0.1428571428571428,0.0,0.0,0.0,0.1428571428571428,0.0,0.0,0.1428571428571428,0.0,0.0,0.0,0.0,0.2857142857142857,0.0,0.0,0.0,0.0,-0.5571428571428572
0.2,0.0,0.1,0.0,0.0,0.1,0.1,0.0,0.0,0.1,0.1,0.0,0.0,0.0,0.2,0.0,0.0,0.0,0.0,-0.18
0.1111111111111111,0.0,0.0,0.0,0.0,0.1111111111111111,0.1111111111111111,0.0,0.0,0.1111111111111111,0.1111111111111111,0.0,0.0,0.0,0.2222222222222222,0.0,0.1111111111111111,0.0,0.0,-0.08888888888888892
0.1666666666666667,0.0,0.0,0.0,0.0,0.0,0.1666666666666667,0.0,0.0,0.0,0.1666666666666667,0.0,0.0,0.0,0.3333333333333333,0.0,0.0,0.0,0.0,-0.1833333333333334
0.0,0.0,0.0,0.0,0.0,0.0,0.2,0.0,0.0,0.0,0.2,0.0,0.0,0.0,0.6,0.0,0.0,0.0,0.0,-0.9000000000000001
0.0,0.0,0.0,0.0,0.0,0.0,0.1666666666666667,0.0,0.0,0.0,0.1666666666666667,0.0,0.0,0.0,0.6666666666666666,0.0,0.0,0.0,0.0,-1.016666666666667
0.0,0.0,0.0,0.0,0.0,0.0,0.5,0.0,0.0,0.0,0.0,0.0,0.0,0.0,0.25,0.0,0.25,0.0,0.0,-2.325
0.0,0.1666666666666667,0.0,0.0,0.0,0.08333333333333333,0.1666666666666667,0.0,0.0,0.0,0.0,0.0,0.0,0.08333333333333333,0.08333333333333333,0.1666666666666667,0.08333333333333333,0.0,0.08333333333333333,-1.825
0.2,0.0,0.0,0.0,0.0,0.0,0.2,0.0,0.0,0.0,0.0,0.0,0.0,0.4,0.2,0.0,0.0,0.0,0.0,0.46
0.1111111111111111,0.0,0.0,0.0,0.0,0.0,0.0,0.1111111111111111,0.0,0.0,0.1111111111111111,0.1111111111111111,0.0,0.1111111111111111,0.1111111111111111,0.1111111111111111,0.0,0.0,0.0,0.1888888888888889
0.2,0.2,0.0,0.2,0.0,0.0,0.0,0.0,0.0,0.2,0.0,0.0,0.0,0.2,0.0,0.0,0.0,0.0,0.0,0.22
0.0,0.0,0.0,0.0,0.0,0.0,0.3333333333333333,0.0,0.0,0.0,0.0,0.0,0.0,0.3333333333333333,0.0,0.0,0.0,0.0,0.3333333333333333,-0.6666666666666666
0.0,0.1428571428571428,0.1428571428571428,0.1428571428571428,0.0,0.0,0.0,0.0,0.0,0.2857142857142857,0.0,0.0,0.0,0.2857142857142857,0.0,0.0,0.0,0.0,0.0,0.4428571428571428
0.0,0.0,0.0,0.0,0.0,0.0,0.25,0.0,0.0,0.25,0.0,0.0,0.0,0.25,0.0,0.0,0.25,0.0,0.0,0.7749999999999999
0.0,0.0,0.0,0.0,0.0,0.1428571428571428,0.1428571428571428,0.0,0.0,0.0,0.1428571428571428,0.0,0.0,0.1428571428571428,0.2857142857142857,0.0,0.0,0.0,0.0,-0.5142857142857143
0.0,0.1111111111111111,0.0,0.0,0.0,0.1111111111111111,0.0,0.0,0.1111111111111111,0.0,0.0,0.0,0.0,0.2222222222222222,0.4444444444444444,0.0,0.0,0.0,0.0,-1.333333333333333
0.0,0.1428571428571428,0.0,0.1428571428571428,0.0,0.1428571428571428,0.1428571428571428,0.0,0.0,0.1428571428571428,0.0,0.0,0.0,0.1428571428571428,0.1428571428571428,0.0,0.0,0.0,0.0,-1.328571428571429
0.0,0.0,0.0,0.0,0.0,0.0,0.0,0.0,0.0,0.0,0.0,0.0,0.0,0.6666666666666666,0.0,0.3333333333333333,0.0,0.0,0.0,1.6
0.0,0.0,0.0,0.0,0.0,0.0,0.0,0.0,0.0,0.0,0.3333333333333333,0.0,0.0,0.3333333333333333,0.0,0.0,0.0,0.0,0.3333333333333333,1.766666666666667
0.4285714285714285,0.0,0.0,0.0,0.0,0.0,0.0,0.4285714285714285,0.0,0.0,0.0,0.0,0.0,0.1428571428571428,0.0,0.0,0.0,0.0,0.0,1.0
0.1428571428571428,0.0,0.2857142857142857,0.0,0.0,0.0,0.0,0.1428571428571428,0.0,0.0,0.2857142857142857,0.0,0.0,0.0,0.0,0.1428571428571428,0.0,0.0,0.0,0.1714285714285714
0.15,0.0,0.15,0.15,0.0,0.05,0.1,0.1,0.0,0.05,0.1,0.0,0.0,0.0,0.1,0.0,0.0,0.0,0.0,-0.9
0.0,0.05555555555555555,0.1111111111111111,0.0,0.0,0.1666666666666667,0.05555555555555555,0.2777777777777778,0.05555555555555555,0.0,0.05555555555555555,0.0,0.0,0.1111111111111111,0.0,0.05555555555555555,0.0,0.0,0.0,-1.227777777777778
0.0,0.0,0.0,0.0,0.0,0.0,0.0,0.125,0.0,0.125,0.125,0.125,0.0,0.25,0.125,0.0,0.125,0.0,0.0,0.9125
0.1666666666666667,0.0,0.0,0.1666666666666667,0.0,0.0,0.1666666666666667,0.5,0.0,0.0,0.0,0.0,0.0,0.0,0.0,0.0,0.0,0.0,0.0,-1.066666666666667
0.0,0.0,0.0,0.0,0.0,0.0,0.0,0.5,0.1666666666666667,0.0,0.1666666666666667,0.1666666666666667,0.0,0.0,0.0,0.0,0.0,0.0,0.0,-0.75
0.1666666666666667,0.0,0.1666666666666667,0.0,0.0,0.0,0.1666666666666667,0.5,0.0,0.0,0.0,0.0,0.0,0.0,0.0,0.0,0.0,0.0,0.0,-1.066666666666667
0.0,0.0,0.1666666666666667,0.0,0.0,0.0,0.0,0.5,0.0,0.0,0.0,0.0,0.0,0.0,0.0,0.1666666666666667,0.0,0.0,0.1666666666666667,-1.133333333333334
0.0,0.0,0.0,0.0,0.0,0.0,0.0,0.2,0.2,0.0,0.0,0.0,0.0,0.0,0.4,0.0,0.0,0.0,0.0,-1.36
0.0,0.0,0.0,0.0,0.0,0.0,0.0,0.1428571428571428,0.1428571428571428,0.1428571428571428,0.0,0.1428571428571428,0.0,0.0,0.0,0.0,0.0,0.2857142857142857,0.1428571428571428,-0.8714285714285716
0.0,0.0,0.0,0.0,0.0,0.0,0.0,0.5,0.0,0.1666666666666667,0.0,0.1666666666666667,0.0,0.1666666666666667,0.0,0.0,0.0,0.0,0.0,0.3666666666666666
0.0,0.0,0.0,0.0,0.0,0.0,0.0,0.2,0.0,0.0,0.2,0.2,0.0,0.0,0.4,0.0,0.0,0.0,0.0,-0.74
0.0,0.0,0.0,0.0,0.0,0.0,0.0,0.3333333333333333,0.0,0.0,0.1666666666666667,0.0,0.0,0.0,0.1666666666666667,0.0,0.1666666666666667,0.0,0.0,0.1166666666666666
0.0,0.0,0.0,0.0,0.0,0.3333333333333333,0.0,0.1666666666666667,0.0,0.0,0.0,0.0,0.0,0.0,0.3333333333333333,0.0,0.0,0.0,0.0,-1.766666666666667
0.0,0.2,0.0,0.0,0.1,0.0,0.0,0.2,0.0,0.2,0.1,0.0,0.0,0.0,0.2,0.0,0.0,0.0,0.0,0.23
0.0,0.1666666666666667,0.1666666666666667,0.1666666666666667,0.0,0.0,0.0,0.1666666666666667,0.0,0.0,0.0,0.0,0.0,0.0,0.0,0.3333333333333333,0.0,0.0,0.0,-2.25
0.0,0.0,0.125,0.125,0.0,0.125,0.0,0.125,0.0,0.0,0.125,0.0,0.0,0.125,0.125,0.0,0.0,0.0,0.0,-0.7375
0.0,0.1666666666666667,0.1666666666666667,0.0,0.0,0.0,0.0,0.0,0.1666666666666667,0.0,0.0,0.0,0.0,0.0,0.1666666666666667,0.1666666666666667,0.1666666666666667,0.0,0.0,-2.383333333333333
0.0,0.0,0.0,0.0,0.0,0.0,0.0,0.0,0.2,0.0,0.2,0.0,0.0,0.0,0.6,0.0,0.0,0.0,0.0,-0.8400000000000002
0.0,0.0,0.0,0.1,0.0,0.0,0.0,0.1,0.1,0.0,0.2,0.0,0.0,0.1,0.1,0.1,0.1,0.0,0.0,0.01999999999999992
0.1666666666666667,0.0,0.0,0.0,0.0,0.0,0.0,0.1666666666666667,0.0,0.1666666666666667,0.0,0.0,0.0,0.0,0.1666666666666667,0.0,0.1666666666666667,0.0,0.0,0.6
0.0,0.0,0.0,0.0,0.1666666666666667,0.0,0.0,0.1666666666666667,0.0,0.1666666666666667,0.1666666666666667,0.0,0.0,0.0,0.3333333333333333,0.0,0.0,0.0,0.0,1.2
0.125,0.0,0.0625,0.0,0.0625,0.0625,0.0,0.0625,0.0,0.1875,0.1875,0.0,0.0,0.0625,0.125,0.0,0.0,0.0,0.0,1.45
0.09090909090909091,0.0,0.0,0.09090909090909091,0.0,0.0,0.0,0.09090909090909091,0.0,0.09090909090909091,0.1818181818181818,0.09090909090909091,0.0,0.0,0.09090909090909091,0.0,0.09090909090909091,0.0,0.0,0.3454545454545455
0.0,0.0,0.0,0.0,0.0,0.0,0.3333333333333333,0.0,0.0,0.3333333333333333,0.3333333333333333,0.0,0.0,0.0,0.0,0.0,0.0,0.0,0.0,1.6
0.0,0.2,0.0,0.0,0.0,0.0,0.0,0.0,0.0,0.2,0.0,0.0,0.0,0.2,0.2,0.2,0.0,0.0,0.0,0.07999999999999993
0.0,0.0,0.0,0.0,0.0,0.1666666666666667,0.0,0.1666666666666667,0.0,0.1666666666666667,0.0,0.0,0.0,0.0,0.3333333333333333,0.0,0.0,0.0,0.0,-0.4333333333333333
0.0,0.0,0.09090909090909091,0.0,0.0,0.0,0.0,0.0,0.09090909090909091,0.09090909090909091,0.09090909090909091,0.0,0.0,0.0,0.4545454545454545,0.09090909090909091,0.0,0.0,0.0,-0.6545454545454545
0.0,0.0,0.0,0.0,0.0,0.2222222222222222,0.1111111111111111,0.0,0.0,0.2222222222222222,0.0,0.1111111111111111,0.0,0.0,0.0,0.1111111111111111,0.1111111111111111,0.0,0.1111111111111111,-0.911111111111111
0.25,0.0,0.0,0.0,0.0,0.0,0.0,0.0,0.0,0.5,0.0,0.0,0.0,0.0,0.0,0.0,0.0,0.0,0.25,2.375
0.1428571428571428,0.0,0.0,0.0,0.0,0.0,0.1428571428571428,0.0,0.0,0.1428571428571428,0.1428571428571428,0.0,0.0,0.0,0.1428571428571428,0.1428571428571428,0.0,0.0,0.0,0.5999999999999999
0.0,0.0,0.0,0.0,0.0,0.0,0.1428571428571428,0.0,0.0,0.1428571428571428,0.1428571428571428,0.0,0.0,0.0,0.1428571428571428,0.2857142857142857,0.0,0.0,0.0,0.2285714285714285
0.1111111111111111,0.1111111111111111,0.0,0.0,0.0,0.2222222222222222,0.1111111111111111,0.0,0.0,0.1111111111111111,0.2222222222222222,0.0,0.0,0.0,0.0,0.1111111111111111,0.0,0.0,0.0,-0.2111111111111111
0.1111111111111111,0.1111111111111111,0.0,0.0,0.0,0.0,0.2222222222222222,0.0,0.0,0.1111111111111111,0.2222222222222222,0.0,0.0,0.0,0.1111111111111111,0.0,0.0,0.0,0.0,0.08888888888888885
0.2,0.1,0.0,0.0,0.0,0.0,0.2,0.0,0.0,0.1,0.2,0.0,0.0,0.0,0.1,0.0,0.0,0.0,0.0,0.26
0.25,0.08333333333333333,0.08333333333333333,0.0,0.0,0.0,0.1666666666666667,0.0,0.0,0.08333333333333333,0.1666666666666667,0.0,0.0,0.0,0.08333333333333333,0.0,0.0,0.0,0.0,0.075
0.1578947368421053,0.0,0.1052631578947368,0.0,0.0,0.1578947368421053,0.1052631578947368,0.0,0.05263157894736842,0.05263157894736842,0.05263157894736842,0.0,0.0,0.1052631578947368,0.05263157894736842,0.05263157894736842,0.0,0.0,0.1052631578947368,-0.7052631578947368
0.09523809523809523,0.0,0.09523809523809523,0.0,0.04761904761904762,0.3333333333333333,0.09523809523809523,0.0,0.0,0.04761904761904762,0.04761904761904762,0.0,0.0,0.04761904761904762,0.04761904761904762,0.04761904761904762,0.0,0.0,0.09523809523809523,-1.252380952380952
0.05555555555555555,0.05555555555555555,0.2777777777777778,0.1111111111111111,0.0,0.1111111111111111,0.0,0.0,0.0,0.05555555555555555,0.1666666666666667,0.0,0.0,0.0,0.05555555555555555,0.05555555555555555,0.05555555555555555,0.0,0.0,-1.188888888888889
0.05263157894736842,0.05263157894736842,0.3157894736842105,0.1052631578947368,0.0,0.1052631578947368,0.0,0.0,0.0,0.05263157894736842,0.1578947368421053,0.0,0.0,0.0,0.05263157894736842,0.05263157894736842,0.05263157894736842,0.0,0.0,-1.310526315789474
0.0,0.0,0.0,0.0,0.0,0.0,0.0,0.0,0.0,0.5,0.0,0.0,0.0,0.0,0.0,0.0,0.5,0.0,0.0,1.9
0.0,0.0,0.0,0.0,0.0,0.0,0.0,0.0,0.0,0.5,0.25,0.0,0.0,0.0,0.0,0.0,0.0,0.0,0.0,3.2
0.0,0.0,0.0,0.0,0.0,0.0,0.0,0.0,0.0,0.25,0.25,0.0,0.0,0.0,0.0,0.0,0.0,0.0,0.0,2.075
0.0,0.0,0.0,0.0,0.0,0.0,0.0,0.0,0.2,0.2,0.0,0.0,0.0,0.0,0.2,0.0,0.2,0.0,0.2,-0.4600000000000001
0.2,0.0,0.0,0.0,0.0,0.0,0.0,0.4,0.0,0.2,0.0,0.2,0.0,0.0,0.0,0.0,0.0,0.0,0.0,0.32
0.2,0.0,0.0,0.0,0.0,0.0,0.0,0.4,0.0,0.0,0.2,0.2,0.0,0.0,0.0,0.0,0.0,0.0,0.0,0.18
0.0,0.0,0.0,0.0,0.0,0.0,0.0,0.4,0.0,0.2,0.0,0.2,0.0,0.2,0.0,0.0,0.0,0.0,0.0,0.5199999999999999
0.0,0.0,0.0,0.0,0.0,0.0,0.0,0.4,0.0,0.0,0.2,0.2,0.0,0.2,0.0,0.0,0.0,0.0,0.0,0.3799999999999999
0.1666666666666667,0.0,0.0,0.0,0.0,0.0,0.0,0.1666666666666667,0.0,0.0,0.0,0.3333333333333333,0.0,0.0,0.1666666666666667,0.1666666666666667,0.0,0.0,0.0,-1.466666666666667
0.0,0.0,0.0,0.0,0.0,0.1666666666666667,0.0,0.1666666666666667,0.0,0.1666666666666667,0.0,0.1666666666666667,0.0,0.0,0.0,0.0,0.1666666666666667,0.0,0.0,-0.6666666666666666
0.2,0.0,0.0,0.0,0.0,0.0,0.0,0.0,0.2,0.0,0.2,0.2,0.0,0.2,0.0,0.0,0.0,0.0,0.0,0.2599999999999999
0.0,0.0,0.0,0.0,0.0,0.0,0.0,0.2,0.0,0.0,0.0,0.4,0.0,0.0,0.0,0.4,0.0,0.0,0.0,-1.96
0.0,0.0,0.0,0.0,0.0,0.1428571428571428,0.0,0.0,0.0,0.0,0.1428571428571428,0.1428571428571428,0.0,0.2857142857142857,0.2857142857142857,0.0,0.0,0.0,0.0,-0.1714285714285715
0.0,0.1666666666666667,0.0,0.0,0.0,0.0,0.0,0.0,0.0,0.0,0.1666666666666667,0.1666666666666667,0.1666666666666667,0.0,0.1666666666666667,0.0,0.0,0.1666666666666667,0.0,-0.8666666666666667
0.1666666666666667,0.1666666666666667,0.0,0.0,0.0,0.0,0.0,0.0,0.0,0.0,0.0,0.1666666666666667,0.1666666666666667,0.0,0.1666666666666667,0.0,0.0,0.0,0.0,-1.05
0.0,0.0,0.2,0.0,0.0,0.0,0.2,0.0,0.0,0.2,0.2,0.2,0.0,0.0,0.0,0.0,0.0,0.0,0.0,-0.52
0.0,0.0,0.0,0.0,0.0,0.0,0.0,0.2,0.0,0.0,0.2,0.2,0.0,0.0,0.4,0.0,0.0,0.0,0.0,-0.74
0.0,0.0,0.0,0.0,0.0,0.0,0.0,0.0,0.0,0.0,0.25,0.5,0.0,0.0,0.25,0.0,0.0,0.0,0.0,-1.4
0.1764705882352941,0.05882352941176471,0.1176470588235294,0.0,0.0,0.0,0.05882352941176471,0.05882352941176471,0.0,0.0,0.05882352941176471,0.05882352941176471,0.05882352941176471,0.0,0.05882352941176471,0.1176470588235294,0.1176470588235294,0.0,0.0,-0.7529411764705882
0.0,0.0,0.0,0.07142857142857142,0.0,0.07142857142857142,0.0,0.07142857142857142,0.0,0.0,0.1428571428571428,0.07142857142857142,0.07142857142857142,0.0,0.2857142857142857,0.07142857142857142,0.07142857142857142,0.0,0.07142857142857142,-0.7857142857142857
0.0,0.0,0.0,0.0,0.0,0.0,0.0,0.2,0.0,0.0,0.2,0.2,0.0,0.0,0.0,0.0,0.2,0.0,0.2,-0.5
0.0,0.0,0.0,0.0,0.0,0.0,0.0,0.2222222222222222,0.0,0.0,0.0,0.3333333333333333,0.0,0.0,0.2222222222222222,0.0,0.1111111111111111,0.0,0.0,-1.822222222222222
0.0,0.0,0.0,0.0,0.0,0.0,0.0,0.0,0.0,0.0,0.0,0.4,0.2,0.0,0.0,0.2,0.0,0.0,0.2,-1.6
0.0,0.0,0.0,0.0,0.0,0.0,0.2222222222222222,0.0,0.0,0.0,0.0,0.1111111111111111,0.0,0.1111111111111111,0.2222222222222222,0.0,0.1111111111111111,0.0,0.1111111111111111,-1.477777777777778
0.2307692307692308,0.07692307692307693,0.07692307692307693,0.1538461538461539,0.0,0.0,0.07692307692307693,0.0,0.0,0.0,0.07692307692307693,0.0,0.0,0.07692307692307693,0.0,0.0,0.1538461538461539,0.0,0.0,-0.6076923076923078
0.2142857142857143,0.1428571428571428,0.07142857142857142,0.1428571428571428,0.0,0.0,0.07142857142857142,0.0,0.0,0.0,0.07142857142857142,0.0,0.0,0.07142857142857142,0.0,0.0,0.1428571428571428,0.0,0.0,-0.8857142857142858
0.25,0.0,0.0,0.0,0.0,0.0,0.0,0.0,0.0,0.25,0.25,0.0,0.0,0.0,0.25,0.0,0.0,0.0,0.0,2.125
0.2,0.0,0.0,0.2,0.0,0.0,0.0,0.0,0.0,0.0,0.2,0.0,0.0,0.2,0.2,0.0,0.0,0.0,0.0,0.6599999999999999
0.0,0.0,0.0,0.25,0.0,0.0,0.0,0.0,0.0,0.25,0.25,0.0,0.0,0.25,0.0,0.0,0.0,0.0,0.0,1.9
0.0,0.0,0.0,0.2,0.0,0.0,0.0,0.2,0.0,0.0,0.4,0.0,0.0,0.0,0.2,0.0,0.0,0.0,0.0,0.4199999999999999
0.06666666666666667,0.06666666666666667,0.3333333333333333,0.1333333333333333,0.0,0.1333333333333333,0.0,0.0,0.0,0.0,0.1333333333333333,0.0,0.0,0.0,0.06666666666666667,0.0,0.06666666666666667,0.0,0.0,-1.926666666666667
0.0625,0.0625,0.375,0.125,0.0,0.125,0.0,0.0,0.0,0.0,0.125,0.0,0.0,0.0,0.0625,0.0,0.0625,0.0,0.0,-2.025
0.05882352941176471,0.05882352941176471,0.3529411764705883,0.1176470588235294,0.0,0.1176470588235294,0.0,0.0,0.0,0.0,0.1176470588235294,0.0,0.0,0.05882352941176471,0.05882352941176471,0.0,0.05882352941176471,0.0,0.0,-1.741176470588235
0.0,0.0,0.0,0.0,0.0,0.0,0.5,0.0,0.0,0.0,0.5,0.0,0.0,0.0,0.0,0.0,0.0,0.0,0.0,0.1499999999999999
0.0,0.0,0.0,0.0,0.0,0.0,0.0,0.2222222222222222,0.0,0.0,0.1111111111111111,0.3333333333333333,0.0,0.0,0.2222222222222222,0.0,0.0,0.0,0.0,-1.322222222222222
0.25,0.0,0.0,0.0,0.0,0.0,0.0,0.0,0.25,0.0,0.5,0.0,0.0,0.0,0.0,0.0,0.0,0.0,0.0,1.55
0.1111111111111111,0.1111111111111111,0.0,0.0,0.0,0.0,0.0,0.0,0.0,0.0,0.2222222222222222,0.0,0.0,0.3333333333333333,0.1111111111111111,0.0,0.0,0.0,0.0,1.3
0.0,0.0,0.06666666666666667,0.0,0.0,0.1333333333333333,0.0,0.1333333333333333,0.0,0.0,0.2,0.0,0.0,0.1333333333333333,0.06666666666666667,0.2,0.06666666666666667,0.0,0.0,0.06666666666666651
0.2,0.1,0.0,0.0,0.0,0.1,0.1,0.1,0.0,0.0,0.3,0.0,0.0,0.0,0.0,0.1,0.0,0.0,0.0,0.2299999999999998
0.3,0.1,0.0,0.1,0.0,0.1,0.0,0.0,0.0,0.0,0.3,0.0,0.0,0.0,0.0,0.1,0.0,0.0,0.0,0.4499999999999999
0.0,0.1428571428571428,0.1428571428571428,0.0,0.0,0.0,0.1428571428571428,0.1428571428571428,0.0,0.1428571428571428,0.1428571428571428,0.0,0.0,0.0,0.0,0.0,0.0,0.0,0.1428571428571428,-0.7000000000000001
0.0,0.08333333333333333,0.08333333333333333,0.08333333333333333,0.0,0.0,0.0,0.1666666666666667,0.0,0.0,0.25,0.1666666666666667,0.0,0.0,0.1666666666666667,0.0,0.0,0.0,0.0,-0.9916666666666668
0.0,0.1428571428571428,0.1428571428571428,0.1428571428571428,0.0,0.0,0.0,0.0,0.0,0.0,0.1428571428571428,0.0,0.0,0.1428571428571428,0.0,0.1428571428571428,0.0,0.0,0.0,-0.8142857142857143
0.0,0.1111111111111111,0.1111111111111111,0.1111111111111111,0.0,0.0,0.0,0.0,0.0,0.1111111111111111,0.2222222222222222,0.0,0.0,0.1111111111111111,0.0,0.1111111111111111,0.0,0.0,0.0,0.2888888888888889
0.2,0.0,0.0,0.0,0.0,0.2,0.0,0.0,0.0,0.0,0.2,0.0,0.0,0.0,0.0,0.2,0.0,0.0,0.2,-4.440892098500626e-17
0.0,0.0,0.2,0.0,0.0,0.0,0.0,0.0,0.0,0.0,0.2,0.0,0.0,0.2,0.0,0.2,0.2,0.0,0.0,0.32
0.0,0.0,0.0,0.0,0.0,0.0,0.0,0.2,0.0,0.0,0.2,0.0,0.0,0.2,0.0,0.2,0.0,0.0,0.0,1.08
0.0,0.0,0.1428571428571428,0.0,0.0,0.1428571428571428,0.0,0.0,0.0,0.1428571428571428,0.1428571428571428,0.0,0.0,0.1428571428571428,0.1428571428571428,0.0,0.1428571428571428,0.0,0.0,0.2571428571428571
0.1818181818181818,0.0,0.0,0.0,0.0,0.0,0.0,0.09090909090909091,0.1818181818181818,0.09090909090909091,0.1818181818181818,0.0,0.0,0.0,0.09090909090909091,0.0,0.0,0.0,0.0,0.6636363636363636
0.0,0.0,0.0,0.0,0.0,0.0,0.0,0.0,0.0,0.25,0.25,0.0,0.0,0.0,0.0,0.0,0.0,0.0,0.0,2.075
0.0,0.0,0.0,0.5,0.0,0.0,0.0,0.0,0.0,0.0,0.0,0.0,0.5,0.0,0.0,0.0,0.0,0.0,0.0,-0.8
0.0,0.0,0.0,0.3333333333333333,0.0,0.0,0.0,0.0,0.0,0.0,0.3333333333333333,0.0,0.3333333333333333,0.0,0.0,0.0,0.0,0.0,0.0,0.7333333333333333
0.05882352941176471,0.05882352941176471,0.2941176470588235,0.1176470588235294,0.0,0.1176470588235294,0.0,0.0,0.0,0.0,0.05882352941176471,0.0,0.05882352941176471,0.05882352941176471,0.05882352941176471,0.0,0.1176470588235294,0.0,0.0,-1.688235294117647
0.0,0.0,0.0,0.4,0.0,0.0,0.0,0.0,0.2,0.0,0.0,0.0,0.2,0.0,0.0,0.0,0.2,0.0,0.0,-1.8
0.0,0.0,0.0,0.0,0.0,0.0,0.0,0.0,0.2,0.0,0.2,0.2,0.2,0.0,0.2,0.0,0.0,0.0,0.0,-0.6000000000000001
0.0,0.2,0.0,0.2,0.0,0.0,0.0,0.0,0.0,0.0,0.2,0.2,0.2,0.0,0.0,0.0,0.0,0.0,0.0,-1.24
0.0,0.1666666666666667,0.0,0.0,0.0,0.0,0.0,0.0,0.0,0.0,0.0,0.0,0.1666666666666667,0.0,0.0,0.1666666666666667,0.1666666666666667,0.0,0.0,-0.6833333333333332
0.1666666666666667,0.1666666666666667,0.1666666666666667,0.0,0.0,0.0,0.0,0.0,0.0,0.0,0.1666666666666667,0.0,0.0,0.3333333333333333,0.0,0.0,0.0,0.0,0.0,0.5333333333333332
0.0625,0.0625,0.0625,0.0,0.0,0.0,0.0625,0.0625,0.0,0.0,0.125,0.0625,0.0,0.25,0.125,0.0,0.0,0.0,0.0,0.09999999999999992
0.2,0.0,0.2,0.0,0.0,0.0,0.0,0.0,0.0,0.0,0.0,0.0,0.0,0.0,0.2,0.0,0.2,0.0,0.2,-1.06
0.0,0.0,0.2,0.0,0.0,0.0,0.0,0.0,0.0,0.0,0.2,0.0,0.0,0.0,0.4,0.2,0.0,0.0,0.0,-0.74
0.0,0.0,0.25,0.0,0.0,0.0,0.0,0.0,0.0,0.0,0.0,0.0,0.25,0.0,0.25,0.0,0.0,0.0,0.25,-1.125
0.0,0.0,0.2,0.2,0.0,0.4,0.0,0.0,0.0,0.0,0.2,0.0,0.0,0.0,0.0,0.0,0.0,0.0,0.0,-2.04
0.0,0.0,0.25,0.0,0.0,0.0,0.0,0.125,0.0,0.0,0.125,0.0,0.0,0.0,0.25,0.125,0.0,0.0,0.0,-0.9500000000000001
0.0,0.09090909090909091,0.09090909090909091,0.0,0.0,0.0,0.0,0.0,0.0,0.09090909090909091,0.3636363636363636,0.0,0.0,0.0,0.09090909090909091,0.09090909090909091,0.09090909090909091,0.0,0.09090909090909091,0.6636363636363636
0.0,0.0,0.2857142857142857,0.0,0.0,0.0,0.0,0.2857142857142857,0.0,0.0,0.2857142857142857,0.0,0.0,0.0,0.0,0.0,0.1428571428571428,0.0,0.0,-0.1285714285714286
0.1666666666666667,0.0,0.1111111111111111,0.05555555555555555,0.0,0.0,0.0,0.1111111111111111,0.05555555555555555,0.0,0.0,0.0,0.0,0.0,0.1111111111111111,0.1111111111111111,0.0,0.05555555555555555,0.05555555555555555,-0.8944444444444445
0.1111111111111111,0.0,0.0,0.0,0.0,0.0,0.0,0.2222222222222222,0.2222222222222222,0.1111111111111111,0.1111111111111111,0.0,0.0,0.0,0.2222222222222222,0.0,0.0,0.0,0.0,-0.03333333333333341
0.0,0.0,0.0,0.0,0.0,0.0,0.3,0.0,0.0,0.2,0.0,0.0,0.0,0.0,0.3,0.1,0.0,0.0,0.0,-0.7100000000000001
0.0,0.0,0.0,0.0,0.0,0.0,0.0,0.2,0.0,0.0,0.2,0.2,0.0,0.0,0.4,0.0,0.0,0.0,0.0,-0.74
0.0,0.0,0.0,0.125,0.0,0.0,0.0,0.25,0.0,0.0,0.125,0.25,0.0,0.0,0.25,0.0,0.0,0.0,0.0,-1.4375
0.1666666666666667,0.0,0.1666666666666667,0.0,0.0,0.1666666666666667,0.0,0.1666666666666667,0.0,0.0,0.1666666666666667,0.0,0.0,0.0,0.1666666666666667,0.0,0.0,0.0,0.0,-0.5666666666666668
0.2,0.0,0.0,0.0,0.0,0.0,0.0,0.0,0.4,0.2,0.0,0.0,0.0,0.0,0.2,0.0,0.0,0.0,0.0,-0.3400000000000001
0.1,0.0,0.0,0.0,0.0,0.0,0.0,0.0,0.1,0.1,0.1,0.0,0.1,0.1,0.3,0.1,0.0,0.0,0.0,0.5999999999999999
0.0,0.0,0.1111111111111111,0.0,0.0,0.0,0.0,0.0,0.0,0.0,0.1111111111111111,0.0,0.0,0.0,0.5555555555555556,0.1111111111111111,0.0,0.0,0.0,-0.9444444444444444
0.1428571428571428,0.1428571428571428,0.0,0.0,0.0,0.0,0.0,0.0,0.0,0.0,0.1428571428571428,0.0,0.1428571428571428,0.0,0.4285714285714285,0.0,0.0,0.0,0.0,-0.2571428571428573
0.1111111111111111,0.1111111111111111,0.1111111111111111,0.0,0.0,0.0,0.0,0.2222222222222222,0.0,0.0,0.1111111111111111,0.0,0.0,0.0,0.2222222222222222,0.0,0.0,0.0,0.0,-0.7111111111111111
0.0,0.0,0.0,0.0,0.0,0.125,0.0,0.0,0.0,0.0,0.125,0.25,0.125,0.25,0.125,0.0,0.0,0.0,0.0,-0.2000000000000001
0.0,0.0,0.0,0.4,0.0,0.2,0.0,0.0,0.2,0.0,0.0,0.0,0.0,0.0,0.0,0.0,0.2,0.0,0.0,-2.88
0.0,0.0,0.0,0.0,0.0,0.25,0.0,0.125,0.0,0.0,0.25,0.0,0.0,0.0,0.25,0.0,0.0,0.0,0.0,-0.3750000000000001
0.0,0.1666666666666667,0.0,0.1666666666666667,0.0,0.0,0.0,0.0,0.0,0.1666666666666667,0.0,0.0,0.0,0.0,0.1666666666666667,0.1666666666666667,0.0,0.0,0.1666666666666667,-1.2
0.1111111111111111,0.1111111111111111,0.0,0.0,0.0,0.0,0.1111111111111111,0.0,0.0,0.0,0.0,0.0,0.0,0.3333333333333333,0.2222222222222222,0.0,0.0,0.0,0.0,-0.1111111111111113
0.0,0.125,0.0,0.0,0.125,0.0,0.0,0.125,0.0,0.0,0.125,0.125,0.0,0.125,0.125,0.0,0.0,0.0,0.0,-0.1625
0.0,0.2222222222222222,0.0,0.0,0.0,0.0,0.0,0.1111111111111111,0.0,0.0,0.3333333333333333,0.1111111111111111,0.0,0.0,0.2222222222222222,0.0,0.0,0.0,0.0,-0.5666666666666669
0.0,0.1666666666666667,0.1666666666666667,0.0,0.0,0.0,0.0,0.0,0.0,0.1666666666666667,0.0,0.0,0.0,0.0,0.1666666666666667,0.1666666666666667,0.0,0.0,0.1666666666666667,-1.2
0.0,0.2,0.0,0.0,0.0,0.0,0.0,0.2,0.0,0.0,0.2,0.0,0.0,0.0,0.4,0.0,0.0,0.0,0.0,-0.8600000000000001
0.0,0.08333333333333333,0.08333333333333333,0.1666666666666667,0.0,0.0,0.0,0.1666666666666667,0.0,0.08333333333333333,0.08333333333333333,0.1666666666666667,0.0,0.0,0.1666666666666667,0.0,0.0,0.0,0.0,-1.541666666666667
0.0,0.25,0.0,0.0,0.0,0.0,0.0,0.0,0.0,0.0,0.0,0.5,0.0,0.0,0.0,0.25,0.0,0.0,0.0,-3.275
0.0,0.2,0.2,0.0,0.0,0.0,0.0,0.0,0.0,0.0,0.4,0.0,0.0,0.0,0.0,0.0,0.2,0.0,0.0,-0.2200000000000001
0.0,0.125,0.125,0.125,0.0,0.0,0.0,0.0,0.0,0.125,0.125,0.0,0.0,0.125,0.0,0.125,0.0,0.0,0.0,-0.15
0.3333333333333333,0.0,0.0,0.0,0.0,0.0,0.0,0.08333333333333333,0.1666666666666667,0.08333333333333333,0.08333333333333333,0.0,0.0,0.0,0.1666666666666667,0.08333333333333333,0.0,0.0,0.0,0.3916666666666666
0.2857142857142857,0.1428571428571428,0.0,0.0,0.0,0.0,0.1428571428571428,0.1428571428571428,0.0,0.0,0.1428571428571428,0.0,0.0,0.0,0.0,0.1428571428571428,0.0,0.0,0.0,-0.2571428571428572
0.2727272727272727,0.09090909090909091,0.0,0.09090909090909091,0.0,0.0,0.09090909090909091,0.09090909090909091,0.0,0.0,0.09090909090909091,0.0,0.0,0.0,0.0,0.1818181818181818,0.0,0.0,0.09090909090909091,-0.509090909090909
0.0,0.1333333333333333,0.0,0.0,0.0,0.06666666666666667,0.1333333333333333,0.06666666666666667,0.0,0.0,0.3333333333333333,0.06666666666666667,0.0,0.0,0.0,0.06666666666666667,0.0,0.0,0.1333333333333333,-0.5466666666666666
0.25,0.0,0.0,0.0,0.0,0.0,0.0,0.25,0.0,0.0,0.0,0.0,0.25,0.0,0.0,0.25,0.0,0.0,0.0,0.625
0.0,0.0,0.0,0.0,0.0,0.0,0.1111111111111111,0.1111111111111111,0.1111111111111111,0.0,0.1111111111111111,0.1111111111111111,0.0,0.1111111111111111,0.2222222222222222,0.1111111111111111,0.0,0.0,0.0,-0.9333333333333333
0.0,0.0,0.0,0.0,0.0,0.0,0.0,0.2,0.0,0.0,0.0,0.0,0.0,0.0,0.0,0.6,0.0,0.0,0.2,-0.8200000000000001
0.0,0.0,0.0,0.0,0.125,0.125,0.0,0.0,0.125,0.0,0.0,0.0,0.0,0.125,0.0,0.125,0.0,0.0,0.375,-0.7625000000000001
0.0,0.0,0.0,0.1428571428571428,0.0,0.0,0.0,0.07142857142857142,0.07142857142857142,0.0,0.1428571428571428,0.0,0.0,0.07142857142857142,0.1428571428571428,0.2142857142857143,0.07142857142857142,0.0,0.0,-0.4642857142857144
0.0,0.0,0.0,0.0,0.0,0.0,0.0,0.0,0.0,0.0,0.0,0.0,0.0,0.0,0.0,0.5,0.0,0.5,0.0,-0.8500000000000001
0.2,0.0,0.0,0.2,0.2,0.0,0.0,0.0,0.0,0.0,0.0,0.2,0.0,0.0,0.0,0.0,0.2,0.0,0.0,-0.76
0.0,0.0,0.07142857142857142,0.0,0.0,0.0,0.07142857142857142,0.0,0.07142857142857142,0.0,0.2857142857142857,0.0,0.0,0.07142857142857142,0.1428571428571428,0.07142857142857142,0.07142857142857142,0.0,0.0,0.2214285714285713
0.2,0.0,0.0,0.0,0.0,0.0,0.0,0.0,0.0,0.0,0.4,0.0,0.0,0.0,0.2,0.0,0.2,0.0,0.0,1.42
0.0,0.0,0.0,0.125,0.0,0.25,0.0,0.0,0.0,0.0,0.25,0.0,0.0,0.0,0.125,0.0,0.25,0.0,0.0,-0.7375
0.0,0.07692307692307693,0.0,0.07692307692307693,0.0,0.07692307692307693,0.0,0.0,0.0,0.07692307692307693,0.0,0.07692307692307693,0.07692307692307693,0.0,0.2307692307692308,0.0,0.07692307692307693,0.0,0.07692307692307693,-1.215384615384616
0.125,0.0,0.125,0.0,0.0,0.0,0.0,0.125,0.125,0.125,0.0,0.125,0.0,0.0,0.0,0.0,0.0,0.0,0.0,-0.5875
0.25,0.0,0.0,0.0,0.0,0.0,0.0,0.0,0.0,0.25,0.0,0.0,0.0,0.0,0.25,0.0,0.0,0.0,0.0,1.175
0.1052631578947368,0.05263157894736842,0.2631578947368421,0.1052631578947368,0.0,0.1052631578947368,0.0,0.0,0.0,0.0,0.1052631578947368,0.0,0.05263157894736842,0.0,0.05263157894736842,0.0,0.1052631578947368,0.0,0.0,-1.363157894736842
0.1,0.05,0.25,0.1,0.0,0.1,0.0,0.0,0.0,0.0,0.1,0.0,0.05,0.05,0.05,0.0,0.1,0.0,0.0,-1.155
0.0,0.0,0.0,0.1666666666666667,0.0,0.0,0.0,0.1666666666666667,0.0,0.0,0.3333333333333333,0.0,0.0,0.0,0.1666666666666667,0.0,0.0,0.0,0.0,0.3499999999999999
0.0,0.1428571428571428,0.0,0.1428571428571428,0.0,0.0,0.0,0.1428571428571428,0.0,0.0,0.2857142857142857,0.0,0.0,0.0,0.1428571428571428,0.0,0.0,0.0,0.0,-0.3428571428571429
0.0,0.0,0.0,0.0,0.0,0.0,0.1666666666666667,0.3333333333333333,0.0,0.0,0.1666666666666667,0.0,0.0,0.0,0.0,0.1666666666666667,0.0,0.0,0.0,-0.2166666666666667
0.0,0.0,0.2,0.0,0.0,0.0,0.0,0.2,0.0,0.0,0.0,0.2,0.0,0.0,0.0,0.0,0.2,0.0,0.0,-1.7
0.0,0.0,0.0,0.0,0.0,0.0,0.0,0.0,0.0,0.0,0.0,0.2,0.2,0.2,0.0,0.0,0.2,0.0,0.0,0.01999999999999997
0.0,0.0,0.0,0.0,0.0,0.0,0.0,0.0,0.0,0.25,0.25,0.0,0.0,0.0,0.0,0.0,0.0,0.0,0.0,2.075
0.0,0.0,0.0,0.0,0.0,0.0,0.2,0.1,0.0,0.1,0.1,0.0,0.0,0.0,0.1,0.2,0.0,0.0,0.0,-0.23
0.0,0.0,0.0,0.0,0.0,0.0,0.0,0.0,0.4,0.2,0.0,0.0,0.0,0.0,0.2,0.0,0.0,0.0,0.0,-0.7000000000000001
0.0,0.07692307692307693,0.1538461538461539,0.07692307692307693,0.0,0.0,0.0,0.0,0.0,0.1538461538461539,0.1538461538461539,0.0,0.0,0.1538461538461539,0.1538461538461539,0.0,0.0,0.0,0.0,0.3076923076923076
0.2,0.0,0.2,0.0,0.0,0.0,0.0,0.0,0.0,0.0,0.0,0.0,0.0,0.0,0.4,0.0,0.0,0.0,0.0,-0.9800000000000001
0.0,0.0,0.0,0.0,0.0,0.0,0.0,0.2,0.0,0.0,0.0,0.2,0.0,0.0,0.4,0.0,0.0,0.0,0.0,-1.5
0.0,0.0,0.0,0.0,0.0,0.1818181818181818,0.0,0.09090909090909091,0.1818181818181818,0.0,0.1818181818181818,0.0,0.0,0.0,0.1818181818181818,0.0,0.0,0.0,0.09090909090909091,-0.9727272727272728
0.0,0.0,0.0,0.0,0.0,0.0,0.0,0.0,0.0,0.5,0.0,0.0,0.0,0.0,0.0,0.25,0.0,0.0,0.0,2.05
0.0,0.0,0.0,0.0,0.0,0.0,0.0,0.0,0.0,0.0,0.0,0.0,0.0,0.0,0.0,0.0,0.5,0.0,0.0,-0.35
0.05263157894736842,0.1052631578947368,0.1052631578947368,0.0,0.05263157894736842,0.1578947368421053,0.1578947368421053,0.1052631578947368,0.0,0.0,0.05263157894736842,0.0,0.0,0.1052631578947368,0.0,0.0,0.05263157894736842,0.0,0.0,-1.305263157894737
0.04545454545454546,0.09090909090909091,0.09090909090909091,0.0,0.0,0.09090909090909091,0.04545454545454546,0.04545454545454546,0.0,0.04545454545454546,0.1818181818181818,0.0,0.0,0.0,0.1363636363636364,0.04545454545454546,0.04545454545454546,0.0,0.04545454545454546,-0.5909090909090909
0.04347826086956522,0.08695652173913043,0.08695652173913043,0.0,0.0,0.08695652173913043,0.04347826086956522,0.04347826086956522,0.0,0.04347826086956522,0.2173913043478261,0.0,0.0,0.0,0.1304347826086956,0.04347826086956522,0.04347826086956522,0.0,0.04347826086956522,-0.4
0.0,0.125,0.0,0.0,0.0,0.0,0.0,0.0,0.0,0.125,0.125,0.0,0.0,0.0,0.125,0.25,0.0,0.0,0.0,0.07499999999999996
0.0,0.2,0.0,0.0,0.0,0.0,0.0,0.0,0.0,0.0,0.2,0.0,0.0,0.2,0.2,0.0,0.0,0.2,0.0,-0.0800000000000001
0.0,0.0,0.0,0.0,0.2,0.2,0.0,0.0,0.0,0.0,0.0,0.0,0.0,0.2,0.0,0.0,0.0,0.0,0.4,-0.1600000000000001
0.0,0.2,0.2,0.0,0.0,0.2,0.0,0.0,0.0,0.0,0.2,0.0,0.0,0.0,0.0,0.0,0.0,0.0,0.2,-1.8
0.0,0.0,0.1666666666666667,0.0,0.0,0.1666666666666667,0.0,0.0,0.0,0.0,0.0,0.1666666666666667,0.0,0.0,0.1666666666666667,0.0,0.0,0.0,0.1666666666666667,-2.3
0.25,0.0,0.0,0.0,0.0,0.0,0.0,0.0,0.0,0.0,0.0,0.0,0.0,0.0,0.0,0.0,0.25,0.0,0.25,-0.04999999999999999
0.0,0.0,0.0,0.0,0.0,0.0,0.0,0.0,0.0,0.0,0.0,0.25,0.0,0.0,0.0,0.0,0.0,0.25,0.25,-1.525
0.1111111111111111,0.0,0.0,0.0,0.0,0.2222222222222222,0.0,0.0,0.0,0.0,0.1111111111111111,0.1111111111111111,0.0,0.0,0.1111111111111111,0.0,0.0,0.0,0.2222222222222222,-1.055555555555556
0.0,0.0,0.0,0.0,0.0,0.3333333333333333,0.0,0.3333333333333333,0.0,0.0,0.0,0.0,0.0,0.0,0.0,0.0,0.0,0.0,0.3333333333333333,-1.733333333333333
0.0,0.0,0.0,0.0,0.0,0.0,0.0,0.0,0.0,0.3333333333333333,0.0,0.0,0.0,0.0,0.3333333333333333,0.0,0.3333333333333333,0.0,0.0,0.7333333333333334
0.0,0.0,0.1666666666666667,0.3333333333333333,0.0,0.0,0.0,0.0,0.0,0.3333333333333333,0.0,0.0,0.0,0.0,0.0,0.0,0.1666666666666667,0.0,0.0,-0.3666666666666667
0.0,0.0,0.1666666666666667,0.3333333333333333,0.0,0.0,0.0,0.0,0.0,0.0,0.3333333333333333,0.0,0.0,0.0,0.0,0.0,0.1666666666666667,0.0,0.0,-0.6000000000000001
0.0,0.0,0.0,0.0,0.0,0.2,0.0,0.0,0.0,0.0,0.0,0.0,0.0,0.0,0.0,0.2,0.4,0.0,0.2,-1.4
0.2,0.0,0.4,0.0,0.0,0.0,0.0,0.0,0.0,0.2,0.0,0.0,0.0,0.0,0.0,0.0,0.0,0.2,0.0,-0.32
0.2,0.0,0.4,0.0,0.0,0.0,0.0,0.0,0.0,0.0,0.2,0.0,0.0,0.0,0.0,0.0,0.0,0.2,0.0,-0.4600000000000001
0.25,0.0,0.0,0.0,0.0,0.25,0.0,0.0,0.0,0.0,0.0,0.0,0.25,0.0,0.0,0.25,0.0,0.0,0.0,-0.15
0.0,0.2,0.0,0.2,0.0,0.0,0.0,0.0,0.0,0.0,0.2,0.2,0.0,0.0,0.0,0.0,0.0,0.0,0.2,-1.88
0.125,0.0,0.0,0.0,0.0,0.0,0.0,0.125,0.0,0.0,0.25,0.125,0.0,0.125,0.125,0.0,0.125,0.0,0.0,0.7
0.0,0.1666666666666667,0.0,0.0,0.0,0.0,0.0,0.0,0.0,0.0,0.3333333333333333,0.0,0.0,0.1666666666666667,0.1666666666666667,0.0,0.0,0.0,0.0,0.7166666666666665
0.0,0.2,0.0,0.0,0.0,0.0,0.0,0.0,0.0,0.0,0.2,0.0,0.0,0.0,0.2,0.0,0.0,0.2,0.2,-0.9
0.0,0.0,0.0,0.0,0.0,0.3,0.0,0.0,0.0,0.0,0.1,0.1,0.0,0.1,0.1,0.0,0.0,0.0,0.3,-1.33
0.0,0.0,0.0,0.0,0.0,0.0,0.0,0.0,0.0,0.0,0.0,0.0,0.0,0.0,0.0,0.5,0.0,0.0,0.5,-1.05
0.0,0.3333333333333333,0.0,0.0,0.0,0.0,0.0,0.0,0.0,0.3333333333333333,0.0,0.0,0.0,0.0,0.0,0.0,0.0,0.0,0.3333333333333333,-0.4333333333333333
0.0,0.1,0.0,0.0,0.0,0.0,0.1,0.1,0.0,0.0,0.3,0.0,0.0,0.0,0.0,0.2,0.0,0.1,0.0,0.04999999999999984
0.1,0.0,0.0,0.0,0.2,0.2,0.1,0.0,0.0,0.0,0.2,0.0,0.0,0.0,0.1,0.1,0.0,0.0,0.0,0.15
0.0,0.0,0.0,0.0,0.0,0.09090909090909091,0.0,0.09090909090909091,0.0,0.09090909090909091,0.09090909090909091,0.0,0.0,0.09090909090909091,0.1818181818181818,0.09090909090909091,0.09090909090909091,0.0,0.09090909090909091,0.109090909090909
0.25,0.0,0.0,0.0,0.0,0.0,0.25,0.0,0.0,0.25,0.0,0.25,0.0,0.0,0.0,0.0,0.0,0.0,0.0,-0.275
0.0,0.0,0.0,0.0,0.0,0.3333333333333333,0.0,0.0,0.0,0.0,0.0,0.0,0.0,0.0,0.0,0.0,0.0,0.0,0.3333333333333333,-1.6
0.0,0.0,0.0,0.0,0.0,0.0,0.0,0.0,0.0,0.6666666666666666,0.0,0.0,0.0,0.0,0.3333333333333333,0.0,0.0,0.0,0.0,2.466666666666667
0.0,0.0,0.0,0.0,0.0,0.0,0.0,0.0,0.0,0.0,0.0,0.0,0.0,0.5,0.0,0.0,0.0,0.5,0.0,0.95
0.0,0.4,0.0,0.0,0.0,0.0,0.2,0.0,0.0,0.0,0.0,0.2,0.0,0.0,0.0,0.0,0.0,0.0,0.2,-3.54
0.0,0.3333333333333333,0.0,0.0,0.0,0.0,0.0,0.0,0.0,0.0,0.0,0.3333333333333333,0.0,0.0,0.0,0.0,0.0,0.0,0.3333333333333333,-3.233333333333333
0.0,0.0,0.0,0.0,0.0,0.2,0.0,0.0,0.0,0.0,0.2,0.0,0.0,0.0,0.4,0.0,0.0,0.0,0.0,-0.5800000000000001
0.0,0.0,0.0,0.0,0.0,0.0,0.0,0.0,0.0,0.3333333333333333,0.0,0.0,0.3333333333333333,0.0,0.3333333333333333,0.0,0.0,0.0,0.0,1.6
0.0,0.1428571428571428,0.0,0.0,0.0,0.0,0.0,0.0,0.0,0.0,0.1428571428571428,0.0,0.0,0.0,0.1428571428571428,0.1428571428571428,0.0,0.0,0.1428571428571428,-0.6285714285714287
0.0,0.0,0.0,0.5,0.0,0.0,0.0,0.0,0.0,0.0,0.0,0.0,0.0,0.0,0.0,0.0,0.0,0.0,0.0,-1.75
0.0,0.1666666666666667,0.0,0.0,0.0,0.0,0.0,0.1666666666666667,0.0,0.0,0.0,0.0,0.0,0.0,0.1666666666666667,0.1666666666666667,0.0,0.0,0.3333333333333333,-1.65
0.0,0.25,0.0,0.0,0.0,0.0,0.25,0.0,0.0,0.0,0.0,0.0,0.0,0.25,0.25,0.0,0.0,0.0,0.0,-1.7
0.0,0.0,0.0,0.3333333333333333,0.0,0.0,0.0,0.0,0.0,0.0,0.0,0.3333333333333333,0.0,0.0,0.0,0.0,0.0,0.0,0.3333333333333333,-2.9
0.0,0.0,0.0,0.0,0.0,0.3333333333333333,0.0,0.0,0.0,0.0,0.0,0.3333333333333333,0.0,0.3333333333333333,0.0,0.0,0.0,0.0,0.0,-1.533333333333333
0.3333333333333333,0.0,0.0,0.0,0.0,0.0,0.0,0.0,0.0,0.0,0.0,0.0,0.0,0.3333333333333333,0.0,0.3333333333333333,0.0,0.0,0.0,1.266666666666667
0.0,0.25,0.0,0.0,0.0,0.0,0.25,0.0,0.0,0.0,0.0,0.25,0.0,0.25,0.0,0.0,0.0,0.0,0.0,-2.275
0.0,0.0,0.0,0.0,0.0,0.0,0.0,0.25,0.0,0.0,0.0,0.0,0.0,0.0,0.25,0.0,0.0,0.0,0.25,-0.8250000000000001
0.0,0.0,0.0,0.0,0.0,0.0,0.0,0.1666666666666667,0.0,0.0,0.0,0.0,0.0,0.1666666666666667,0.1666666666666667,0.0,0.1666666666666667,0.0,0.1666666666666667,-0.2
0.0,0.0,0.04761904761904762,0.09523809523809523,0.0,0.0,0.0,0.09523809523809523,0.0,0.0,0.04761904761904762,0.1428571428571428,0.0,0.0,0.1428571428571428,0.09523809523809523,0.1904761904761905,0.04761904761904762,0.04761904761904762,-1.457142857142857
0.1428571428571428,0.0,0.0,0.0,0.0,0.0,0.0,0.1428571428571428,0.0,0.0,0.0,0.0,0.0,0.1428571428571428,0.1428571428571428,0.0,0.1428571428571428,0.0,0.1428571428571428,0.08571428571428567
0.0,0.1,0.0,0.0,0.0,0.1,0.0,0.0,0.0,0.0,0.0,0.0,0.0,0.1,0.1,0.0,0.2,0.1,0.1,-1.04
0.0625,0.0625,0.0625,0.0,0.0625,0.1875,0.0,0.0625,0.125,0.0625,0.0625,0.0,0.0,0.0,0.0,0.0625,0.1875,0.0,0.0,-0.975
0.0,0.0,0.0,0.09090909090909091,0.09090909090909091,0.0,0.09090909090909091,0.0,0.0,0.0,0.09090909090909091,0.0,0.0,0.1818181818181818,0.09090909090909091,0.09090909090909091,0.0,0.0,0.09090909090909091,0.109090909090909
0.0,0.0,0.1428571428571428,0.0,0.0,0.0,0.1428571428571428,0.0,0.0,0.0,0.1428571428571428,0.0,0.0,0.1428571428571428,0.1428571428571428,0.0,0.0,0.0,0.2857142857142857,-0.6571428571428573
0.2,0.1,0.1,0.0,0.0,0.0,0.0,0.0,0.1,0.0,0.0,0.0,0.0,0.0,0.1,0.2,0.0,0.0,0.1,-1.21
0.2857142857142857,0.0,0.0,0.0,0.0,0.1428571428571428,0.0,0.1428571428571428,0.0,0.0,0.0,0.0,0.0,0.1428571428571428,0.0,0.0,0.0,0.1428571428571428,0.0,0.2285714285714286
0.25,0.0,0.0,0.0,0.0,0.0,0.0,0.375,0.125,0.0,0.0,0.0,0.0,0.0,0.0,0.125,0.0,0.0,0.0,-0.2
0.0,0.0,0.0,0.0,0.0,0.0,0.0,0.0,0.0,0.5,0.0,0.0,0.0,0.0,0.0,0.0,0.0,0.0,0.5,1.6
0.125,0.0,0.25,0.0,0.0,0.0,0.0,0.0,0.0,0.125,0.0,0.0,0.0,0.125,0.125,0.125,0.0,0.125,0.0,-0.15
0.0,0.0,0.0,0.0,0.0,0.0,0.2,0.2,0.0,0.2,0.0,0.0,0.0,0.2,0.0,0.0,0.0,0.0,0.0,0.6799999999999999
0.2,0.2,0.0,0.2,0.0,0.0,0.0,0.0,0.0,0.0,0.0,0.0,0.2,0.0,0.0,0.0,0.0,0.2,0.0,-1.04
0.1428571428571428,0.0,0.0,0.0,0.0,0.0,0.0,0.1428571428571428,0.0,0.0,0.2857142857142857,0.1428571428571428,0.1428571428571428,0.0,0.0,0.0,0.0,0.0,0.1428571428571428,0.8142857142857142
0.2,0.2,0.0,0.2,0.0,0.0,0.0,0.0,0.0,0.0,0.0,0.0,0.0,0.2,0.0,0.0,0.2,0.0,0.0,-0.82
0.3333333333333333,0.0,0.0,0.0,0.0,0.0,0.3333333333333333,0.0,0.0,0.0,0.0,0.0,0.0,0.0,0.0,0.0,0.0,0.0,0.0,-0.5666666666666667
0.0,0.0,0.0,0.0,0.0,0.0,0.0,0.3333333333333333,0.0,0.0,0.0,0.0,0.0,0.0,0.0,0.0,0.0,0.0,0.0,-0.1333333333333333
0.0,0.25,0.0,0.0,0.0,0.0,0.0,0.0,0.0,0.0,0.5,0.0,0.0,0.0,0.25,0.0,0.0,0.0,0.0,0.3749999999999999
0.1666666666666667,0.0,0.0,0.1666666666666667,0.0,0.0,0.1666666666666667,0.0,0.0,0.0,0.1666666666666667,0.0,0.0,0.0,0.0,0.0,0.0,0.0,0.1666666666666667,-0.45
0.0,0.1666666666666667,0.0,0.0,0.0,0.0,0.1666666666666667,0.0,0.0,0.0,0.3333333333333333,0.0,0.0,0.1666666666666667,0.0,0.1666666666666667,0.0,0.0,0.0,0.2666666666666666
0.1,0.0,0.0,0.1,0.1,0.0,0.0,0.3,0.0,0.0,0.1,0.0,0.0,0.0,0.1,0.1,0.1,0.0,0.0,0.02999999999999996
0.0625,0.0,0.0625,0.125,0.0,0.0,0.0,0.125,0.1875,0.0625,0.0,0.0,0.0,0.0625,0.0,0.0625,0.0625,0.0,0.0,-0.83125
0.2222222222222222,0.0,0.0,0.1111111111111111,0.0,0.0,0.0,0.0,0.0,0.0,0.2222222222222222,0.1111111111111111,0.0,0.0,0.0,0.1111111111111111,0.1111111111111111,0.0,0.0,0.2555555555555555
0.1666666666666667,0.0,0.0,0.0,0.0,0.0,0.0,0.0,0.1666666666666667,0.0,0.0,0.1666666666666667,0.0,0.1666666666666667,0.1666666666666667,0.0,0.0,0.1666666666666667,0.0,-0.8333333333333334
0.0,0.0,0.0,0.0,0.0,0.0,0.0,0.25,0.0,0.0,0.0,0.0,0.0,0.5,0.0,0.25,0.0,0.0,0.0,1.1
0.0,0.0,0.0,0.0,0.0,0.25,0.0,0.0,0.0,0.0,0.0,0.0,0.0,0.0,0.25,0.25,0.0,0.25,0.0,-1.7
0.0,0.3333333333333333,0.0,0.0,0.0,0.0,0.0,0.0,0.0,0.0,0.0,0.0,0.0,0.0,0.0,0.0,0.0,0.3333333333333333,0.3333333333333333,-2.233333333333333
0.125,0.0,0.125,0.0,0.0,0.0,0.375,0.0,0.0,0.0,0.0,0.0,0.125,0.0,0.125,0.125,0.0,0.0,0.0,-1.5875
0.0,0.0,0.0,0.4,0.0,0.0,0.0,0.0,0.0,0.0,0.2,0.0,0.0,0.0,0.0,0.0,0.2,0.0,0.2,-1.04
0.3333333333333333,0.3333333333333333,0.0,0.0,0.0,0.0,0.0,0.0,0.0,0.0,0.0,0.0,0.0,0.0,0.0,0.0,0.0,0.3333333333333333,0.0,-1.2
0.0,0.3333333333333333,0.0,0.0,0.0,0.3333333333333333,0.0,0.0,0.0,0.0,0.0,0.0,0.0,0.0,0.0,0.0,0.0,0.3333333333333333,0.0,-2.966666666666667
0.2,0.0,0.0,0.0,0.0,0.0,0.1,0.0,0.0,0.2,0.0,0.2,0.0,0.0,0.1,0.0,0.1,0.0,0.0,-0.09999999999999998
0.2857142857142857,0.0,0.0,0.1428571428571428,0.0,0.0,0.0,0.0,0.0,0.1428571428571428,0.1428571428571428,0.0,0.0,0.0,0.0,0.2857142857142857,0.0,0.0,0.0,0.9714285714285714
0.1666666666666667,0.0,0.0,0.1666666666666667,0.0,0.0,0.0,0.0,0.0,0.1666666666666667,0.1666666666666667,0.0,0.0,0.0,0.0,0.3333333333333333,0.0,0.0,0.0,0.8333333333333334
0.0,0.0,0.0,0.0,0.0,0.0,0.4,0.0,0.0,0.0,0.0,0.0,0.0,0.0,0.0,0.0,0.0,0.0,0.2,-1.66
0.1666666666666667,0.0,0.0,0.0,0.0,0.0,0.0,0.0,0.0,0.0,0.3333333333333333,0.1666666666666667,0.1666666666666667,0.0,0.1666666666666667,0.0,0.0,0.0,0.0,0.9666666666666667
0.0,0.0,0.0,0.0,0.0,0.1666666666666667,0.0,0.0,0.0,0.1666666666666667,0.1666666666666667,0.0,0.0,0.0,0.0,0.0,0.3333333333333333,0.0,0.0,0.5666666666666667
0.1666666666666667,0.0,0.0,0.0,0.0,0.0,0.0,0.0,0.0,0.3333333333333333,0.0,0.0,0.0,0.0,0.0,0.0,0.3333333333333333,0.0,0.0,1.566666666666667
0.2857142857142857,0.0,0.0,0.1428571428571428,0.0,0.1428571428571428,0.0,0.0,0.0,0.0,0.1428571428571428,0.0,0.0,0.0,0.1428571428571428,0.1428571428571428,0.0,0.0,0.0,-0.2857142857142857
0.0,0.0,0.0,0.3333333333333333,0.0,0.0,0.0,0.0,0.0,0.0,0.1666666666666667,0.0,0.0,0.0,0.0,0.0,0.1666666666666667,0.0,0.1666666666666667,-0.8666666666666667
0.0,0.0,0.0,0.2,0.0,0.0,0.0,0.0,0.0,0.0,0.2,0.2,0.0,0.0,0.0,0.0,0.1,0.0,0.2,-1.05
0.0,0.0,0.0,0.2857142857142857,0.0,0.0,0.0,0.0,0.0,0.0,0.0,0.2857142857142857,0.0,0.0,0.0,0.0,0.1428571428571428,0.0,0.2857142857142857,-2.585714285714286
0.0,0.0,0.0,0.0,0.0,0.0,0.1428571428571428,0.1428571428571428,0.0,0.0,0.1428571428571428,0.1428571428571428,0.0,0.0,0.2857142857142857,0.0,0.1428571428571428,0.0,0.0,-1.128571428571429
0.3333333333333333,0.0,0.0,0.0,0.0,0.0,0.0,0.0,0.0,0.0,0.0,0.0,0.0,0.0,0.0,0.0,0.3333333333333333,0.0,0.3333333333333333,-0.06666666666666665
0.3333333333333333,0.0,0.0,0.0,0.0,0.0,0.0,0.0,0.0,0.0,0.0,0.0,0.0,0.3333333333333333,0.0,0.0,0.0,0.0,0.3333333333333333,1.1
0.0,0.0,0.0,0.0,0.5,0.0,0.0,0.0,0.0,0.0,0.0,0.0,0.5,0.0,0.0,0.0,0.0,0.0,0.0,2.2
0.1111111111111111,0.0,0.0,0.0,0.0,0.0,0.0,0.3333333333333333,0.0,0.0,0.0,0.0,0.0,0.0,0.3333333333333333,0.0,0.2222222222222222,0.0,0.0,-0.6222222222222222
0.0,0.0,0.0,0.3333333333333333,0.0,0.0,0.0,0.0,0.0,0.3333333333333333,0.0,0.0,0.0,0.3333333333333333,0.0,0.0,0.0,0.0,0.0,1.266666666666667
0.0,0.0,0.0,0.0,0.0,0.0,0.3333333333333333,0.3333333333333333,0.0,0.0,0.0,0.0,0.0,0.3333333333333333,0.0,0.0,0.0,0.0,0.0,-0.3666666666666667
0.0,0.2222222222222222,0.0,0.1111111111111111,0.0,0.0,0.1111111111111111,0.3333333333333333,0.0,0.0,0.0,0.0,0.0,0.1111111111111111,0.1111111111111111,0.0,0.0,0.0,0.0,-1.777777777777778
0.1111111111111111,0.0,0.0,0.0,0.0,0.0,0.1111111111111111,0.1111111111111111,0.0,0.0,0.3333333333333333,0.1111111111111111,0.0,0.0,0.1111111111111111,0.0,0.0,0.0,0.0,0.4222222222222221
0.0,0.0,0.0,0.0,0.0,0.0,0.0,0.0,0.0,0.0,0.0,0.0,0.0,0.0,0.5,0.5,0.0,0.0,0.0,-1.2
0.0,0.2,0.0,0.2,0.0,0.0,0.0,0.0,0.0,0.0,0.0,0.0,0.0,0.2,0.0,0.0,0.0,0.0,0.2,-1.3
0.0,0.0,0.0,0.0,0.0,0.0,0.0,0.2,0.2,0.0,0.0,0.0,0.0,0.0,0.0,0.0,0.0,0.0,0.0,-0.72
0.0,0.0,0.0,0.0,0.0,0.0,0.3333333333333333,0.0,0.0,0.0,0.0,0.0,0.3333333333333333,0.3333333333333333,0.0,0.0,0.0,0.0,0.0,0.3999999999999999
0.0,0.25,0.0,0.0,0.0,0.0,0.0,0.0,0.0,0.0,0.0,0.0,0.0,0.25,0.0,0.0,0.0,0.25,0.0,-0.65
0.0,0.125,0.0,0.0,0.0,0.125,0.0,0.375,0.0,0.0,0.0,0.0,0.0,0.0,0.375,0.0,0.0,0.0,0.0,-1.75
0.0,0.0,0.25,0.0,0.0,0.0,0.0,0.0,0.0,0.0,0.0,0.0,0.0,0.0,0.0,0.0,0.0,0.75,0.0,-1.55
0.0,0.0,0.0,0.0,0.0,0.0,0.0,0.0,0.0,0.0,0.0,0.0,0.0,0.25,0.0,0.25,0.0,0.5,0.0,0.04999999999999993
0.0,0.25,0.0,0.0,0.0,0.0,0.0,0.0,0.0,0.0,0.0,0.0,0.0,0.5,0.0,0.0,0.0,0.25,0.0,0.04999999999999991
0.0,0.25,0.0,0.0,0.0,0.25,0.0,0.0,0.0,0.0,0.0,0.0,0.0,0.25,0.0,0.0,0.0,0.25,0.0,-1.525
0.0,0.25,0.0,0.0,0.0,0.0,0.0,0.0,0.0,0.0,0.0,0.0,0.0,0.25,0.0,0.0,0.0,0.25,0.0,-0.65
0.0,0.25,0.0,0.25,0.0,0.0,0.0,0.0,0.0,0.0,0.0,0.0,0.0,0.0,0.0,0.0,0.0,0.5,0.0,-2.45
0.0,0.0,0.0,0.0,0.0,0.0,0.0,0.0,0.0,0.0,0.0,0.25,0.0,0.0,0.0,0.0,0.0,0.25,0.5,-1.85
0.0,0.0,0.0,0.25,0.0,0.0,0.0,0.0,0.0,0.0,0.0,0.0,0.0,0.0,0.0,0.0,0.0,0.75,0.0,-1.55
0.0,0.0,0.0,0.0,0.0,0.0,0.0,0.0,0.0,0.0,0.0,0.0,0.0,0.0,0.0,0.0,0.25,0.5,0.25,-0.95
0.0,0.5,0.0,0.0,0.0,0.25,0.0,0.0,0.0,0.0,0.0,0.0,0.0,0.0,0.0,0.0,0.0,0.0,0.25,-3.45
0.0,0.0,0.0,0.0,0.0,0.0,0.0,0.75,0.0,0.0,0.0,0.0,0.0,0.0,0.0,0.25,0.0,0.0,0.0,-0.5
0.0,0.0,0.0,0.0,0.0,0.0,0.0,0.75,0.0,0.0,0.0,0.0,0.0,0.0,0.0,0.25,0.0,0.0,0.0,-0.5
0.0,0.1666666666666667,0.0,0.1666666666666667,0.0,0.0,0.0,0.3333333333333333,0.0,0.0,0.0,0.0,0.0,0.0,0.0,0.0,0.0,0.0,0.3333333333333333,-1.9
0.0,0.125,0.25,0.0,0.0,0.0,0.125,0.125,0.0,0.0,0.0,0.0,0.0,0.125,0.0,0.125,0.0,0.0,0.125,-1.8375
0.3333333333333333,0.3333333333333333,0.0,0.0,0.0,0.0,0.0,0.0,0.0,0.0,0.0,0.0,0.0,0.0,0.0,0.0,0.0,0.0,0.0,-0.9
0.0,0.25,0.25,0.0,0.0,0.0,0.25,0.0,0.0,0.0,0.0,0.0,0.0,0.0,0.0,0.0,0.0,0.0,0.25,-3.2
0.0,0.0,0.0,0.0,0.0,0.0,0.0,0.25,0.0,0.0,0.25,0.0,0.0,0.0,0.25,0.0,0.0,0.0,0.25,0.1249999999999999
0.0,0.0,0.0,0.0,0.0,0.1428571428571428,0.0,0.1428571428571428,0.0,0.0,0.1428571428571428,0.0,0.0,0.0,0.1428571428571428,0.0,0.1428571428571428,0.0,0.1428571428571428,-0.5285714285714286
0.0,0.1666666666666667,0.0,0.0,0.0,0.1666666666666667,0.0,0.1666666666666667,0.0,0.0,0.0,0.0,0.0,0.1666666666666667,0.1666666666666667,0.0,0.0,0.0,0.0,-1.2
0.0,0.0,0.0,0.0,0.0,0.0,0.25,0.25,0.0,0.0,0.25,0.0,0.0,0.0,0.0,0.0,0.0,0.25,0.0,-0.2500000000000001
0.0,0.125,0.0,0.0,0.0,0.25,0.0,0.125,0.0,0.0,0.125,0.0,0.0,0.125,0.125,0.0,0.0,0.0,0.0,-0.8625
0.0,0.0,0.0,0.3333333333333333,0.0,0.0,0.0,0.0,0.0,0.0,0.3333333333333333,0.0,0.0,0.0,0.0,0.0,0.0,0.3333333333333333,0.0,-0.2000000000000001
0.0,0.0,0.2,0.0,0.0,0.0,0.2,0.2,0.0,0.0,0.2,0.0,0.0,0.0,0.0,0.0,0.0,0.2,0.0,-0.9
0.0,0.0,0.0,0.0,0.0,0.1666666666666667,0.0,0.1666666666666667,0.0,0.0,0.3333333333333333,0.1666666666666667,0.0,0.0,0.0,0.0,0.0,0.0,0.1666666666666667,-0.2500000000000001
0.0,0.0,0.0,0.0,0.0,0.0,0.0,0.0,0.0,0.0,0.0,0.0,0.0,0.0,0.6,0.0,0.0,0.2,0.2,-1.4
0.0,0.0,0.0,0.0,0.0,0.3333333333333333,0.0,0.0,0.0,0.0,0.3333333333333333,0.3333333333333333,0.0,0.0,0.0,0.0,0.0,0.0,0.0,-1.2
0.0,0.0,0.0,0.0,0.0,0.0,0.0,0.0,0.0,0.0,0.0,0.0,0.0,0.0,0.6666666666666666,0.0,0.0,0.0,0.3333333333333333,-1.5
0.0,0.2,0.0,0.0,0.0,0.0,0.0,0.0,0.0,0.0,0.4,0.0,0.0,0.0,0.2,0.2,0.0,0.0,0.0,0.1399999999999999
0.0,0.25,0.0,0.0,0.0,0.0,0.0,0.0,0.0,0.0,0.25,0.0,0.0,0.0,0.25,0.0,0.0,0.25,0.0,-0.8
0.0,0.0,0.0,0.1428571428571428,0.0,0.0,0.0,0.0,0.1428571428571428,0.0,0.0,0.1428571428571428,0.0,0.1428571428571428,0.1428571428571428,0.1428571428571428,0.0,0.0,0.0,-1.457142857142857
0.0,0.0,0.0,0.125,0.0,0.0,0.0,0.0,0.125,0.0,0.0,0.125,0.0,0.125,0.125,0.125,0.0,0.0,0.125,-1.4375
0.0,0.0,0.1428571428571428,0.0,0.0,0.0,0.1428571428571428,0.0,0.0,0.0,0.0,0.1428571428571428,0.0,0.2857142857142857,0.1428571428571428,0.0,0.0,0.0,0.0,-0.9857142857142858
0.0,0.2,0.0,0.0,0.0,0.0,0.2,0.0,0.0,0.0,0.0,0.0,0.0,0.0,0.2,0.2,0.0,0.2,0.0,-2.26
0.0,0.2,0.0,0.0,0.0,0.0,0.0,0.0,0.0,0.0,0.2,0.0,0.0,0.2,0.2,0.0,0.0,0.0,0.2,-0.1600000000000001
0.0,0.1666666666666667,0.0,0.1666666666666667,0.0,0.0,0.0,0.0,0.0,0.0,0.5,0.0,0.0,0.0,0.1666666666666667,0.0,0.0,0.0,0.0,0.2999999999999998
0.3333333333333333,0.3333333333333333,0.0,0.0,0.0,0.0,0.0,0.0,0.0,0.0,0.0,0.0,0.0,0.0,0.0,0.0,0.0,0.3333333333333333,0.0,-1.2
0.0,0.0,0.0,0.1428571428571428,0.0,0.1428571428571428,0.0,0.0,0.0,0.0,0.2857142857142857,0.0,0.0,0.1428571428571428,0.2857142857142857,0.0,0.0,0.0,0.0,0.02857142857142847
0.0,0.0,0.0,0.0,0.0,0.0,0.0,0.1428571428571428,0.0,0.0,0.0,0.0,0.0,0.2857142857142857,0.2857142857142857,0.1428571428571428,0.0,0.0,0.0,0.1714285714285713
0.125,0.0,0.0,0.0,0.0,0.125,0.0,0.0,0.0,0.0,0.25,0.0,0.0,0.125,0.25,0.125,0.0,0.0,0.0,0.5874999999999999
0.0,0.1666666666666667,0.0,0.0,0.0,0.0,0.0,0.0,0.0,0.0,0.1666666666666667,0.0,0.0,0.0,0.3333333333333333,0.0,0.0,0.0,0.1666666666666667,-0.8666666666666667
0.0,0.0,0.0,0.0,0.0,0.2,0.0,0.0,0.0,0.0,0.0,0.0,0.0,0.0,0.2,0.0,0.0,0.4,0.2,-1.64
0.2,0.0,0.0,0.0,0.0,0.0,0.0,0.0,0.0,0.0,0.0,0.2,0.0,0.2,0.2,0.0,0.2,0.0,0.0,-0.32
0.2,0.0,0.0,0.0,0.0,0.0,0.0,0.0,0.0,0.0,0.2,0.4,0.0,0.0,0.2,0.0,0.0,0.0,0.0,-0.76
0.4,0.0,0.0,0.0,0.0,0.0,0.0,0.0,0.0,0.0,0.2,0.2,0.0,0.0,0.0,0.0,0.0,0.0,0.0,0.7
0.2,0.0,0.0,0.0,0.0,0.0,0.0,0.0,0.0,0.0,0.0,0.2,0.0,0.0,0.2,0.2,0.0,0.0,0.0,-0.9
0.0,0.0,0.0,0.0,0.0,0.0,0.0,0.0,0.0,0.0,0.25,0.25,0.0,0.0,0.25,0.0,0.0,0.0,0.0,-0.425
0.1666666666666667,0.0,0.0,0.0,0.0,0.1666666666666667,0.0,0.1666666666666667,0.0,0.1666666666666667,0.0,0.1666666666666667,0.0,0.0,0.0,0.0,0.0,0.0,0.0,-0.25
0.0,0.1666666666666667,0.0,0.0,0.0,0.0,0.0,0.1666666666666667,0.0,0.1666666666666667,0.0,0.1666666666666667,0.0,0.1666666666666667,0.0,0.1666666666666667,0.0,0.0,0.0,-0.3833333333333334
0.3333333333333333,0.0,0.0,0.0,0.0,0.0,0.0,0.3333333333333333,0.1666666666666667,0.0,0.0,0.0,0.0,0.0,0.0,0.0,0.0,0.0,0.0,-0.0666666666666667
0.2857142857142857,0.1428571428571428,0.0,0.0,0.0,0.0,0.1428571428571428,0.0,0.0,0.0,0.0,0.1428571428571428,0.0,0.0,0.0,0.1428571428571428,0.1428571428571428,0.0,0.0,-1.4
0.0,0.2,0.0,0.0,0.0,0.0,0.0,0.2,0.0,0.0,0.2,0.0,0.0,0.0,0.4,0.0,0.0,0.0,0.0,-0.8600000000000001
0.0,0.0,0.0,0.3333333333333333,0.0,0.0,0.0,0.0,0.0,0.0,0.3333333333333333,0.0,0.0,0.0,0.0,0.0,0.0,0.3333333333333333,0.0,-0.2000000000000001
0.0,0.0,0.0,0.25,0.0,0.0,0.0,0.0,0.0,0.0,0.0,0.0,0.0,0.5,0.0,0.0,0.25,0.0,0.0,0.3499999999999999
0.0,0.0,0.0,0.3333333333333333,0.0,0.0,0.0,0.0,0.0,0.3333333333333333,0.0,0.0,0.0,0.0,0.0,0.0,0.0,0.3333333333333333,0.0,0.03333333333333333
0.0,0.0,0.0,0.2,0.0,0.0,0.0,0.4,0.0,0.2,0.2,0.0,0.0,0.0,0.0,0.0,0.0,0.0,0.0,0.8
0.4,0.0,0.0,0.2,0.0,0.0,0.0,0.0,0.0,0.0,0.2,0.0,0.0,0.2,0.0,0.0,0.0,0.0,0.0,1.34
0.0,0.0,0.0,0.25,0.0,0.0,0.0,0.0,0.0,0.0,0.25,0.0,0.0,0.0,0.0,0.0,0.0,0.0,0.5,-0.5750000000000001
0.0,0.1111111111111111,0.0,0.0,0.0,0.1111111111111111,0.0,0.1111111111111111,0.0,0.2222222222222222,0.2222222222222222,0.0,0.0,0.1111111111111111,0.0,0.0,0.0,0.0,0.0,1.222222222222222
0.0,0.3333333333333333,0.0,0.0,0.0,0.0,0.0,0.3333333333333333,0.0,0.0,0.0,0.0,0.0,0.3333333333333333,0.0,0.0,0.0,0.0,0.0,-0.7000000000000001
0.0,0.3333333333333333,0.0,0.0,0.0,0.3333333333333333,0.0,0.0,0.0,0.0,0.3333333333333333,0.0,0.0,0.0,0.0,0.0,0.0,0.0,0.0,-1.4
0.0,0.0,0.0,0.0,0.0,0.0,0.0,0.2,0.0,0.4,0.0,0.0,0.0,0.2,0.0,0.0,0.0,0.0,0.0,2.28
0.0,0.1666666666666667,0.0,0.0,0.0,0.0,0.0,0.0,0.0,0.1666666666666667,0.0,0.1666666666666667,0.0,0.0,0.0,0.0,0.1666666666666667,0.0,0.1666666666666667,-0.9833333333333334
0.0,0.0,0.0,0.0,0.0,0.6,0.0,0.0,0.0,0.0,0.4,0.0,0.0,0.0,0.0,0.0,0.0,0.0,0.0,-0.5800000000000001
0.0,0.0,0.1,0.0,0.0,0.0,0.0,0.1,0.0,0.1,0.0,0.0,0.0,0.1,0.4,0.0,0.0,0.0,0.1,-0.43
0.1,0.1,0.0,0.0,0.0,0.0,0.0,0.1,0.0,0.1,0.0,0.0,0.1,0.1,0.1,0.1,0.0,0.0,0.0,0.37
0.0,0.0,0.0,0.0,0.0,0.0,0.0,0.1666666666666667,0.0,0.1666666666666667,0.0,0.1666666666666667,0.0,0.0,0.1666666666666667,0.0,0.1666666666666667,0.0,0.0,-0.35
0.25,0.0,0.0,0.0,0.0,0.0,0.0,0.0,0.0,0.0,0.25,0.0,0.0,0.25,0.25,0.0,0.0,0.0,0.0,1.7
0.3333333333333333,0.0,0.3333333333333333,0.0,0.0,0.0,0.0,0.0,0.0,0.0,0.0,0.0,0.3333333333333333,0.0,0.0,0.0,0.0,0.0,0.0,0.06666666666666665
0.0,0.0,0.0,0.0,0.3333333333333333,0.0,0.0,0.0,0.0,0.0,0.0,0.3333333333333333,0.3333333333333333,0.0,0.0,0.0,0.0,0.0,0.0,0.1666666666666667
0.0,0.3333333333333333,0.0,0.0,0.0,0.0,0.0,0.3333333333333333,0.0,0.0,0.0,0.0,0.0,0.0,0.0,0.0,0.0,0.3333333333333333,0.0,-1.933333333333333
0.3333333333333333,0.0,0.0,0.0,0.0,0.0,0.0,0.0,0.0,0.0,0.0,0.3333333333333333,0.0,0.0,0.0,0.0,0.0,0.3333333333333333,0.0,-1.0
0.0,0.0,0.0,0.0,0.0,0.3333333333333333,0.0,0.0,0.0,0.0,0.0,0.3333333333333333,0.0,0.0,0.0,0.0,0.0,0.3333333333333333,0.0,-2.766666666666667
0.0,0.0,0.0,0.0,0.0,0.0,0.0,0.3333333333333333,0.0,0.0,0.0,0.3333333333333333,0.0,0.0,0.0,0.0,0.0,0.3333333333333333,0.0,-1.733333333333333
0.3333333333333333,0.0,0.0,0.3333333333333333,0.0,0.0,0.0,0.0,0.0,0.0,0.0,0.0,0.0,0.0,0.0,0.0,0.0,0.3333333333333333,0.0,-0.8666666666666667
0.0,0.1,0.0,0.1,0.0,0.1,0.0,0.3,0.0,0.0,0.1,0.0,0.0,0.3,0.0,0.0,0.0,0.0,0.0,-0.05000000000000018
0.0,0.0,0.0,0.0,0.0,0.0,0.0,0.0,0.0,0.0,0.1666666666666667,0.0,0.0,0.1666666666666667,0.3333333333333333,0.0,0.0,0.0,0.3333333333333333,0.1333333333333332
0.0,0.0,0.0,0.0,0.0,0.1,0.0,0.0,0.0,0.0,0.1,0.0,0.0,0.1,0.6,0.1,0.0,0.0,0.0,-0.7300000000000002
0.1111111111111111,0.0,0.0,0.0,0.0,0.0,0.1111111111111111,0.1111111111111111,0.0,0.0,0.0,0.1111111111111111,0.0,0.2222222222222222,0.2222222222222222,0.0,0.0,0.0,0.0,-0.4000000000000001
0.2,0.1,0.2,0.0,0.0,0.0,0.1,0.0,0.0,0.0,0.1,0.1,0.0,0.0,0.2,0.0,0.0,0.0,0.0,-1.47
0.0,0.0,0.0,0.0,0.0,0.0,0.0,0.3333333333333333,0.0,0.3333333333333333,0.0,0.0,0.0,0.0,0.0,0.0,0.0,0.0,0.0,1.366666666666666
0.09090909090909091,0.0,0.1818181818181818,0.09090909090909091,0.0,0.09090909090909091,0.0,0.0,0.1818181818181818,0.0,0.09090909090909091,0.0,0.0,0.09090909090909091,0.09090909090909091,0.09090909090909091,0.0,0.0,0.0,-1.309090909090909
0.2,0.1,0.0,0.0,0.0,0.1,0.0,0.0,0.0,0.0,0.1,0.0,0.0,0.0,0.1,0.1,0.0,0.0,0.1,-0.43
0.1666666666666667,0.0,0.0,0.0,0.0,0.0,0.0,0.3333333333333333,0.0,0.0,0.3333333333333333,0.0,0.0,0.0,0.1666666666666667,0.0,0.0,0.0,0.0,1.166666666666667
0.2,0.0,0.2,0.0,0.0,0.0,0.0,0.2,0.0,0.0,0.0,0.2,0.0,0.0,0.2,0.0,0.0,0.0,0.0,-1.52
0.1666666666666667,0.0,0.0,0.1666666666666667,0.0,0.0,0.0,0.0,0.0,0.0,0.0,0.0,0.0,0.1666666666666667,0.3333333333333333,0.0,0.0,0.0,0.0,-0.3500000000000001
0.0,0.1666666666666667,0.0,0.1666666666666667,0.0,0.0,0.0,0.0,0.0,0.0,0.0,0.0,0.0,0.1666666666666667,0.1666666666666667,0.0,0.0,0.0,0.3333333333333333,-1.566666666666667
0.0,0.1666666666666667,0.0,0.3333333333333333,0.0,0.0,0.0,0.0,0.1666666666666667,0.0,0.0,0.0,0.0,0.3333333333333333,0.0,0.0,0.0,0.0,0.0,-1.516666666666667
0.0,0.0,0.0,0.0,0.0,0.0,0.1428571428571428,0.1428571428571428,0.0,0.0,0.0,0.2857142857142857,0.0,0.1428571428571428,0.1428571428571428,0.0,0.0,0.1428571428571428,0.0,-1.628571428571429
0.125,0.0,0.0,0.25,0.0,0.0,0.0625,0.25,0.0,0.0625,0.0625,0.125,0.0,0.0,0.0,0.0,0.0625,0.0,0.0,-0.98125
0.2,0.0,0.0,0.0,0.0,0.2,0.06666666666666667,0.1333333333333333,0.0,0.06666666666666667,0.0,0.06666666666666667,0.0,0.0,0.06666666666666667,0.06666666666666667,0.1333333333333333,0.0,0.0,-0.84
0.0,0.0,0.0,0.0,0.2,0.0,0.0,0.2,0.4,0.0,0.0,0.0,0.0,0.0,0.0,0.0,0.0,0.0,0.2,-1.12
0.0,0.2,0.0,0.0,0.0,0.2,0.0,0.0,0.0,0.0,0.2,0.0,0.0,0.0,0.2,0.0,0.0,0.0,0.2,-1.42
0.0,0.1666666666666667,0.1666666666666667,0.0,0.0,0.0,0.0,0.1666666666666667,0.0,0.1666666666666667,0.1666666666666667,0.0,0.0,0.0,0.1666666666666667,0.0,0.0,0.0,0.0,-0.2833333333333334
0.1428571428571428,0.0,0.1428571428571428,0.0,0.0,0.0,0.0,0.0,0.1428571428571428,0.1428571428571428,0.1428571428571428,0.0,0.0,0.0,0.1428571428571428,0.0,0.0,0.0,0.1428571428571428,0.07142857142857137
0.0,0.2,0.0,0.0,0.0,0.0,0.0,0.0,0.0,0.0,0.2,0.0,0.0,0.0,0.2,0.2,0.0,0.0,0.2,-0.8800000000000001
0.3333333333333333,0.1111111111111111,0.0,0.1111111111111111,0.0,0.0,0.0,0.2222222222222222,0.0,0.0,0.0,0.0,0.0,0.1111111111111111,0.1111111111111111,0.0,0.0,0.0,0.0,-0.2444444444444445
0.0,0.125,0.125,0.125,0.0,0.0,0.0,0.0,0.0,0.0,0.125,0.0,0.0,0.125,0.25,0.125,0.0,0.0,0.0,-1.1125
0.0,0.3333333333333333,0.0,0.0,0.0,0.0,0.0,0.3333333333333333,0.0,0.0,0.0,0.0,0.3333333333333333,0.0,0.0,0.0,0.0,0.0,0.0,-1.0
0.0,0.0,0.0,0.25,0.25,0.0,0.0,0.0,0.25,0.0,0.0,0.0,0.0,0.25,0.0,0.0,0.0,0.0,0.0,-0.3500000000000001
0.0,0.0,0.0,0.2,0.0,0.0,0.0,0.0,0.0,0.0,0.1,0.0,0.0,0.1,0.2,0.2,0.1,0.1,0.0,-0.68
0.0,0.1,0.0,0.1,0.0,0.2,0.3,0.0,0.0,0.0,0.0,0.0,0.0,0.2,0.1,0.0,0.0,0.0,0.0,-2.15
0.08333333333333333,0.0,0.0,0.0,0.0,0.1666666666666667,0.0,0.0,0.0,0.0,0.0,0.0,0.0,0.1666666666666667,0.3333333333333333,0.0,0.0,0.0,0.0,-0.5000000000000001
0.0,0.0,0.0,0.125,0.0,0.0,0.0,0.0,0.0,0.0,0.125,0.0,0.0,0.125,0.25,0.25,0.125,0.0,0.0,-0.3
0.0,0.0,0.0,0.0,0.0,0.0,0.0,0.0,0.0,0.0,0.5714285714285714,0.1428571428571428,0.0,0.0,0.2857142857142857,0.0,0.0,0.0,0.0,1.157142857142857
0.0,0.0,0.1428571428571428,0.0,0.0,0.0,0.1428571428571428,0.0,0.0,0.2857142857142857,0.0,0.0,0.0,0.0,0.1428571428571428,0.0,0.0,0.0,0.1428571428571428,-0.1285714285714286
0.0,0.0,0.0,0.0,0.0,0.0,0.0,0.0,0.0,0.1111111111111111,0.1111111111111111,0.0,0.1111111111111111,0.0,0.4444444444444444,0.0,0.1111111111111111,0.0,0.0,0.3444444444444444
0.0,0.0,0.0,0.0,0.0,0.0,0.0,0.0,0.0,0.0,0.5,0.0,0.0,0.0,0.0,0.0,0.25,0.0,0.0,1.725
0.0,0.0,0.0,0.0,0.0,0.0,0.0,0.25,0.0,0.0,0.25,0.0,0.0,0.0,0.5,0.0,0.0,0.0,0.0,0.04999999999999991
0.1666666666666667,0.0,0.0,0.0,0.0,0.0,0.0,0.1666666666666667,0.0,0.0,0.0,0.0,0.0,0.1666666666666667,0.1666666666666667,0.1666666666666667,0.1666666666666667,0.0,0.0,0.1833333333333333
0.0,0.1428571428571428,0.0,0.0,0.0,0.0,0.1428571428571428,0.0,0.0,0.0,0.1428571428571428,0.0,0.0,0.0,0.1428571428571428,0.2857142857142857,0.0,0.1428571428571428,0.0,-1.185714285714286
0.0,0.2,0.0,0.0,0.0,0.0,0.0,0.2,0.0,0.0,0.0,0.0,0.0,0.4,0.2,0.0,0.0,0.0,0.0,-0.1800000000000001
0.0,0.0,0.0,0.0,0.0,0.0,0.2,0.2,0.0,0.0,0.0,0.2,0.0,0.0,0.2,0.2,0.0,0.0,0.0,-2.04
0.0,0.0,0.0,0.2,0.0,0.0,0.0,0.2,0.0,0.0,0.0,0.0,0.0,0.2,0.2,0.0,0.0,0.0,0.2,-0.8
0.0,0.0,0.0,0.0,0.0,0.0,0.0,0.2,0.0,0.0,0.0,0.0,0.0,0.0,0.4,0.2,0.0,0.2,0.0,-1.06
0.125,0.0,0.0,0.0,0.0,0.125,0.125,0.0,0.0,0.125,0.0,0.0,0.0,0.0,0.25,0.0,0.0,0.0,0.125,-0.65
0.0,0.2,0.0,0.0,0.0,0.0,0.2,0.0,0.0,0.2,0.2,0.0,0.0,0.0,0.0,0.0,0.2,0.0,0.0,-0.08000000000000003
0.0,0.0,0.0,0.0,0.0,0.0,0.125,0.125,0.0,0.0,0.0,0.125,0.0,0.0,0.5,0.0,0.0,0.0,0.0,-1.775
0.0,0.1666666666666667,0.0,0.1666666666666667,0.0,0.0,0.0,0.0,0.0,0.0,0.1666666666666667,0.0,0.0,0.0,0.1666666666666667,0.0,0.1666666666666667,0.0,0.0,-1.083333333333333
0.1111111111111111,0.0,0.2222222222222222,0.0,0.0,0.0,0.1111111111111111,0.1111111111111111,0.0,0.2222222222222222,0.1111111111111111,0.1111111111111111,0.0,0.0,0.0,0.0,0.0,0.0,0.0,-0.02222222222222223
0.0,0.1666666666666667,0.0,0.1666666666666667,0.0,0.0,0.0,0.0,0.0,0.0,0.0,0.1666666666666667,0.0,0.1666666666666667,0.3333333333333333,0.0,0.0,0.0,0.0,-2.05
0.0,0.0,0.0,0.0,0.0,0.0,0.0,0.125,0.125,0.0,0.0,0.0,0.0,0.125,0.375,0.0,0.0,0.0,0.0,-0.7000000000000002
0.0,0.1428571428571428,0.0,0.1428571428571428,0.0,0.0,0.0,0.0,0.0,0.0,0.0,0.0,0.0,0.1428571428571428,0.2857142857142857,0.0,0.1428571428571428,0.0,0.1428571428571428,-1.485714285714286
0.1666666666666667,0.0,0.0,0.0,0.0,0.0,0.0,0.0,0.0,0.0,0.0,0.1666666666666667,0.0,0.0,0.3333333333333333,0.1666666666666667,0.0,0.0,0.0,-1.016666666666667
0.0,0.25,0.0,0.0,0.0,0.0,0.0,0.25,0.0,0.25,0.0,0.0,0.0,0.25,0.0,0.0,0.0,0.0,0.0,0.6
0.0,0.25,0.0,0.0,0.0,0.0,0.0,0.0,0.0,0.25,0.25,0.0,0.0,0.25,0.0,0.0,0.0,0.0,0.0,1.65
0.0,0.25,0.0,0.0,0.0,0.25,0.0,0.0,0.0,0.0,0.25,0.0,0.0,0.25,0.0,0.0,0.0,0.0,0.0,-0.3500000000000001
0.25,0.25,0.0,0.0,0.0,0.0,0.0,0.0,0.0,0.0,0.25,0.0,0.0,0.25,0.0,0.0,0.0,0.0,0.0,0.9749999999999999
0.0,0.0,0.0,0.0,0.0,0.0,0.0,0.0,0.0,0.0,0.3333333333333333,0.3333333333333333,0.0,0.3333333333333333,0.0,0.0,0.0,0.0,0.0,0.8999999999999999
0.0,0.0,0.0,0.0,0.0,0.0,0.0,0.0,0.0,0.0,0.3333333333333333,0.3333333333333333,0.0,0.3333333333333333,0.0,0.0,0.0,0.0,0.0,0.8999999999999999
0.0,0.0,0.1,0.2,0.0,0.0,0.0,0.0,0.0,0.0,0.4,0.0,0.1,0.0,0.2,0.0,0.0,0.0,0.0,0.3399999999999999
0.0,0.0,0.0,0.0,0.0,0.0,0.0,0.25,0.0,0.0,0.0,0.0,0.0,0.0,0.75,0.0,0.0,0.0,0.0,-1.3
0.0,0.0,0.0,0.0,0.0,0.0,0.0,0.0,0.0,0.0,0.2,0.0,0.0,0.0,0.6,0.0,0.0,0.0,0.2,-0.4600000000000001
0.0,0.0,0.0,0.0,0.0,0.0,0.0,0.1428571428571428,0.0,0.1428571428571428,0.0,0.0,0.1428571428571428,0.0,0.2857142857142857,0.1428571428571428,0.0,0.0,0.0,0.2857142857142856
0.1,0.0,0.1,0.0,0.0,0.0,0.0,0.3,0.0,0.0,0.1,0.0,0.0,0.0,0.3,0.0,0.0,0.0,0.0,-0.3900000000000001
0.0,0.09090909090909091,0.0,0.1818181818181818,0.0,0.0,0.0,0.0,0.0,0.0,0.09090909090909091,0.09090909090909091,0.0,0.09090909090909091,0.0,0.1818181818181818,0.09090909090909091,0.0,0.09090909090909091,-1.127272727272727
0.0,0.09090909090909091,0.09090909090909091,0.0,0.0,0.0,0.1818181818181818,0.09090909090909091,0.09090909090909091,0.09090909090909091,0.09090909090909091,0.0,0.0,0.0,0.09090909090909091,0.0,0.0,0.0,0.09090909090909091,-1.2
0.0,0.0,0.0,0.1428571428571428,0.0,0.1428571428571428,0.0,0.0,0.0,0.1428571428571428,0.0,0.0,0.0,0.0,0.0,0.1428571428571428,0.0,0.0,0.2857142857142857,-0.8428571428571429
0.0,0.0,0.0,0.0,0.0,0.0,0.0,0.1428571428571428,0.0,0.0,0.1428571428571428,0.0,0.1428571428571428,0.0,0.2857142857142857,0.1428571428571428,0.0,0.0,0.0,0.1857142857142856
0.0,0.0,0.0,0.0,0.4,0.0,0.0,0.2,0.0,0.0,0.0,0.0,0.0,0.0,0.0,0.2,0.0,0.0,0.2,0.5
0.2,0.0,0.0,0.0,0.0,0.0,0.0,0.2,0.0,0.0,0.0,0.0,0.0,0.0,0.0,0.4,0.0,0.2,0.0,-0.22
0.0,0.0,0.0,0.0,0.2,0.2,0.0,0.0,0.0,0.2,0.0,0.0,0.0,0.2,0.2,0.0,0.0,0.0,0.0,0.9399999999999998
0.0,0.0,0.0,0.0,0.0,0.2,0.2,0.0,0.0,0.2,0.0,0.0,0.0,0.0,0.2,0.0,0.0,0.2,0.0,-1.0
0.0,0.0,0.0,0.125,0.0,0.0,0.0,0.25,0.0,0.0,0.0,0.0,0.0,0.125,0.125,0.125,0.0,0.0,0.125,-0.65
0.0,0.1,0.0,0.1,0.0,0.1,0.0,0.2,0.0,0.0,0.1,0.0,0.0,0.1,0.1,0.0,0.0,0.0,0.0,-0.7300000000000001
0.0,0.1666666666666667,0.0,0.0,0.0,0.0,0.0,0.0,0.1666666666666667,0.0,0.3333333333333333,0.0,0.0,0.1666666666666667,0.0,0.0,0.0,0.0,0.1666666666666667,0.2333333333333332
0.0,0.0,0.0,0.0,0.0,0.0,0.0,0.0,0.0,0.0,0.0,0.3333333333333333,0.0,0.0,0.3333333333333333,0.0,0.0,0.3333333333333333,0.0,-2.133333333333333
0.0,0.3333333333333333,0.0,0.0,0.0,0.0,0.0,0.3333333333333333,0.0,0.0,0.0,0.0,0.0,0.0,0.3333333333333333,0.0,0.0,0.0,0.0,-2.166666666666667
0.125,0.125,0.0,0.0,0.0,0.0,0.0,0.0,0.0,0.0,0.25,0.0,0.0,0.0,0.125,0.25,0.0,0.0,0.0,0.2124999999999999
0.0,0.0,0.0,0.0,0.0,0.0,0.0,0.2,0.0,0.2,0.0,0.0,0.0,0.0,0.6,0.0,0.0,0.0,0.0,-0.1400000000000002
0.09090909090909091,0.0,0.1818181818181818,0.0,0.0,0.0,0.0,0.09090909090909091,0.0,0.1818181818181818,0.09090909090909091,0.09090909090909091,0.0,0.0,0.1818181818181818,0.0,0.0,0.0,0.0,0.009090909090909068
0.0,0.0,0.1666666666666667,0.0,0.0,0.1666666666666667,0.0,0.3333333333333333,0.0,0.0,0.0,0.0,0.0,0.0,0.1666666666666667,0.1666666666666667,0.0,0.0,0.0,-1.7
0.125,0.0,0.0,0.0,0.0,0.0,0.0,0.125,0.0,0.25,0.0,0.0,0.0,0.0,0.375,0.0,0.0,0.0,0.125,0.5374999999999999
0.0,0.0,0.0,0.0,0.1666666666666667,0.0,0.0,0.1666666666666667,0.0,0.0,0.0,0.0,0.0,0.0,0.1666666666666667,0.1666666666666667,0.1666666666666667,0.0,0.0,-0.1666666666666667
0.2,0.0,0.0,0.0,0.0,0.2,0.0,0.6,0.0,0.0,0.0,0.0,0.0,0.0,0.0,0.0,0.0,0.0,0.0,-0.5800000000000001
0.0,0.0,0.0,0.0,0.0,0.0,0.0,0.0,0.1666666666666667,0.0,0.0,0.1666666666666667,0.0,0.1666666666666667,0.1666666666666667,0.0,0.0,0.0,0.1666666666666667,-1.2
0.0,0.2,0.0,0.0,0.0,0.0,0.2,0.0,0.0,0.0,0.2,0.0,0.0,0.2,0.2,0.0,0.0,0.0,0.0,-0.6000000000000001
0.0,0.0,0.0,0.0,0.0,0.0,0.0,0.0,0.0,0.0,0.25,0.0,0.0,0.25,0.5,0.0,0.0,0.0,0.0,0.8499999999999999
0.0,0.0,0.0,0.0,0.0,0.0,0.0,0.0,0.0,0.0,0.5,0.0,0.0,0.25,0.25,0.0,0.0,0.0,0.0,2.2
0.0,0.0,0.0,0.0,0.0,0.0,0.0,0.0,0.0,0.0,0.4,0.0,0.0,0.0,0.4,0.0,0.0,0.0,0.2,0.6199999999999999
0.0,0.0,0.0,0.0,0.0,0.0,0.0,0.0,0.0,0.0,0.3333333333333333,0.0,0.0,0.0,0.5,0.0,0.0,0.0,0.1666666666666667,0.2499999999999998
0.0,0.0,0.125,0.125,0.0,0.0,0.0,0.125,0.125,0.0,0.125,0.0,0.0,0.0,0.125,0.0,0.125,0.125,0.0,-1.25
0.0,0.0,0.0,0.0,0.0,0.0,0.0,0.0,0.0,0.0,0.2857142857142857,0.0,0.0,0.0,0.4285714285714285,0.1428571428571428,0.0,0.0,0.1428571428571428,0.09999999999999984
0.0,0.0,0.0,0.0,0.0,0.1428571428571428,0.0,0.2857142857142857,0.0,0.0,0.1428571428571428,0.0,0.0,0.1428571428571428,0.1428571428571428,0.1428571428571428,0.0,0.0,0.0,-0.01428571428571436
0.0,0.0,0.0,0.0,0.0,0.2222222222222222,0.0,0.2222222222222222,0.0,0.1111111111111111,0.0,0.0,0.0,0.0,0.1111111111111111,0.1111111111111111,0.0,0.1111111111111111,0.0,-0.7333333333333334
0.0,0.0,0.0,0.0,0.0,0.0,0.0,0.0,0.0,0.0,0.0,0.0,0.0,0.5,0.5,0.0,0.0,0.0,0.0,0.5999999999999999
0.0,0.0,0.0,0.0,0.0,0.0,0.0,0.0,0.0,0.0,0.0,0.0,0.0,0.0,0.3333333333333333,0.0,0.0,0.0,0.6666666666666666,-1.4
0.0,0.0,0.0,0.0,0.0,0.0,0.0,0.0,0.0,0.5,0.0,0.0,0.0,0.0,0.0,0.0,0.0,0.5,0.0,1.8
0.0,0.0,0.0,0.0,0.0,0.0,0.1666666666666667,0.0,0.1666666666666667,0.0,0.1666666666666667,0.0,0.0,0.0,0.0,0.0,0.1666666666666667,0.0,0.1666666666666667,-0.8166666666666668
0.1428571428571428,0.0,0.0,0.0,0.0,0.1428571428571428,0.0,0.2857142857142857,0.0,0.0,0.2857142857142857,0.0,0.0,0.1428571428571428,0.0,0.0,0.0,0.0,0.0,1.128571428571429
0.125,0.0,0.125,0.125,0.0,0.0,0.0,0.125,0.0,0.0,0.125,0.0,0.0,0.0,0.25,0.0,0.0,0.125,0.0,-0.7375
0.0,0.0,0.25,0.25,0.0,0.0,0.0,0.0,0.0,0.125,0.0,0.0,0.0,0.375,0.0,0.0,0.0,0.0,0.0,-0.1375000000000002
0.0,0.0,0.125,0.0,0.0,0.0,0.0,0.25,0.0,0.0,0.0,0.0,0.0,0.125,0.25,0.0,0.0,0.125,0.0,-0.7000000000000001
0.0,0.0,0.0,0.0,0.0,0.0,0.0,0.0,0.1111111111111111,0.0,0.1111111111111111,0.0,0.0,0.1111111111111111,0.5555555555555556,0.0,0.1111111111111111,0.0,0.0,-0.588888888888889
0.0,0.0,0.0,0.0,0.0,0.0,0.0,0.1428571428571428,0.0,0.0,0.1428571428571428,0.0,0.0,0.1428571428571428,0.4285714285714285,0.0,0.0,0.1428571428571428,0.0,0.07142857142857127
0.0,0.0,0.25,0.0,0.0,0.0,0.0,0.0,0.0,0.25,0.0,0.25,0.0,0.0,0.0,0.0,0.0,0.0,0.25,-1.05
0.0,0.0,0.0,0.0,0.0,0.2,0.0,0.4,0.0,0.0,0.2,0.0,0.0,0.0,0.0,0.0,0.0,0.0,0.2,-0.36
0.0,0.0,0.0,0.0,0.0,0.0,0.0,0.25,0.25,0.25,0.25,0.0,0.0,0.0,0.0,0.0,0.0,0.0,0.0,1.175
0.0,0.0,0.0,0.0,0.0,0.0,0.0,0.25,0.0,0.0,0.0,0.0,0.25,0.25,0.25,0.0,0.0,0.0,0.0,0.6749999999999999
0.0,0.25,0.0,0.0,0.0,0.0,0.0,0.25,0.0,0.0,0.0,0.0,0.0,0.0,0.5,0.0,0.0,0.0,0.0,-2.025
0.0,0.25,0.0,0.0,0.0,0.0,0.0,0.0,0.0,0.0,0.25,0.0,0.0,0.0,0.25,0.0,0.0,0.0,0.25,-0.9000000000000001
0.0,0.2,0.2,0.0,0.0,0.2,0.0,0.0,0.0,0.0,0.0,0.0,0.2,0.0,0.2,0.0,0.0,0.0,0.0,-2.24
0.5,0.25,0.0,0.0,0.0,0.0,0.0,0.0,0.0,0.0,0.0,0.0,0.0,0.0,0.25,0.0,0.0,0.0,0.0,-0.625
0.0,0.0,0.1111111111111111,0.1111111111111111,0.0,0.0,0.2222222222222222,0.0,0.0,0.0,0.1111111111111111,0.2222222222222222,0.0,0.0,0.0,0.1111111111111111,0.0,0.0,0.0,-2.088888888888889
0.25,0.0,0.0,0.0,0.0,0.0,0.0,0.0,0.0,0.0,0.0,0.25,0.25,0.0,0.25,0.0,0.0,0.0,0.0,-0.45
0.0,0.0,0.0,0.0,0.0,0.0,0.0,0.0,0.0,0.0,0.0,0.25,0.25,0.0,0.25,0.0,0.0,0.25,0.0,-1.125
0.25,0.0,0.0,0.0,0.25,0.0,0.25,0.0,0.0,0.0,0.0,0.0,0.0,0.25,0.0,0.0,0.0,0.0,0.0,0.8999999999999999
0.0,0.0,0.0,0.3333333333333333,0.3333333333333333,0.0,0.0,0.0,0.0,0.0,0.0,0.0,0.0,0.3333333333333333,0.0,0.0,0.0,0.0,0.0,0.6
0.0,0.3333333333333333,0.0,0.0,0.0,0.0,0.0,0.3333333333333333,0.3333333333333333,0.0,0.0,0.0,0.0,0.0,0.0,0.0,0.0,0.0,0.0,-2.7
0.0,0.0,0.0,0.3333333333333333,0.0,0.0,0.0,0.0,0.0,0.0,0.0,0.0,0.0,0.3333333333333333,0.0,0.0,0.0,0.0,0.0,-0.2333333333333334
0.1666666666666667,0.1666666666666667,0.0,0.0,0.08333333333333333,0.0,0.08333333333333333,0.08333333333333333,0.0,0.0,0.08333333333333333,0.0,0.0,0.0,0.1666666666666667,0.08333333333333333,0.0,0.0,0.0,-0.5833333333333334
0.0,0.3333333333333333,0.0,0.0,0.0,0.0,0.0,0.0,0.0,0.0,0.0,0.0,0.0,0.3333333333333333,0.0,0.0,0.0,0.3333333333333333,0.0,-0.8666666666666667
0.0,0.3333333333333333,0.0,0.0,0.0,0.0,0.0,0.0,0.0,0.0,0.0,0.0,0.0,0.0,0.0,0.0,0.0,0.3333333333333333,0.3333333333333333,-2.233333333333333
0.0,0.0,0.0,0.0,0.0,0.3333333333333333,0.0,0.0,0.0,0.0,0.0,0.0,0.0,0.0,0.0,0.0,0.0,0.6666666666666666,0.0,-1.766666666666667
0.0,0.0,0.0,0.3333333333333333,0.0,0.0,0.0,0.6666666666666666,0.0,0.0,0.0,0.0,0.0,0.0,0.0,0.0,0.0,0.0,0.0,-1.433333333333333
0.0,0.0,0.0,0.0,0.0,0.0,0.0,1.0,0.0,0.0,0.0,0.0,0.0,0.0,0.0,0.0,0.0,0.0,0.0,-0.4000000000000001
0.0,0.0,0.0,0.0,0.0,0.0,0.0,0.0,0.0,0.1666666666666667,0.0,0.0,0.0,0.3333333333333333,0.1666666666666667,0.0,0.0,0.0,0.0,1.416666666666667
0.125,0.0,0.0,0.0,0.0,0.125,0.0,0.125,0.0,0.125,0.125,0.0,0.0,0.0,0.125,0.25,0.0,0.0,0.0,0.3749999999999999
0.1428571428571428,0.0,0.0,0.1428571428571428,0.0,0.0,0.1428571428571428,0.0,0.0,0.0,0.1428571428571428,0.1428571428571428,0.1428571428571428,0.0,0.0,0.1428571428571428,0.0,0.0,0.0,-0.6
0.125,0.0,0.0,0.0,0.0,0.0,0.0,0.0,0.0,0.125,0.0,0.125,0.0,0.0,0.125,0.25,0.0,0.0,0.0,-0.1
0.125,0.0,0.125,0.0,0.0,0.0,0.0,0.125,0.0,0.0,0.25,0.125,0.0,0.0,0.125,0.0,0.0,0.0,0.0,-4.163336342344337e-17
0.0,0.0,0.1428571428571428,0.0,0.0,0.0,0.0,0.0,0.0,0.1428571428571428,0.2857142857142857,0.2857142857142857,0.0,0.0,0.1428571428571428,0.0,0.0,0.0,0.0,-0.1142857142857143
0.1428571428571428,0.1428571428571428,0.1428571428571428,0.1428571428571428,0.0,0.0,0.0,0.0,0.0,0.1428571428571428,0.0,0.0,0.0,0.0,0.1428571428571428,0.0,0.0,0.0,0.1428571428571428,-1.157142857142857
0.0,0.125,0.125,0.0,0.0,0.0,0.0,0.125,0.0,0.125,0.125,0.0,0.0,0.0,0.125,0.125,0.125,0.0,0.0,-0.4
0.125,0.125,0.0,0.0,0.0,0.0,0.0,0.125,0.0,0.125,0.0,0.0,0.0,0.0,0.0,0.125,0.125,0.0,0.125,-0.175
0.25,0.0,0.125,0.0,0.0,0.0,0.0,0.0,0.125,0.125,0.125,0.0,0.0,0.0,0.125,0.0,0.0,0.0,0.125,0.2875
0.1111111111111111,0.1111111111111111,0.0,0.0,0.0,0.1111111111111111,0.0,0.1111111111111111,0.0,0.1111111111111111,0.1111111111111111,0.0,0.0,0.0,0.1111111111111111,0.2222222222222222,0.0,0.0,0.0,-0.1666666666666667
0.125,0.125,0.125,0.125,0.0,0.0,0.125,0.0,0.0,0.0,0.0,0.0,0.0,0.125,0.0,0.0,0.125,0.0,0.0,-1.3875
0.0,0.1428571428571428,0.0,0.0,0.0,0.0,0.4285714285714285,0.0,0.1428571428571428,0.0,0.1428571428571428,0.0,0.0,0.1428571428571428,0.0,0.0,0.0,0.0,0.0,-1.657142857142857
0.1,0.0,0.1,0.0,0.0,0.0,0.2,0.3,0.0,0.0,0.0,0.0,0.0,0.1,0.1,0.1,0.0,0.0,0.0,-0.95
0.1428571428571428,0.0,0.0,0.0,0.0,0.0,0.0,0.1428571428571428,0.0,0.0,0.2857142857142857,0.0,0.0,0.0,0.0,0.0,0.1428571428571428,0.0,0.0,1.185714285714285
0.0,0.125,0.0,0.0,0.0,0.0,0.125,0.25,0.0,0.0,0.25,0.0,0.0,0.125,0.125,0.0,0.0,0.0,0.0,-8.326672684688674e-17
0.1666666666666667,0.1666666666666667,0.1666666666666667,0.0,0.0,0.0,0.0,0.0,0.1666666666666667,0.0,0.0,0.0,0.1666666666666667,0.0,0.1666666666666667,0.0,0.0,0.0,0.0,-1.516666666666667
0.0,0.0,0.0,0.0,0.0,0.2,0.0,0.2,0.0,0.0,0.0,0.0,0.0,0.0,0.4,0.0,0.2,0.0,0.0,-1.56
0.0,0.0,0.0,0.2,0.0,0.0,0.0,0.4,0.0,0.2,0.0,0.0,0.0,0.0,0.0,0.0,0.0,0.0,0.2,-0.22
0.1666666666666667,0.0,0.0,0.0,0.0,0.0,0.0,0.08333333333333333,0.08333333333333333,0.0,0.08333333333333333,0.08333333333333333,0.0,0.08333333333333333,0.1666666666666667,0.0,0.0,0.08333333333333333,0.0,-0.1166666666666667
0.0,0.0,0.2,0.0,0.0,0.1,0.0,0.0,0.0,0.1,0.1,0.0,0.0,0.1,0.2,0.0,0.0,0.0,0.2,-0.5200000000000001
0.0,0.0,0.1,0.0,0.0,0.0,0.0,0.1,0.1,0.1,0.0,0.0,0.0,0.1,0.3,0.0,0.0,0.0,0.1,-0.5900000000000001
0.2,0.2,0.0,0.0,0.0,0.0,0.0,0.0,0.0,0.0,0.2,0.0,0.0,0.0,0.2,0.0,0.0,0.0,0.0,-0.1
0.0,0.0,0.0,0.0,0.0,0.5,0.0,0.0,0.0,0.0,0.0,0.0,0.0,0.0,0.0,0.0,0.0,0.5,0.0,-2.2
0.1428571428571428,0.1428571428571428,0.0,0.0,0.0,0.1428571428571428,0.1428571428571428,0.0,0.0,0.0,0.2857142857142857,0.0,0.0,0.1428571428571428,0.0,0.0,0.0,0.0,0.0,0.09999999999999994
0.1111111111111111,0.1111111111111111,0.0,0.0,0.0,0.0,0.1111111111111111,0.0,0.0,0.0,0.2222222222222222,0.0,0.0,0.0,0.1111111111111111,0.2222222222222222,0.0,0.0,0.1111111111111111,-0.3444444444444445
0.0,0.1666666666666667,0.0,0.0,0.0,0.1666666666666667,0.0,0.1666666666666667,0.0,0.0,0.1666666666666667,0.0,0.0,0.0,0.0,0.1666666666666667,0.0,0.0,0.0,-0.9
0.0,0.0,0.3333333333333333,0.0,0.0,0.0,0.0,0.0,0.0,0.3333333333333333,0.0,0.0,0.0,0.0,0.0,0.0,0.0,0.3333333333333333,0.0,0.03333333333333333
0.3333333333333333,0.0,0.3333333333333333,0.0,0.0,0.0,0.0,0.0,0.0,0.0,0.3333333333333333,0.0,0.0,0.0,0.0,0.0,0.0,0.0,0.0,0.6999999999999998
0.0,0.0,0.0,0.0,0.0,0.0,0.0,0.0,0.0,0.0,0.0,0.0,0.0,0.0,0.0,0.3333333333333333,0.0,0.0,0.0,-0.2666666666666667
0.0,0.0,0.0,0.0,0.0,0.0,0.3333333333333333,0.0,0.0,0.0,0.0,0.0,0.0,0.0,0.3333333333333333,0.0,0.0,0.0,0.0,-1.7
0.0,0.0,0.2,0.0,0.0,0.0,0.0,0.0,0.0,0.4,0.0,0.4,0.0,0.0,0.0,0.0,0.0,0.0,0.0,-0.46
0.0,0.0,0.0,0.0,0.0,0.0,0.0,0.0,0.0,0.0,0.1111111111111111,0.0,0.1111111111111111,0.0,0.2222222222222222,0.2222222222222222,0.0,0.1111111111111111,0.2222222222222222,-0.288888888888889
0.04545454545454546,0.1818181818181818,0.0,0.0,0.09090909090909091,0.04545454545454546,0.0,0.04545454545454546,0.0,0.04545454545454546,0.04545454545454546,0.1363636363636364,0.04545454545454546,0.04545454545454546,0.04545454545454546,0.04545454545454546,0.04545454545454546,0.09090909090909091,0.0,-0.85
0.0,0.0,0.0,0.0,0.0,0.0,0.0,0.0,0.0,0.0,0.3333333333333333,0.6666666666666666,0.0,0.0,0.0,0.0,0.0,0.0,0.0,-1.333333333333333
0.08,0.2,0.0,0.0,0.08,0.04,0.0,0.04,0.0,0.04,0.04,0.12,0.04,0.08,0.04,0.04,0.04,0.08,0.0,-0.7440000000000001
0.0,0.4,0.0,0.0,0.0,0.2,0.2,0.0,0.0,0.0,0.0,0.0,0.0,0.0,0.2,0.0,0.0,0.0,0.0,-3.52
0.1666666666666667,0.0,0.0,0.0,0.0,0.0,0.08333333333333333,0.08333333333333333,0.08333333333333333,0.0,0.1666666666666667,0.0,0.0,0.0,0.1666666666666667,0.0,0.1666666666666667,0.0,0.0,-0.04166666666666671
0.09090909090909091,0.0,0.0,0.0,0.0,0.0,0.09090909090909091,0.1818181818181818,0.0,0.0,0.0,0.0,0.09090909090909091,0.0,0.09090909090909091,0.0,0.1818181818181818,0.0,0.09090909090909091,-0.4454545454545455
0.0,0.0,0.0,0.0,0.0,0.3333333333333333,0.0,0.0,0.0,0.0,0.0,0.3333333333333333,0.0,0.0,0.3333333333333333,0.0,0.0,0.0,0.0,-3.0
0.1,0.0,0.0,0.2,0.1,0.1,0.0,0.0,0.0,0.0,0.1,0.1,0.0,0.0,0.1,0.0,0.0,0.0,0.0,-0.79
0.08695652173913043,0.08695652173913043,0.0,0.1304347826086956,0.0,0.0,0.1304347826086956,0.1304347826086956,0.0,0.0,0.04347826086956522,0.08695652173913043,0.04347826086956522,0.0,0.2173913043478261,0.04347826086956522,0.0,0.0,0.0,-1.673913043478261
0.08333333333333333,0.04166666666666666,0.0,0.0,0.04166666666666666,0.0,0.04166666666666666,0.08333333333333333,0.0,0.0,0.3333333333333333,0.125,0.04166666666666666,0.0,0.125,0.04166666666666666,0.04166666666666666,0.0,0.0,0.4833333333333332
0.3333333333333333,0.0,0.0,0.0,0.0,0.0,0.0,0.0,0.1666666666666667,0.0,0.1666666666666667,0.0,0.0,0.0,0.1666666666666667,0.0,0.0,0.0,0.1666666666666667,0.2166666666666666
0.4,0.0,0.2,0.0,0.0,0.0,0.0,0.0,0.0,0.0,0.2,0.2,0.0,0.0,0.0,0.0,0.0,0.0,0.0,0.0
0.0,0.0,0.0,0.0,0.0,0.0,0.0,0.0,0.0,0.0,0.0,0.0,0.0,0.0,0.6666666666666666,0.0,0.0,0.3333333333333333,0.0,-1.366666666666667
0.0,0.0,0.0,0.0,0.0,0.0,0.0,0.0,0.0,0.0,0.0,0.0,0.0,0.0,0.3333333333333333,0.0,0.3333333333333333,0.3333333333333333,0.0,-1.066666666666667
0.0,0.0,0.0,0.0,0.0,0.0,0.0,0.1666666666666667,0.0,0.1666666666666667,0.0,0.0,0.1666666666666667,0.1666666666666667,0.1666666666666667,0.0,0.0,0.0,0.1666666666666667,0.9833333333333333
0.125,0.25,0.0,0.0,0.0,0.0,0.0,0.0,0.125,0.0,0.125,0.0,0.0,0.0,0.125,0.125,0.0,0.0,0.0,-1.125
0.125,0.0,0.0625,0.0,0.0,0.0,0.0,0.125,0.0,0.0625,0.375,0.0625,0.0,0.0,0.0,0.125,0.0625,0.0,0.0,1.275
0.1578947368421053,0.0,0.0,0.05263157894736842,0.0,0.0,0.0,0.1052631578947368,0.0,0.0,0.2105263157894737,0.2105263157894737,0.0,0.1052631578947368,0.0,0.0,0.05263157894736842,0.0,0.0,0.2947368421052631
0.07692307692307693,0.0,0.0,0.07692307692307693,0.0,0.0,0.07692307692307693,0.07692307692307693,0.0,0.2307692307692308,0.07692307692307693,0.1538461538461539,0.0,0.1538461538461539,0.0,0.07692307692307693,0.0,0.0,0.0,0.6692307692307692
0.1176470588235294,0.0,0.0,0.05882352941176471,0.0,0.0,0.0,0.1764705882352941,0.05882352941176471,0.2352941176470588,0.05882352941176471,0.1176470588235294,0.0,0.05882352941176471,0.0,0.05882352941176471,0.0,0.0,0.0,0.6882352941176471
0.3333333333333333,0.0,0.0,0.0,0.0,0.0,0.09090909090909091,0.1212121212121212,0.0,0.0303030303030303,0.06060606060606061,0.1818181818181818,0.0,0.0,0.0,0.06060606060606061,0.0,0.0303030303030303,0.0,-0.1848484848484848
0.2068965517241379,0.0,0.03448275862068965,0.0,0.0,0.03448275862068965,0.03448275862068965,0.1724137931034483,0.0,0.03448275862068965,0.1724137931034483,0.1379310344827586,0.03448275862068965,0.0,0.0,0.0,0.03448275862068965,0.03448275862068965,0.0,0.2241379310344828
0.2580645161290323,0.0,0.0,0.03225806451612903,0.0,0.03225806451612903,0.06451612903225806,0.06451612903225806,0.0,0.0967741935483871,0.0,0.1935483870967742,0.0967741935483871,0.0,0.0,0.06451612903225806,0.06451612903225806,0.03225806451612903,0.0,-0.2741935483870967
0.3939393939393939,0.0,0.0303030303030303,0.0303030303030303,0.0,0.0,0.0303030303030303,0.09090909090909091,0.0,0.06060606060606061,0.0303030303030303,0.1818181818181818,0.0303030303030303,0.0,0.0,0.06060606060606061,0.0,0.0303030303030303,0.0,0.01515151515151524
0.21875,0.0,0.0625,0.03125,0.0,0.0625,0.03125,0.125,0.0,0.03125,0.09375,0.125,0.0,0.0,0.03125,0.0625,0.03125,0.03125,0.0,-0.4531250000000001
0.1666666666666667,0.0,0.0,0.0,0.0,0.0,0.0,0.05555555555555555,0.0,0.1666666666666667,0.2777777777777778,0.05555555555555555,0.05555555555555555,0.0,0.05555555555555555,0.1666666666666667,0.0,0.0,0.0,1.75
0.04761904761904762,0.0,0.0,0.0,0.04761904761904762,0.0,0.0,0.04761904761904762,0.0,0.04761904761904762,0.2857142857142857,0.09523809523809523,0.04761904761904762,0.1428571428571428,0.0,0.1428571428571428,0.0,0.0,0.0,1.49047619047619
0.12,0.0,0.04,0.04,0.0,0.0,0.04,0.12,0.0,0.0,0.2,0.16,0.04,0.0,0.0,0.08,0.04,0.0,0.0,-0.132
0.1111111111111111,0.0,0.03703703703703703,0.03703703703703703,0.0,0.0,0.03703703703703703,0.07407407407407407,0.0,0.07407407407407407,0.1111111111111111,0.2592592592592592,0.03703703703703703,0.0,0.03703703703703703,0.03703703703703703,0.03703703703703703,0.0,0.0,-0.5185185185185186
0.08695652173913043,0.0,0.04347826086956522,0.0,0.0,0.0,0.04347826086956522,0.1739130434782609,0.04347826086956522,0.08695652173913043,0.04347826086956522,0.1739130434782609,0.04347826086956522,0.1304347826086956,0.0,0.08695652173913043,0.0,0.0,0.0,-0.1000000000000001
0.0,0.0,0.0,0.8,0.0,0.0,0.2,0.0,0.0,0.0,0.0,0.0,0.0,0.0,0.0,0.0,0.0,0.0,0.0,-3.5
0.1111111111111111,0.0,0.05555555555555555,0.0,0.0,0.0,0.0,0.1666666666666667,0.0,0.05555555555555555,0.3333333333333333,0.1111111111111111,0.0,0.0,0.05555555555555555,0.05555555555555555,0.0,0.0,0.0,0.8888888888888887
0.1081081081081081,0.02702702702702703,0.0,0.05405405405405406,0.05405405405405406,0.02702702702702703,0.0,0.1351351351351351,0.0,0.05405405405405406,0.1081081081081081,0.1621621621621622,0.0,0.08108108108108109,0.0,0.1081081081081081,0.0,0.0,0.0,0.03243243243243241
0.05555555555555555,0.1666666666666667,0.0,0.0,0.0,0.0,0.0,0.2222222222222222,0.0,0.05555555555555555,0.1666666666666667,0.1666666666666667,0.0,0.0,0.0,0.05555555555555555,0.0,0.05555555555555555,0.05555555555555555,-0.6722222222222223
0.12,0.0,0.08,0.0,0.08,0.08,0.0,0.08,0.0,0.0,0.16,0.2,0.0,0.04,0.0,0.12,0.0,0.0,0.0,-0.332
0.07692307692307693,0.2307692307692308,0.0,0.0,0.0,0.07692307692307693,0.0,0.1538461538461539,0.0,0.0,0.2307692307692308,0.0,0.0,0.07692307692307693,0.07692307692307693,0.0,0.0,0.0,0.0,-0.2615384615384617
0.1351351351351351,0.02702702702702703,0.02702702702702703,0.02702702702702703,0.0,0.08108108108108109,0.02702702702702703,0.1081081081081081,0.0,0.1351351351351351,0.02702702702702703,0.1891891891891892,0.0,0.02702702702702703,0.02702702702702703,0.0,0.02702702702702703,0.02702702702702703,0.0,-0.527027027027027
0.1428571428571428,0.05714285714285714,0.05714285714285714,0.0,0.0,0.0,0.05714285714285714,0.1142857142857143,0.0,0.1142857142857143,0.05714285714285714,0.2,0.02857142857142857,0.02857142857142857,0.02857142857142857,0.0,0.0,0.02857142857142857,0.0,-0.4314285714285715
0.15,0.0,0.0,0.0,0.0,0.0,0.0,0.2,0.1,0.2,0.1,0.1,0.0,0.1,0.0,0.0,0.0,0.05,0.0,0.9949999999999999
0.0,0.0,0.0,0.0,0.0,0.0,0.0,0.0,0.0,0.0,0.6,0.4,0.0,0.0,0.0,0.0,0.0,0.0,0.0,0.7199999999999999
0.1714285714285714,0.1428571428571428,0.0,0.0,0.0,0.02857142857142857,0.0,0.05714285714285714,0.0,0.0,0.2,0.3142857142857143,0.02857142857142857,0.0,0.0,0.02857142857142857,0.02857142857142857,0.0,0.0,-0.9114285714285714
0.0,0.1351351351351351,0.02702702702702703,0.05405405405405406,0.0,0.02702702702702703,0.08108108108108109,0.05405405405405406,0.0,0.08108108108108109,0.1081081081081081,0.1621621621621622,0.0,0.1081081081081081,0.02702702702702703,0.05405405405405406,0.02702702702702703,0.0,0.0,-0.9513513513513514
0.07894736842105263,0.02631578947368421,0.05263157894736842,0.0,0.0,0.05263157894736842,0.02631578947368421,0.2105263157894737,0.05263157894736842,0.05263157894736842,0.07894736842105263,0.1052631578947368,0.05263157894736842,0.07894736842105263,0.0,0.05263157894736842,0.0,0.02631578947368421,0.0,-0.3078947368421053
0.09090909090909091,0.0,0.0,0.0,0.0,0.0303030303030303,0.0303030303030303,0.1212121212121212,0.0,0.09090909090909091,0.1515151515151515,0.06060606060606061,0.0,0.09090909090909091,0.06060606060606061,0.2121212121212121,0.0303030303030303,0.0,0.0,0.6181818181818182
0.0,0.2,0.0,0.0,0.0,0.0,0.0,0.2,0.0,0.2,0.0,0.0,0.0,0.0,0.0,0.2,0.0,0.0,0.2,-0.5
0.0,0.0,0.0,0.125,0.0,0.0,0.125,0.0,0.0,0.125,0.125,0.0,0.0,0.0,0.125,0.125,0.125,0.0,0.0,-0.225
0.0,0.0,0.0,0.2,0.0,0.0,0.2,0.0,0.0,0.2,0.2,0.0,0.0,0.0,0.0,0.0,0.0,0.0,0.0,0.26
0.0625,0.0,0.0,0.0625,0.0,0.0,0.0,0.1875,0.0,0.125,0.125,0.125,0.0,0.0625,0.0,0.0625,0.0,0.0,0.0,0.49375
0.05882352941176471,0.0,0.0,0.05882352941176471,0.0,0.0,0.0,0.2352941176470588,0.0,0.1176470588235294,0.1176470588235294,0.1176470588235294,0.0,0.05882352941176471,0.0,0.05882352941176471,0.0,0.0,0.0,0.4411764705882353
0.1176470588235294,0.0,0.1176470588235294,0.05882352941176471,0.0,0.0,0.0,0.05882352941176471,0.0,0.05882352941176471,0.1176470588235294,0.1764705882352941,0.0,0.05882352941176471,0.0,0.0,0.0,0.0,0.0,-0.2411764705882353
0.1111111111111111,0.0,0.1111111111111111,0.05555555555555555,0.0,0.0,0.0,0.1111111111111111,0.0,0.05555555555555555,0.1111111111111111,0.1666666666666667,0.0,0.05555555555555555,0.0,0.0,0.0,0.0,0.0,-0.25
0.0625,0.0,0.0,0.0625,0.0,0.0,0.0,0.1875,0.0,0.125,0.125,0.125,0.0,0.0625,0.0,0.0,0.0625,0.0,0.0,0.5
0.1176470588235294,0.0,0.0,0.05882352941176471,0.0,0.0,0.0,0.1176470588235294,0.05882352941176471,0.2352941176470588,0.05882352941176471,0.1176470588235294,0.0,0.05882352941176471,0.0,0.1176470588235294,0.0,0.0,0.0,0.6647058823529411
0.05882352941176471,0.0,0.0,0.05882352941176471,0.0,0.0,0.0,0.1176470588235294,0.05882352941176471,0.2352941176470588,0.05882352941176471,0.1176470588235294,0.0,0.05882352941176471,0.0,0.1176470588235294,0.0,0.0,0.0,0.5588235294117647
0.0625,0.0,0.0,0.0625,0.0,0.0,0.0,0.1875,0.0,0.0625,0.125,0.125,0.0,0.125,0.0,0.0625,0.0,0.0,0.0,0.3875
0.0625,0.0,0.0,0.0625,0.0,0.0,0.0,0.1875,0.0,0.1875,0.125,0.125,0.0,0.0625,0.0,0.0625,0.0,0.0,0.0,0.7749999999999999
0.05882352941176471,0.0,0.0,0.0,0.0,0.0,0.0,0.0,0.05882352941176471,0.05882352941176471,0.1176470588235294,0.4117647058823529,0.0,0.1764705882352941,0.0,0.05882352941176471,0.0,0.05882352941176471,0.0,-0.5823529411764707
0.05555555555555555,0.0,0.0,0.0,0.0,0.0,0.0,0.0,0.05555555555555555,0.05555555555555555,0.1666666666666667,0.3888888888888889,0.0,0.1666666666666667,0.05555555555555555,0.0,0.0,0.05555555555555555,0.0,-0.3833333333333335
0.05555555555555555,0.0,0.0,0.0,0.0,0.0,0.0,0.0,0.05555555555555555,0.05555555555555555,0.1666666666666667,0.3888888888888889,0.0,0.1666666666666667,0.0,0.05555555555555555,0.0,0.05555555555555555,0.0,-0.3388888888888891
0.05555555555555555,0.0,0.0,0.0,0.0,0.0,0.0,0.0,0.05555555555555555,0.05555555555555555,0.2222222222222222,0.3888888888888889,0.0,0.1666666666666667,0.0,0.0,0.0,0.05555555555555555,0.0,-0.08333333333333351
0.2857142857142857,0.0,0.0,0.0,0.0,0.0,0.0,0.0,0.0,0.0,0.2857142857142857,0.4285714285714285,0.0,0.0,0.0,0.0,0.0,0.0,0.0,-0.07142857142857137
0.08333333333333333,0.4166666666666667,0.08333333333333333,0.0,0.0,0.08333333333333333,0.0,0.0,0.0,0.0,0.0,0.0,0.0,0.0,0.0,0.0,0.0,0.0,0.3333333333333333,-2.741666666666667
0.0,0.0,0.1538461538461539,0.0,0.0,0.0,0.07692307692307693,0.07692307692307693,0.0,0.0,0.1538461538461539,0.07692307692307693,0.07692307692307693,0.07692307692307693,0.07692307692307693,0.07692307692307693,0.0,0.0,0.0,-0.376923076923077
0.1,0.15,0.05,0.0,0.1,0.05,0.05,0.0,0.0,0.1,0.0,0.05,0.0,0.0,0.1,0.05,0.05,0.1,0.0,-0.8400000000000001
0.07692307692307693,0.1538461538461539,0.07692307692307693,0.0,0.07692307692307693,0.07692307692307693,0.0,0.0,0.0,0.07692307692307693,0.0,0.07692307692307693,0.0,0.0,0.07692307692307693,0.07692307692307693,0.07692307692307693,0.07692307692307693,0.0,-1.161538461538461
0.1666666666666667,0.0,0.0,0.1666666666666667,0.0,0.0,0.0,0.3333333333333333,0.0,0.0,0.0,0.0,0.0,0.0,0.1666666666666667,0.0,0.0,0.0,0.1666666666666667,-0.9
0.1666666666666667,0.0,0.0,0.0,0.0,0.1666666666666667,0.0,0.1666666666666667,0.0,0.1666666666666667,0.0,0.0,0.0,0.0,0.1666666666666667,0.0,0.0,0.0,0.0,0.1333333333333333
0.1111111111111111,0.1111111111111111,0.0,0.0,0.0,0.0,0.0,0.1111111111111111,0.1111111111111111,0.0,0.2222222222222222,0.0,0.0,0.0,0.1111111111111111,0.1111111111111111,0.1111111111111111,0.0,0.0,-0.2000000000000001
0.0,0.0,0.05882352941176471,0.0,0.0,0.05882352941176471,0.0,0.05882352941176471,0.0,0.0,0.0,0.2941176470588235,0.0,0.0,0.05882352941176471,0.0,0.0,0.3529411764705883,0.05882352941176471,-2.070588235294118
0.0,0.2352941176470588,0.05882352941176471,0.0,0.0,0.05882352941176471,0.0,0.05882352941176471,0.0,0.0,0.0,0.05882352941176471,0.0,0.0,0.05882352941176471,0.0,0.0,0.3529411764705883,0.05882352941176471,-2.211764705882353
0.0,0.25,0.0,0.25,0.0,0.0,0.25,0.0,0.0,0.0,0.0,0.0,0.0,0.0,0.0,0.0,0.0,0.0,0.0,-2.875
0.09090909090909091,0.0,0.0,0.0,0.0,0.0,0.0,0.0,0.0,0.0,0.1818181818181818,0.3636363636363636,0.0,0.1818181818181818,0.0,0.0,0.0,0.1818181818181818,0.0,-0.2181818181818182
0.0,0.08333333333333333,0.0,0.0,0.0,0.0,0.0,0.08333333333333333,0.0,0.0,0.4166666666666667,0.1666666666666667,0.0,0.1666666666666667,0.08333333333333333,0.0,0.0,0.0,0.0,0.8583333333333333
0.09090909090909091,0.0,0.0,0.0,0.0,0.0,0.0,0.0,0.0,0.0,0.1818181818181818,0.3636363636363636,0.0,0.1818181818181818,0.0,0.0,0.0,0.1818181818181818,0.0,-0.2181818181818182
0.0,0.0,0.0,0.0,0.0,0.0,0.0,0.0,0.0,0.25,0.0,0.25,0.0,0.0,0.25,0.0,0.0,0.0,0.0,-0.25
0.0,0.0,0.0,0.0,0.0,0.0,0.0,0.0,0.0,0.0,0.25,0.25,0.0,0.0,0.25,0.0,0.0,0.0,0.0,-0.425
0.12,0.0,0.08,0.0,0.08,0.08,0.0,0.08,0.0,0.0,0.16,0.2,0.0,0.04,0.0,0.12,0.0,0.0,0.0,-0.332
0.12,0.0,0.08,0.0,0.08,0.08,0.0,0.08,0.0,0.0,0.16,0.2,0.0,0.04,0.0,0.12,0.0,0.0,0.0,-0.332
0.0,0.1538461538461539,0.0,0.0,0.0,0.07692307692307693,0.0,0.0,0.07692307692307693,0.1538461538461539,0.07692307692307693,0.2307692307692308,0.0,0.07692307692307693,0.07692307692307693,0.0,0.0,0.07692307692307693,0.0,-1.1
0.0,0.1538461538461539,0.0,0.0,0.0,0.07692307692307693,0.07692307692307693,0.0,0.07692307692307693,0.1538461538461539,0.07692307692307693,0.2307692307692308,0.0,0.07692307692307693,0.07692307692307693,0.0,0.0,0.0,0.0,-1.3
0.0,0.1481481481481481,0.0,0.0,0.0,0.0,0.0,0.1111111111111111,0.07407407407407407,0.03703703703703703,0.1111111111111111,0.1851851851851852,0.0,0.1111111111111111,0.07407407407407407,0.0,0.0,0.03703703703703703,0.03703703703703703,-0.9703703703703704
0.0,0.0,0.1,0.0,0.0,0.1,0.2,0.0,0.0,0.1,0.0,0.1,0.0,0.1,0.2,0.0,0.1,0.0,0.0,-1.45
0.0,0.0,0.3,0.0,0.0,0.0,0.1,0.0,0.0,0.1,0.0,0.1,0.0,0.0,0.2,0.0,0.1,0.1,0.0,-1.82
0.0,0.0,0.0,0.1666666666666667,0.0,0.0,0.1666666666666667,0.1666666666666667,0.0,0.0,0.1666666666666667,0.0,0.0,0.1666666666666667,0.0,0.0,0.0,0.0,0.0,-0.1333333333333334
0.0,0.0,0.1666666666666667,0.0,0.0,0.0,0.0,0.1666666666666667,0.0,0.1666666666666667,0.0,0.0,0.0,0.0,0.5,0.0,0.0,0.0,0.0,-0.7000000000000002
0.0,0.0,0.0,0.0,0.2,0.0,0.2,0.0,0.0,0.0,0.2,0.0,0.0,0.0,0.0,0.0,0.2,0.2,0.0,0.2399999999999999
0.1538461538461539,0.0,0.0,0.1923076923076923,0.0,0.03846153846153846,0.0,0.1153846153846154,0.0,0.0,0.07692307692307693,0.07692307692307693,0.03846153846153846,0.0,0.03846153846153846,0.1153846153846154,0.07692307692307693,0.0,0.03846153846153846,-0.7692307692307693
0.06451612903225806,0.0,0.06451612903225806,0.06451612903225806,0.06451612903225806,0.0,0.03225806451612903,0.1290322580645161,0.0,0.0967741935483871,0.1290322580645161,0.1612903225806452,0.0,0.06451612903225806,0.06451612903225806,0.0,0.03225806451612903,0.0,0.0,0.01290322580645157
0.0,0.1875,0.0625,0.0625,0.0,0.0625,0.0,0.0,0.0,0.125,0.125,0.125,0.0,0.125,0.0,0.0,0.0,0.0,0.0,-0.6000000000000001
0.08,0.24,0.0,0.0,0.0,0.0,0.0,0.12,0.12,0.2,0.08,0.04,0.0,0.08,0.0,0.04,0.0,0.0,0.0,-0.1280000000000001
0.0,0.1111111111111111,0.0,0.0,0.1111111111111111,0.0,0.0,0.0,0.0,0.0,0.3333333333333333,0.1111111111111111,0.0,0.0,0.0,0.2222222222222222,0.0,0.0,0.0,0.4333333333333332
0.0,0.1666666666666667,0.0,0.0,0.0,0.1666666666666667,0.0,0.1666666666666667,0.0,0.0,0.1666666666666667,0.0,0.0,0.1666666666666667,0.0,0.0,0.0,0.0,0.0,-0.3
0.0,0.25,0.0,0.0,0.0,0.0,0.0,0.0,0.0,0.0,0.0,0.25,0.0,0.0,0.25,0.0,0.25,0.0,0.0,-2.675
0.1538461538461539,0.07692307692307693,0.0,0.07692307692307693,0.0,0.0,0.0,0.07692307692307693,0.0,0.07692307692307693,0.1538461538461539,0.07692307692307693,0.0,0.1538461538461539,0.0,0.0,0.0,0.07692307692307693,0.0,0.6230769230769231
0.0,0.0,0.0,0.0,0.0,0.0,0.0,0.25,0.0,0.1666666666666667,0.4166666666666667,0.08333333333333333,0.0,0.0,0.0,0.0,0.08333333333333333,0.0,0.0,1.85
0.0,0.0,0.0,0.0,0.0,0.0,0.0,0.25,0.0,0.1666666666666667,0.25,0.08333333333333333,0.0,0.1666666666666667,0.0,0.0,0.08333333333333333,0.0,0.0,1.683333333333333
0.2,0.2,0.0,0.0,0.0,0.0,0.0,0.0,0.0,0.2,0.0,0.0,0.0,0.0,0.2,0.0,0.0,0.0,0.0,0.03999999999999999
0.0,0.0,0.0,0.0,0.0,0.0,0.0,0.0,0.0,0.0,0.0,0.7142857142857143,0.0,0.0,0.0,0.0,0.0,0.2857142857142857,0.0,-3.042857142857143
0.0,0.0,0.2,0.0,0.2,0.0,0.0,0.0,0.2,0.0,0.0,0.0,0.0,0.0,0.2,0.2,0.0,0.0,0.0,-1.32
0.1333333333333333,0.1333333333333333,0.0,0.0,0.2,0.03333333333333333,0.03333333333333333,0.1,0.0,0.1,0.03333333333333333,0.0,0.0,0.03333333333333333,0.03333333333333333,0.0,0.03333333333333333,0.03333333333333333,0.1,0.3
0.1,0.1333333333333333,0.0,0.03333333333333333,0.2,0.03333333333333333,0.03333333333333333,0.1,0.0,0.1,0.03333333333333333,0.0,0.0,0.03333333333333333,0.03333333333333333,0.0,0.03333333333333333,0.03333333333333333,0.1,0.1233333333333333
0.02222222222222222,0.1555555555555556,0.02222222222222222,0.0,0.1333333333333333,0.04444444444444445,0.04444444444444445,0.1111111111111111,0.0,0.06666666666666667,0.06666666666666667,0.1333333333333333,0.0,0.0,0.02222222222222222,0.04444444444444445,0.04444444444444445,0.0,0.04444444444444445,-0.8866666666666666
0.06122448979591837,0.163265306122449,0.02040816326530612,0.02040816326530612,0.08163265306122448,0.1224489795918367,0.02040816326530612,0.04081632653061224,0.0,0.06122448979591837,0.0,0.06122448979591837,0.02040816326530612,0.02040816326530612,0.08163265306122448,0.08163265306122448,0.02040816326530612,0.04081632653061224,0.0,-1.193877551020408
0.0,0.2777777777777778,0.0,0.0,0.2222222222222222,0.1111111111111111,0.0,0.05555555555555555,0.0,0.0,0.05555555555555555,0.05555555555555555,0.0,0.0,0.0,0.0,0.05555555555555555,0.0,0.1111111111111111,-1.294444444444445
0.2857142857142857,0.0,0.07142857142857142,0.0,0.0,0.0,0.0,0.0,0.0,0.1428571428571428,0.2857142857142857,0.2142857142857143,0.0,0.0,0.0,0.0,0.0,0.0,0.0,1.157142857142857
0.2142857142857143,0.0,0.07142857142857142,0.0,0.0,0.0,0.0,0.07142857142857142,0.0,0.1428571428571428,0.1428571428571428,0.2142857142857143,0.07142857142857142,0.0,0.0,0.0,0.0,0.07142857142857142,0.0,0.5285714285714286
0.2142857142857143,0.0,0.07142857142857142,0.0,0.0,0.0,0.0,0.0,0.0,0.07142857142857142,0.3571428571428572,0.2142857142857143,0.0,0.0,0.0,0.0,0.0,0.0,0.0,0.9785714285714286
0.1428571428571428,0.05714285714285714,0.05714285714285714,0.0,0.0,0.0,0.05714285714285714,0.1142857142857143,0.0,0.1428571428571428,0.05714285714285714,0.2,0.0,0.02857142857142857,0.02857142857142857,0.0,0.0,0.02857142857142857,0.0,-0.3571428571428572
0.04761904761904762,0.3333333333333333,0.0,0.0,0.0,0.04761904761904762,0.0,0.09523809523809523,0.0,0.0,0.3333333333333333,0.0,0.0,0.04761904761904762,0.04761904761904762,0.0,0.0,0.0,0.0,-0.2952380952380954
0.1739130434782609,0.0,0.04347826086956522,0.0,0.0,0.0,0.04347826086956522,0.08695652173913043,0.04347826086956522,0.08695652173913043,0.04347826086956522,0.1739130434782609,0.04347826086956522,0.1304347826086956,0.0,0.08695652173913043,0.0,0.0,0.0,0.0913043478260869
0.05882352941176471,0.2352941176470588,0.0,0.0,0.0,0.05882352941176471,0.0,0.1176470588235294,0.05882352941176471,0.0,0.05882352941176471,0.0,0.0,0.05882352941176471,0.05882352941176471,0.1176470588235294,0.05882352941176471,0.0,0.0,-1.235294117647059
0.0303030303030303,0.0,0.0303030303030303,0.0303030303030303,0.06060606060606061,0.0303030303030303,0.0,0.2121212121212121,0.0,0.0303030303030303,0.1515151515151515,0.1515151515151515,0.0,0.0303030303030303,0.0,0.09090909090909091,0.0,0.0,0.0,-0.06363636363636366
0.125,0.0,0.04166666666666666,0.0,0.08333333333333333,0.0,0.0,0.0,0.0,0.04166666666666666,0.2083333333333333,0.1666666666666667,0.0,0.125,0.08333333333333333,0.04166666666666666,0.04166666666666666,0.0,0.0,0.7708333333333334
0.2631578947368421,0.0,0.05263157894736842,0.0,0.0,0.0,0.0,0.0,0.05263157894736842,0.1052631578947368,0.1578947368421053,0.0,0.0,0.1052631578947368,0.05263157894736842,0.1578947368421053,0.0,0.0,0.0,1.278947368421052
0.2105263157894737,0.0,0.05263157894736842,0.0,0.0,0.0,0.0,0.0,0.05263157894736842,0.1052631578947368,0.1578947368421053,0.05263157894736842,0.0,0.1052631578947368,0.05263157894736842,0.1578947368421053,0.0,0.0,0.0,0.9789473684210526
0.2105263157894737,0.0,0.05263157894736842,0.0,0.0,0.0,0.0,0.0,0.05263157894736842,0.1578947368421053,0.1578947368421053,0.05263157894736842,0.0,0.1052631578947368,0.05263157894736842,0.1578947368421053,0.0,0.0,0.0,1.21578947368421
0.1578947368421053,0.0,0.05263157894736842,0.0,0.0,0.0,0.0,0.0,0.05263157894736842,0.2105263157894737,0.1578947368421053,0.05263157894736842,0.0,0.1052631578947368,0.05263157894736842,0.1578947368421053,0.0,0.0,0.0,1.357894736842105
0.1052631578947368,0.0,0.05263157894736842,0.0,0.0,0.0,0.0,0.0,0.05263157894736842,0.2631578947368421,0.1578947368421053,0.05263157894736842,0.0,0.1052631578947368,0.05263157894736842,0.1578947368421053,0.0,0.0,0.0,1.5
0.1052631578947368,0.0,0.0,0.0,0.0,0.0,0.0,0.0,0.05263157894736842,0.2631578947368421,0.1578947368421053,0.1052631578947368,0.0,0.1052631578947368,0.05263157894736842,0.1578947368421053,0.0,0.0,0.0,1.478947368421053
0.1428571428571428,0.0,0.07142857142857142,0.07142857142857142,0.07142857142857142,0.03571428571428571,0.0,0.07142857142857142,0.0,0.07142857142857142,0.1428571428571428,0.1785714285714286,0.03571428571428571,0.0,0.0,0.0,0.07142857142857142,0.0,0.0,-0.03214285714285716
0.1363636363636364,0.0,0.09090909090909091,0.09090909090909091,0.0,0.04545454545454546,0.0,0.09090909090909091,0.0,0.04545454545454546,0.1818181818181818,0.1818181818181818,0.04545454545454546,0.0,0.0,0.0,0.04545454545454546,0.0,0.0,-0.3454545454545455
0.1428571428571428,0.0,0.07142857142857142,0.07142857142857142,0.07142857142857142,0.03571428571428571,0.0,0.07142857142857142,0.0,0.07142857142857142,0.1428571428571428,0.1428571428571428,0.03571428571428571,0.0,0.0,0.03571428571428571,0.07142857142857142,0.0,0.0,0.07857142857142856
0.12,0.12,0.0,0.0,0.0,0.0,0.0,0.16,0.16,0.16,0.08,0.08,0.0,0.08,0.0,0.0,0.0,0.04,0.0,-3.996802888650563e-17
0.12,0.16,0.0,0.0,0.0,0.0,0.0,0.16,0.16,0.16,0.08,0.04,0.0,0.08,0.0,0.0,0.0,0.04,0.0,-0.02400000000000004
0.1,0.15,0.0,0.05,0.0,0.0,0.0,0.1,0.1,0.2,0.15,0.05,0.0,0.05,0.0,0.05,0.0,0.0,0.0,0.3449999999999999
0.02439024390243903,0.1951219512195122,0.02439024390243903,0.0,0.0975609756097561,0.02439024390243903,0.0,0.2195121951219512,0.0,0.02439024390243903,0.0,0.0,0.0,0.07317073170731707,0.1463414634146341,0.04878048780487805,0.0,0.0,0.04878048780487805,-0.8707317073170733
0.1388888888888889,0.0,0.0,0.02777777777777778,0.1666666666666667,0.0,0.02777777777777778,0.1388888888888889,0.0,0.0,0.08333333333333333,0.2222222222222222,0.02777777777777778,0.0,0.05555555555555555,0.0,0.05555555555555555,0.02777777777777778,0.0,-0.2333333333333333
0.1428571428571428,0.0,0.02857142857142857,0.02857142857142857,0.1714285714285714,0.05714285714285714,0.02857142857142857,0.1142857142857143,0.0,0.02857142857142857,0.08571428571428572,0.1142857142857143,0.05714285714285714,0.0,0.02857142857142857,0.02857142857142857,0.05714285714285714,0.0,0.0,0.1485714285714285
0.2380952380952381,0.0,0.04761904761904762,0.0,0.0,0.0,0.0,0.09523809523809523,0.0,0.09523809523809523,0.2857142857142857,0.1904761904761905,0.0,0.0,0.0,0.0,0.0,0.0,0.04761904761904762,0.9333333333333332
0.0,0.25,0.0625,0.0,0.0,0.0,0.0625,0.0625,0.0,0.0625,0.125,0.3125,0.0,0.0625,0.0,0.0,0.0,0.0,0.0,-1.875
0.1071428571428571,0.0,0.0,0.2142857142857143,0.0,0.03571428571428571,0.0,0.1071428571428571,0.0,0.0,0.1071428571428571,0.07142857142857142,0.07142857142857142,0.0,0.03571428571428571,0.07142857142857142,0.07142857142857142,0.0,0.03571428571428571,-0.6714285714285715
0.0,0.625,0.0,0.0,0.0,0.0,0.0,0.0,0.0,0.0,0.0,0.0,0.0,0.0,0.0,0.0,0.0,0.375,0.0,-3.15
0.0,0.09090909090909091,0.0,0.0,0.0,0.0,0.0,0.1363636363636364,0.1818181818181818,0.1363636363636364,0.04545454545454546,0.04545454545454546,0.0,0.1363636363636364,0.0,0.0,0.09090909090909091,0.0,0.0,-0.1181818181818183
0.04545454545454546,0.1363636363636364,0.0,0.0,0.0,0.0,0.0,0.1818181818181818,0.1363636363636364,0.1818181818181818,0.04545454545454546,0.0,0.0,0.1363636363636364,0.0,0.04545454545454546,0.04545454545454546,0.0,0.0,0.2636363636363635
0.05,0.15,0.0,0.0,0.0,0.0,0.0,0.05,0.05,0.05,0.05,0.25,0.0,0.1,0.05,0.0,0.05,0.1,0.05,-1.315
0.05,0.15,0.0,0.0,0.0,0.0,0.0,0.05,0.05,0.05,0.05,0.25,0.0,0.1,0.05,0.0,0.05,0.05,0.1,-1.335
0.0,0.2142857142857143,0.0,0.0,0.0,0.03571428571428571,0.0,0.07142857142857142,0.07142857142857142,0.03571428571428571,0.1428571428571428,0.07142857142857142,0.0,0.03571428571428571,0.0,0.03571428571428571,0.07142857142857142,0.03571428571428571,0.07142857142857142,-1.025
0.1538461538461539,0.0,0.0,0.0,0.0,0.0,0.0,0.07692307692307693,0.0,0.0,0.3846153846153846,0.1538461538461539,0.0,0.1538461538461539,0.0,0.07692307692307693,0.0,0.0,0.0,1.476923076923077
0.1428571428571428,0.0,0.04761904761904762,0.0,0.09523809523809523,0.0,0.0,0.04761904761904762,0.0,0.1428571428571428,0.1904761904761905,0.09523809523809523,0.0,0.04761904761904762,0.04761904761904762,0.04761904761904762,0.04761904761904762,0.0,0.04761904761904762,1.228571428571429
0.15,0.0,0.05,0.0,0.1,0.0,0.0,0.05,0.0,0.15,0.1,0.1,0.0,0.1,0.05,0.05,0.05,0.0,0.05,1.05
0.07692307692307693,0.07692307692307693,0.0,0.0,0.0,0.03846153846153846,0.03846153846153846,0.1153846153846154,0.0,0.1538461538461539,0.1538461538461539,0.1153846153846154,0.0,0.0,0.03846153846153846,0.07692307692307693,0.03846153846153846,0.03846153846153846,0.0,0.1192307692307692
0.08333333333333333,0.0,0.0,0.0,0.08333333333333333,0.0,0.0,0.0,0.0,0.125,0.2083333333333333,0.25,0.0,0.08333333333333333,0.04166666666666666,0.04166666666666666,0.04166666666666666,0.0,0.04166666666666666,0.7875000000000001
0.1538461538461539,0.0,0.0,0.0,0.0,0.0,0.0,0.0,0.0,0.0,0.3846153846153846,0.3076923076923077,0.0,0.1538461538461539,0.0,0.0,0.0,0.0,0.0,0.9692307692307692
0.1538461538461539,0.0,0.07692307692307693,0.0,0.0,0.0,0.0,0.07692307692307693,0.0,0.0,0.3846153846153846,0.1538461538461539,0.0,0.1538461538461539,0.0,0.0,0.0,0.0,0.0,1.269230769230769
0.125,0.0,0.04166666666666666,0.0,0.08333333333333333,0.0,0.0,0.04166666666666666,0.0,0.125,0.2083333333333333,0.04166666666666666,0.0,0.125,0.08333333333333333,0.04166666666666666,0.04166666666666666,0.0,0.04166666666666666,1.5625
0.2142857142857143,0.2142857142857143,0.0,0.0,0.0,0.0,0.0,0.2142857142857143,0.0,0.0,0.1428571428571428,0.0,0.0,0.0,0.07142857142857142,0.0,0.0,0.0,0.0,-0.2357142857142857
0.0,0.1666666666666667,0.0,0.1666666666666667,0.08333333333333333,0.0,0.0,0.3333333333333333,0.0,0.0,0.0,0.0,0.0,0.0,0.08333333333333333,0.08333333333333333,0.0,0.0,0.0,-1.458333333333333
0.0,0.03125,0.0,0.0,0.0,0.0,0.0,0.09375,0.03125,0.0,0.28125,0.25,0.03125,0.0,0.125,0.03125,0.03125,0.0625,0.0,-0.4281250000000001
0.0,0.25,0.0,0.04166666666666666,0.25,0.0,0.0,0.1666666666666667,0.0,0.04166666666666666,0.0,0.04166666666666666,0.0,0.04166666666666666,0.0,0.0,0.0,0.04166666666666666,0.08333333333333333,-0.7166666666666667
0.05263157894736842,0.4210526315789473,0.0,0.0,0.05263157894736842,0.0,0.0,0.0,0.05263157894736842,0.1052631578947368,0.0,0.05263157894736842,0.0,0.1578947368421053,0.05263157894736842,0.0,0.05263157894736842,0.0,0.0,-1.247368421052632
0.0,0.5,0.0,0.0,0.0,0.05555555555555555,0.0,0.05555555555555555,0.0,0.05555555555555555,0.1666666666666667,0.05555555555555555,0.05555555555555555,0.0,0.0,0.0,0.0,0.0,0.05555555555555555,-1.766666666666667
0.05555555555555555,0.5,0.0,0.1111111111111111,0.0,0.0,0.0,0.0,0.05555555555555555,0.0,0.1111111111111111,0.0,0.0,0.0,0.05555555555555555,0.0,0.05555555555555555,0.0,0.0,-2.422222222222222
0.03571428571428571,0.3214285714285715,0.0,0.07142857142857142,0.0,0.0,0.07142857142857142,0.0,0.0,0.0,0.1428571428571428,0.1071428571428571,0.0,0.0,0.07142857142857142,0.03571428571428571,0.07142857142857142,0.0,0.03571428571428571,-1.996428571428571
0.07692307692307693,0.1923076923076923,0.0,0.03846153846153846,0.0,0.0,0.0,0.1923076923076923,0.03846153846153846,0.1153846153846154,0.1153846153846154,0.1538461538461539,0.0,0.0,0.0,0.0,0.0,0.03846153846153846,0.0,-0.7384615384615386
0.16,0.04,0.0,0.0,0.0,0.0,0.0,0.12,0.08,0.0,0.08,0.2,0.0,0.04,0.0,0.0,0.08,0.08,0.04,-0.74
0.08695652173913043,0.04347826086956522,0.0,0.0,0.0,0.0,0.04347826086956522,0.08695652173913043,0.04347826086956522,0.0,0.2173913043478261,0.2173913043478261,0.0,0.0,0.0,0.0,0.08695652173913043,0.04347826086956522,0.04347826086956522,-0.5434782608695652
0.0,0.09090909090909091,0.0,0.0,0.0,0.0,0.0,0.0,0.0,0.1818181818181818,0.3636363636363636,0.09090909090909091,0.0,0.0,0.0,0.1818181818181818,0.09090909090909091,0.0,0.0,1.227272727272727
0.0,0.2727272727272727,0.0,0.0,0.0,0.0,0.0,0.0,0.0,0.2727272727272727,0.3636363636363636,0.09090909090909091,0.0,0.0,0.0,0.0,0.0,0.0,0.0,1.027272727272727
0.0,0.2727272727272727,0.0,0.0,0.0,0.0,0.0,0.0,0.0,0.1818181818181818,0.4545454545454545,0.09090909090909091,0.0,0.0,0.0,0.0,0.0,0.0,0.0,0.9636363636363636
0.0,0.09090909090909091,0.0,0.0,0.0,0.0,0.0,0.0,0.0,0.1818181818181818,0.5454545454545454,0.1818181818181818,0.0,0.0,0.0,0.0,0.0,0.0,0.0,1.772727272727272
0.0,0.09090909090909091,0.0,0.0,0.0,0.0,0.0,0.0,0.0,0.1818181818181818,0.4545454545454545,0.09090909090909091,0.0,0.0,0.0,0.0,0.0,0.0,0.1818181818181818,1.545454545454545
0.0,0.3636363636363636,0.0,0.0,0.0,0.0,0.0,0.0,0.0,0.1818181818181818,0.3636363636363636,0.09090909090909091,0.0,0.0,0.0,0.0,0.0,0.0,0.0,0.209090909090909
0.0,0.09090909090909091,0.0,0.0,0.0,0.1818181818181818,0.0,0.0,0.0,0.2727272727272727,0.3636363636363636,0.09090909090909091,0.0,0.0,0.0,0.0,0.0,0.0,0.0,1.209090909090909
0.0,0.09090909090909091,0.0,0.0,0.0,0.1818181818181818,0.0,0.0,0.0,0.1818181818181818,0.3636363636363636,0.09090909090909091,0.09090909090909091,0.0,0.0,0.0,0.0,0.0,0.0,0.9727272727272727
0.0,0.09090909090909091,0.0,0.0,0.0,0.0,0.0,0.0,0.0,0.1818181818181818,0.4545454545454545,0.09090909090909091,0.1818181818181818,0.0,0.0,0.0,0.0,0.0,0.0,2.127272727272727
0.0,0.1818181818181818,0.0,0.0,0.0,0.1818181818181818,0.0,0.0,0.0,0.1818181818181818,0.3636363636363636,0.09090909090909091,0.0,0.0,0.0,0.0,0.0,0.0,0.0,0.3909090909090908
0.0,0.09090909090909091,0.0,0.0,0.0,0.1818181818181818,0.0,0.0,0.0,0.1818181818181818,0.3636363636363636,0.1818181818181818,0.0,0.0,0.0,0.0,0.0,0.0,0.0,0.4454545454545454
0.0,0.09090909090909091,0.0,0.0,0.0,0.1818181818181818,0.0,0.0,0.0,0.1818181818181818,0.3636363636363636,0.09090909090909091,0.0,0.0,0.0,0.0,0.0,0.0,0.09090909090909091,0.6818181818181818
0.0,0.09090909090909091,0.0,0.0,0.0,0.09090909090909091,0.0,0.0,0.0,0.1818181818181818,0.5454545454545454,0.09090909090909091,0.0,0.0,0.0,0.0,0.0,0.0,0.0,1.809090909090909
0.0,0.09090909090909091,0.0,0.0,0.0,0.0,0.0,0.0,0.0,0.1818181818181818,0.5454545454545454,0.09090909090909091,0.0,0.0,0.0,0.0,0.09090909090909091,0.0,0.0,2.063636363636363
0.0,0.1818181818181818,0.0,0.0,0.0,0.0,0.0,0.0,0.0,0.1818181818181818,0.5454545454545454,0.09090909090909091,0.0,0.0,0.0,0.0,0.0,0.0,0.0,1.718181818181818
0.0,0.09090909090909091,0.0,0.0,0.0,0.0,0.0,0.0,0.0,0.1818181818181818,0.6363636363636364,0.09090909090909091,0.0,0.0,0.0,0.0,0.0,0.0,0.0,2.472727272727273
0.0,0.09090909090909091,0.0,0.0,0.0,0.09090909090909091,0.0,0.0,0.0,0.1818181818181818,0.5454545454545454,0.09090909090909091,0.0,0.0,0.0,0.0,0.0,0.0,0.0,1.809090909090909
0.0,0.09090909090909091,0.0,0.0,0.0,0.09090909090909091,0.0,0.0,0.0,0.1818181818181818,0.4545454545454545,0.09090909090909091,0.0,0.0,0.0,0.0,0.0,0.0,0.0,1.463636363636364
0.0,0.09090909090909091,0.0,0.0,0.09090909090909091,0.0,0.0,0.0,0.0,0.1818181818181818,0.5454545454545454,0.09090909090909091,0.0,0.0,0.0,0.0,0.0,0.0,0.0,2.354545454545454
0.08333333333333333,0.04166666666666666,0.04166666666666666,0.04166666666666666,0.08333333333333333,0.0,0.0,0.08333333333333333,0.04166666666666666,0.04166666666666666,0.08333333333333333,0.125,0.0,0.08333333333333333,0.125,0.0,0.08333333333333333,0.04166666666666666,0.0,-0.3333333333333333
0.0,0.1363636363636364,0.04545454545454546,0.1363636363636364,0.0,0.0,0.0,0.04545454545454546,0.0,0.09090909090909091,0.04545454545454546,0.09090909090909091,0.0,0.1363636363636364,0.04545454545454546,0.09090909090909091,0.04545454545454546,0.04545454545454546,0.0,-0.8772727272727273
0.02127659574468085,0.0851063829787234,0.06382978723404255,0.1063829787234043,0.1702127659574468,0.0,0.0425531914893617,0.06382978723404255,0.0425531914893617,0.0,0.0425531914893617,0.1063829787234043,0.0,0.0425531914893617,0.02127659574468085,0.0425531914893617,0.1063829787234043,0.02127659574468085,0.02127659574468085,-1.148936170212766
0.0,0.09090909090909091,0.0,0.0,0.3636363636363636,0.0,0.0,0.1818181818181818,0.0,0.09090909090909091,0.0,0.04545454545454546,0.0,0.09090909090909091,0.04545454545454546,0.0,0.04545454545454546,0.0,0.0,0.8090909090909091
0.0303030303030303,0.0,0.0,0.0,0.0,0.0,0.09090909090909091,0.0303030303030303,0.0,0.09090909090909091,0.0,0.4545454545454545,0.0,0.09090909090909091,0.0303030303030303,0.0,0.0,0.09090909090909091,0.0,-1.515151515151515
0.02941176470588235,0.05882352941176471,0.05882352941176471,0.0,0.0,0.0,0.05882352941176471,0.08823529411764706,0.0,0.1176470588235294,0.0,0.3235294117647059,0.02941176470588235,0.05882352941176471,0.02941176470588235,0.0,0.0,0.05882352941176471,0.0,-1.270588235294118
0.25,0.05555555555555555,0.05555555555555555,0.0,0.0,0.0,0.05555555555555555,0.1388888888888889,0.0,0.1111111111111111,0.1111111111111111,0.08333333333333333,0.02777777777777778,0.0,0.02777777777777778,0.0,0.0,0.0,0.0,0.3611111111111111
0.07692307692307693,0.07692307692307693,0.0,0.0,0.0,0.07692307692307693,0.0,0.1153846153846154,0.0,0.1153846153846154,0.1538461538461539,0.1153846153846154,0.0,0.0,0.03846153846153846,0.03846153846153846,0.07692307692307693,0.03846153846153846,0.0,-0.05000000000000001
0.0,0.08333333333333333,0.0,0.0,0.08333333333333333,0.04166666666666666,0.04166666666666666,0.04166666666666666,0.0,0.0,0.04166666666666666,0.1666666666666667,0.04166666666666666,0.08333333333333333,0.08333333333333333,0.0,0.04166666666666666,0.04166666666666666,0.125,-1.016666666666667
0.08333333333333333,0.0,0.08333333333333333,0.0,0.0,0.0,0.0,0.0,0.0,0.0,0.1666666666666667,0.0,0.0,0.1666666666666667,0.08333333333333333,0.1666666666666667,0.0,0.0,0.08333333333333333,0.5833333333333333
0.0,0.04651162790697674,0.02325581395348837,0.2325581395348837,0.04651162790697674,0.1395348837209302,0.04651162790697674,0.06976744186046512,0.04651162790697674,0.04651162790697674,0.04651162790697674,0.09302325581395349,0.02325581395348837,0.0,0.02325581395348837,0.04651162790697674,0.02325581395348837,0.02325581395348837,0.0,-1.86046511627907
0.0,0.09090909090909091,0.0,0.0,0.0,0.1818181818181818,0.0,0.3636363636363636,0.0,0.0,0.0,0.0,0.0,0.0,0.3636363636363636,0.0,0.0,0.0,0.0,-1.772727272727273
0.0,0.1428571428571428,0.0,0.0,0.0,0.0,0.07142857142857142,0.07142857142857142,0.2857142857142857,0.0,0.0,0.2142857142857143,0.0,0.07142857142857142,0.0,0.07142857142857142,0.0,0.0,0.07142857142857142,-2.621428571428571
0.0,0.05,0.0,0.0,0.0,0.15,0.05,0.15,0.0,0.0,0.05,0.0,0.0,0.05,0.25,0.0,0.0,0.0,0.2,-1.315
0.0,0.1111111111111111,0.0,0.1111111111111111,0.0,0.0,0.2222222222222222,0.0,0.0,0.0,0.1111111111111111,0.1111111111111111,0.0,0.1111111111111111,0.0,0.2222222222222222,0.0,0.0,0.0,-1.544444444444445
0.04166666666666666,0.125,0.0,0.04166666666666666,0.0,0.0,0.04166666666666666,0.08333333333333333,0.2916666666666667,0.0,0.0,0.1666666666666667,0.0,0.04166666666666666,0.0,0.08333333333333333,0.0,0.0,0.08333333333333333,-2.454166666666667
0.05357142857142857,0.05357142857142857,0.05357142857142857,0.0,0.0,0.1964285714285714,0.01785714285714286,0.1785714285714286,0.0,0.0,0.0,0.01785714285714286,0.0,0.0,0.3928571428571428,0.03571428571428571,0.0,0.0,0.0,-1.880357142857143
0.05263157894736842,0.07017543859649122,0.03508771929824561,0.05263157894736842,0.0,0.0,0.05263157894736842,0.05263157894736842,0.1228070175438596,0.03508771929824561,0.07017543859649122,0.07017543859649122,0.05263157894736842,0.1052631578947368,0.01754385964912281,0.08771929824561403,0.0,0.0,0.08771929824561403,-0.7929824561403509
0.1153846153846154,0.07692307692307693,0.0,0.0,0.0,0.0,0.0,0.1538461538461539,0.03846153846153846,0.07692307692307693,0.07692307692307693,0.2692307692307692,0.0,0.07692307692307693,0.0,0.03846153846153846,0.0,0.0,0.03846153846153846,-0.6000000000000001
0.0,0.2564102564102564,0.0,0.0,0.0,0.0,0.0,0.02564102564102564,0.0,0.02564102564102564,0.05128205128205128,0.0,0.0,0.1282051282051282,0.4871794871794872,0.0,0.0,0.0,0.02564102564102564,-1.307692307692308
0.0,0.0,0.0,0.0,0.0,0.0,0.07142857142857142,0.2142857142857143,0.0,0.1428571428571428,0.1428571428571428,0.1428571428571428,0.0,0.07142857142857142,0.0,0.07142857142857142,0.0,0.07142857142857142,0.0,0.3714285714285714
0.07692307692307693,0.0,0.0,0.0,0.0,0.0,0.0,0.1538461538461539,0.0,0.2307692307692308,0.1538461538461539,0.07692307692307693,0.0,0.07692307692307693,0.0,0.1538461538461539,0.0,0.07692307692307693,0.0,1.423076923076923
0.0,0.0,0.07692307692307693,0.0,0.0,0.0,0.0,0.07692307692307693,0.0,0.1538461538461539,0.2307692307692308,0.07692307692307693,0.0,0.07692307692307693,0.0,0.1538461538461539,0.07692307692307693,0.07692307692307693,0.0,0.9384615384615385
0.0,0.0,0.0,0.0,0.0,0.0,0.0,0.0,0.0,0.2307692307692308,0.2307692307692308,0.4615384615384616,0.0,0.0,0.0,0.07692307692307693,0.0,0.0,0.0,0.05384615384615384
0.0,0.0,0.0,0.0,0.0,0.0,0.0,0.0,0.0,0.25,0.1666666666666667,0.4166666666666667,0.0,0.0,0.0,0.08333333333333333,0.0,0.0,0.0,0.06666666666666664
0.0,0.0,0.0,0.0,0.0,0.0,0.0,0.0,0.0,0.2307692307692308,0.1538461538461539,0.4615384615384616,0.0,0.0,0.0,0.07692307692307693,0.0,0.0,0.0,-0.2384615384615384
0.0625,0.0625,0.0,0.0,0.0,0.0,0.0,0.125,0.0,0.125,0.125,0.25,0.0,0.125,0.0,0.0625,0.0,0.0625,0.0,0.08749999999999997
0.0625,0.0625,0.0,0.0,0.0,0.0,0.0,0.125,0.0,0.125,0.1875,0.1875,0.0,0.125,0.0,0.0625,0.0,0.0625,0.0,0.56875
0.1379310344827586,0.0,0.03448275862068965,0.03448275862068965,0.0,0.0,0.03448275862068965,0.06896551724137931,0.0,0.103448275862069,0.103448275862069,0.2413793103448276,0.03448275862068965,0.0,0.03448275862068965,0.03448275862068965,0.03448275862068965,0.0,0.0,-0.2655172413793104
0.07407407407407407,0.1111111111111111,0.07407407407407407,0.07407407407407407,0.0,0.03703703703703703,0.0,0.0,0.03703703703703703,0.0,0.1111111111111111,0.1111111111111111,0.03703703703703703,0.03703703703703703,0.03703703703703703,0.07407407407407407,0.0,0.1111111111111111,0.03703703703703703,-1.237037037037037
0.07407407407407407,0.1111111111111111,0.07407407407407407,0.07407407407407407,0.0,0.0,0.0,0.0,0.03703703703703703,0.0,0.1111111111111111,0.1111111111111111,0.03703703703703703,0.03703703703703703,0.03703703703703703,0.03703703703703703,0.0,0.1851851851851852,0.03703703703703703,-1.144444444444445
0.07407407407407407,0.07407407407407407,0.07407407407407407,0.07407407407407407,0.0,0.03703703703703703,0.0,0.03703703703703703,0.03703703703703703,0.0,0.1111111111111111,0.1111111111111111,0.03703703703703703,0.03703703703703703,0.03703703703703703,0.07407407407407407,0.0,0.1111111111111111,0.03703703703703703,-1.085185185185185
0.07407407407407407,0.1111111111111111,0.07407407407407407,0.03703703703703703,0.0,0.03703703703703703,0.03703703703703703,0.03703703703703703,0.03703703703703703,0.0,0.1111111111111111,0.07407407407407407,0.03703703703703703,0.03703703703703703,0.0,0.07407407407407407,0.0,0.1481481481481481,0.03703703703703703,-1.081481481481481
0.07407407407407407,0.0,0.07407407407407407,0.03703703703703703,0.0,0.03703703703703703,0.0,0.03703703703703703,0.03703703703703703,0.0,0.1111111111111111,0.07407407407407407,0.03703703703703703,0.03703703703703703,0.0,0.07407407407407407,0.0,0.2962962962962963,0.03703703703703703,-0.5851851851851853
0.07407407407407407,0.1481481481481481,0.07407407407407407,0.07407407407407407,0.0,0.03703703703703703,0.03703703703703703,0.03703703703703703,0.03703703703703703,0.0,0.1111111111111111,0.1111111111111111,0.03703703703703703,0.03703703703703703,0.03703703703703703,0.07407407407407407,0.0,0.0,0.03703703703703703,-1.448148148148148
0.1333333333333333,0.1333333333333333,0.0,0.1333333333333333,0.0,0.0,0.0,0.06666666666666667,0.06666666666666667,0.2,0.0,0.06666666666666667,0.0,0.0,0.0,0.0,0.0,0.0,0.06666666666666667,-0.5133333333333333
0.09090909090909091,0.0,0.0,0.0,0.0,0.0,0.0,0.0,0.0,0.09090909090909091,0.1818181818181818,0.2727272727272727,0.0,0.0,0.0,0.0,0.1818181818181818,0.0,0.0,0.07272727272727277
0.03333333333333333,0.1,0.0,0.0,0.0,0.0,0.03333333333333333,0.03333333333333333,0.0,0.06666666666666667,0.03333333333333333,0.3,0.0,0.1666666666666667,0.06666666666666667,0.06666666666666667,0.0,0.0,0.0,-0.9566666666666668
0.05882352941176471,0.0,0.1764705882352941,0.0,0.0,0.05882352941176471,0.0,0.0,0.0,0.0,0.05882352941176471,0.1176470588235294,0.0,0.05882352941176471,0.0,0.2941176470588235,0.0,0.0,0.1176470588235294,-1.176470588235294
0.05882352941176471,0.0,0.1764705882352941,0.0,0.0,0.05882352941176471,0.0,0.0,0.0,0.0,0.05882352941176471,0.1176470588235294,0.0,0.05882352941176471,0.0,0.2941176470588235,0.0,0.0,0.1176470588235294,-1.176470588235294
0.0625,0.0,0.0625,0.0625,0.0,0.0,0.0,0.3125,0.0,0.0625,0.0,0.0625,0.0,0.0,0.0,0.125,0.0625,0.0,0.125,-0.71875
0.0625,0.1875,0.0,0.0,0.1875,0.0,0.0625,0.09375,0.0,0.03125,0.09375,0.0,0.0,0.0,0.0,0.09375,0.09375,0.0,0.0625,-0.24375
0.02857142857142857,0.1714285714285714,0.05714285714285714,0.05714285714285714,0.0,0.1142857142857143,0.0,0.08571428571428572,0.0,0.1428571428571428,0.02857142857142857,0.1142857142857143,0.05714285714285714,0.02857142857142857,0.0,0.0,0.0,0.05714285714285714,0.02857142857142857,-1.148571428571429
0.0,0.1111111111111111,0.05555555555555555,0.05555555555555555,0.02777777777777778,0.05555555555555555,0.05555555555555555,0.02777777777777778,0.0,0.08333333333333333,0.08333333333333333,0.1944444444444444,0.05555555555555555,0.02777777777777778,0.0,0.08333333333333333,0.02777777777777778,0.05555555555555555,0.0,-1.238888888888889
0.05405405405405406,0.1891891891891892,0.05405405405405406,0.05405405405405406,0.0,0.08108108108108109,0.05405405405405406,0.02702702702702703,0.0,0.05405405405405406,0.05405405405405406,0.1081081081081081,0.05405405405405406,0.05405405405405406,0.0,0.02702702702702703,0.0,0.08108108108108109,0.02702702702702703,-1.464864864864865
0.0,0.1111111111111111,0.05555555555555555,0.05555555555555555,0.02777777777777778,0.05555555555555555,0.08333333333333333,0.02777777777777778,0.0,0.08333333333333333,0.05555555555555555,0.1944444444444444,0.05555555555555555,0.02777777777777778,0.0,0.08333333333333333,0.02777777777777778,0.05555555555555555,0.0,-1.441666666666667
0.03448275862068965,0.3793103448275862,0.03448275862068965,0.06896551724137931,0.03448275862068965,0.06896551724137931,0.0,0.1379310344827586,0.0,0.103448275862069,0.03448275862068965,0.0,0.03448275862068965,0.0,0.0,0.0,0.0,0.0,0.03448275862068965,-1.6
0.0,0.3,0.03333333333333333,0.06666666666666667,0.06666666666666667,0.0,0.06666666666666667,0.06666666666666667,0.0,0.03333333333333333,0.1,0.1,0.03333333333333333,0.0,0.0,0.1,0.03333333333333333,0.0,0.0,-1.693333333333334
0.06451612903225806,0.3870967741935484,0.03225806451612903,0.06451612903225806,0.03225806451612903,0.03225806451612903,0.06451612903225806,0.06451612903225806,0.0,0.0,0.06451612903225806,0.0,0.03225806451612903,0.03225806451612903,0.0,0.03225806451612903,0.0,0.03225806451612903,0.03225806451612903,-1.948387096774193
0.0,0.3,0.03333333333333333,0.06666666666666667,0.06666666666666667,0.0,0.1,0.06666666666666667,0.0,0.03333333333333333,0.06666666666666667,0.1,0.03333333333333333,0.0,0.0,0.1,0.03333333333333333,0.0,0.0,-1.936666666666667
0.0,0.06666666666666667,0.0,0.1333333333333333,0.06666666666666667,0.0,0.1333333333333333,0.06666666666666667,0.0,0.06666666666666667,0.2,0.1333333333333333,0.0,0.0,0.0,0.1333333333333333,0.0,0.0,0.0,-0.6600000000000001
0.02272727272727273,0.1363636363636364,0.0,0.02272727272727273,0.0,0.1363636363636364,0.04545454545454546,0.1818181818181818,0.0,0.04545454545454546,0.06818181818181818,0.06818181818181818,0.04545454545454546,0.04545454545454546,0.04545454545454546,0.09090909090909091,0.04545454545454546,0.0,0.0,-1.127272727272727
0.1428571428571428,0.1428571428571428,0.04761904761904762,0.04761904761904762,0.0,0.04761904761904762,0.1428571428571428,0.04761904761904762,0.0,0.1428571428571428,0.04761904761904762,0.0,0.0,0.04761904761904762,0.0,0.0,0.0,0.04761904761904762,0.09523809523809523,-0.6142857142857143
0.2380952380952381,0.1428571428571428,0.04761904761904762,0.0,0.0,0.04761904761904762,0.1428571428571428,0.04761904761904762,0.0,0.1428571428571428,0.0,0.0,0.0,0.04761904761904762,0.0,0.0,0.0,0.04761904761904762,0.09523809523809523,-0.4571428571428571
0.1052631578947368,0.3157894736842105,0.0,0.0,0.0,0.1578947368421053,0.0,0.05263157894736842,0.0,0.05263157894736842,0.0,0.1578947368421053,0.0,0.0,0.1052631578947368,0.0,0.0,0.0,0.0,-2.352631578947368
0.075,0.225,0.025,0.075,0.0,0.05,0.0,0.225,0.025,0.0,0.075,0.075,0.025,0.0,0.025,0.025,0.0,0.025,0.05,-1.68
0.04,0.28,0.0,0.04,0.0,0.04,0.0,0.24,0.04,0.0,0.04,0.12,0.0,0.0,0.04,0.04,0.0,0.04,0.04,-2.192
0.1666666666666667,0.1666666666666667,0.08333333333333333,0.1666666666666667,0.0,0.08333333333333333,0.0,0.0,0.0,0.0,0.1666666666666667,0.0,0.08333333333333333,0.0,0.0,0.0,0.0,0.0,0.08333333333333333,-0.9333333333333335
0.04,0.12,0.04,0.0,0.04,0.08,0.0,0.04,0.04,0.08,0.04,0.2,0.04,0.08,0.0,0.08,0.0,0.08,0.0,-1.036
0.04651162790697674,0.2093023255813954,0.0,0.02325581395348837,0.0,0.04651162790697674,0.0,0.1162790697674419,0.09302325581395349,0.0,0.04651162790697674,0.186046511627907,0.0,0.0,0.02325581395348837,0.1627906976744186,0.02325581395348837,0.02325581395348837,0.0,-2.2
0.0,0.4285714285714285,0.0,0.0,0.0,0.0,0.0,0.0,0.0,0.0,0.5714285714285714,0.0,0.0,0.0,0.0,0.0,0.0,0.0,0.0,0.2428571428571427
0.0,0.4285714285714285,0.0,0.0,0.0,0.0,0.0,0.0,0.0,0.0,0.5714285714285714,0.0,0.0,0.0,0.0,0.0,0.0,0.0,0.0,0.2428571428571427
0.0,0.0,0.0,0.0,0.0,0.0,0.0,0.0,0.0,0.0,0.5714285714285714,0.4285714285714285,0.0,0.0,0.0,0.0,0.0,0.0,0.0,0.5
0.0,0.0,0.0,0.0,0.0,0.0,0.0,0.0,0.0,0.0,0.5714285714285714,0.4285714285714285,0.0,0.0,0.0,0.0,0.0,0.0,0.0,0.5
0.08,0.36,0.0,0.0,0.0,0.0,0.0,0.08,0.04,0.04,0.08,0.16,0.0,0.04,0.0,0.04,0.04,0.0,0.0,-1.724
0.0,0.0,0.0,0.0,0.0,0.0,0.07142857142857142,0.0,0.0,0.0,0.5,0.4285714285714285,0.0,0.0,0.0,0.0,0.0,0.0,0.0,-0.02142857142857148
0.0,0.0,0.0,0.0,0.0,0.07142857142857142,0.0,0.0,0.0,0.0,0.5,0.4285714285714285,0.0,0.0,0.0,0.0,0.0,0.0,0.0,-0.02142857142857148
0.0,0.0,0.0,0.0,0.0,0.0,0.0,0.0,0.0,0.0,0.5,0.5,0.0,0.0,0.0,0.0,0.0,0.0,0.0,-0.0500000000000002
0.0,0.0,0.0,0.0,0.0,0.0,0.07142857142857142,0.0,0.0,0.0,0.5714285714285714,0.3571428571428572,0.0,0.0,0.0,0.0,0.0,0.0,0.0,0.5285714285714285
0.0,0.0,0.0,0.0,0.0,0.0,0.07142857142857142,0.0,0.0,0.0,0.5,0.4285714285714285,0.0,0.0,0.0,0.0,0.0,0.0,0.0,-0.02142857142857148
0.0,0.0,0.0,0.0,0.0,0.0,0.07142857142857142,0.0,0.0,0.0,0.5,0.4285714285714285,0.0,0.0,0.0,0.0,0.0,0.0,0.0,-0.02142857142857148
0.0,0.0,0.0,0.0,0.0,0.0,0.07142857142857142,0.0,0.0,0.0,0.5,0.4285714285714285,0.0,0.0,0.0,0.0,0.0,0.0,0.0,-0.02142857142857148
0.0,0.0,0.0,0.0,0.0,0.0,0.07142857142857142,0.0,0.0,0.0,0.5,0.4285714285714285,0.0,0.0,0.0,0.0,0.0,0.0,0.0,-0.02142857142857148
0.0,0.0,0.0,0.0,0.0,0.0,0.07142857142857142,0.0,0.0,0.0,0.5,0.4285714285714285,0.0,0.0,0.0,0.0,0.0,0.0,0.0,-0.02142857142857148
0.0,0.0,0.0,0.0,0.0,0.0,0.07142857142857142,0.0,0.0,0.0,0.5,0.4285714285714285,0.0,0.0,0.0,0.0,0.0,0.0,0.0,-0.02142857142857148
0.0,0.0,0.0,0.0,0.0,0.0,0.07142857142857142,0.0,0.0,0.0,0.5,0.4285714285714285,0.0,0.0,0.0,0.0,0.0,0.0,0.0,-0.02142857142857148
0.07692307692307693,0.2692307692307692,0.0,0.07692307692307693,0.03846153846153846,0.03846153846153846,0.03846153846153846,0.03846153846153846,0.0,0.0,0.03846153846153846,0.07692307692307693,0.03846153846153846,0.07692307692307693,0.0,0.07692307692307693,0.03846153846153846,0.03846153846153846,0.03846153846153846,-1.569230769230769
0.04545454545454546,0.2727272727272727,0.0,0.04545454545454546,0.04545454545454546,0.04545454545454546,0.0,0.04545454545454546,0.0,0.0,0.04545454545454546,0.09090909090909091,0.04545454545454546,0.09090909090909091,0.0,0.09090909090909091,0.04545454545454546,0.04545454545454546,0.04545454545454546,-1.413636363636364
0.05882352941176471,0.3529411764705883,0.0,0.05882352941176471,0.05882352941176471,0.05882352941176471,0.0,0.05882352941176471,0.0,0.0,0.0,0.1176470588235294,0.05882352941176471,0.0,0.0,0.05882352941176471,0.05882352941176471,0.0,0.05882352941176471,-2.28235294117647
0.0,0.375,0.0,0.0,0.0,0.0625,0.0,0.0625,0.0,0.0,0.0625,0.125,0.0,0.125,0.0,0.0625,0.0,0.0625,0.0625,-2.01875
0.05263157894736842,0.3157894736842105,0.0,0.0,0.05263157894736842,0.05263157894736842,0.0,0.05263157894736842,0.0,0.0,0.05263157894736842,0.1052631578947368,0.0,0.1052631578947368,0.0,0.05263157894736842,0.05263157894736842,0.05263157894736842,0.05263157894736842,-1.510526315789474
0.0,0.3,0.1,0.0,0.05,0.05,0.0,0.15,0.0,0.0,0.0,0.1,0.0,0.0,0.0,0.1,0.0,0.0,0.15,-2.475
0.0,0.0,0.2857142857142857,0.0,0.1428571428571428,0.0,0.0,0.0,0.0,0.0,0.0,0.0,0.0,0.0,0.0,0.2857142857142857,0.0,0.0,0.2857142857142857,-1.242857142857143
0.06451612903225806,0.2258064516129032,0.06451612903225806,0.0,0.03225806451612903,0.03225806451612903,0.03225806451612903,0.06451612903225806,0.0,0.06451612903225806,0.0967741935483871,0.0967741935483871,0.0,0.0,0.03225806451612903,0.03225806451612903,0.03225806451612903,0.0,0.03225806451612903,-1.158064516129032
0.0,0.2258064516129032,0.06451612903225806,0.06451612903225806,0.03225806451612903,0.03225806451612903,0.03225806451612903,0.06451612903225806,0.0,0.06451612903225806,0.0967741935483871,0.0967741935483871,0.0,0.0,0.03225806451612903,0.03225806451612903,0.03225806451612903,0.0,0.03225806451612903,-1.5
0.2,0.0,0.0,0.0,0.06666666666666667,0.06666666666666667,0.06666666666666667,0.06666666666666667,0.0,0.1333333333333333,0.06666666666666667,0.1333333333333333,0.0,0.0,0.06666666666666667,0.1333333333333333,0.0,0.0,0.0,0.1533333333333333
0.1333333333333333,0.0,0.06666666666666667,0.0,0.06666666666666667,0.06666666666666667,0.06666666666666667,0.06666666666666667,0.0,0.1333333333333333,0.1333333333333333,0.06666666666666667,0.0,0.0,0.06666666666666667,0.1333333333333333,0.0,0.0,0.0,0.3133333333333333
0.1538461538461539,0.0,0.07692307692307693,0.0,0.0,0.07692307692307693,0.07692307692307693,0.07692307692307693,0.0,0.1538461538461539,0.1538461538461539,0.07692307692307693,0.0,0.0,0.07692307692307693,0.07692307692307693,0.0,0.0,0.0,0.2307692307692307
0.1428571428571428,0.0,0.07142857142857142,0.0,0.0,0.07142857142857142,0.07142857142857142,0.1428571428571428,0.0,0.1428571428571428,0.1428571428571428,0.07142857142857142,0.0,0.0,0.07142857142857142,0.07142857142857142,0.0,0.0,0.0,0.1857142857142857
0.1538461538461539,0.0,0.07692307692307693,0.07692307692307693,0.0,0.07692307692307693,0.0,0.07692307692307693,0.0,0.1538461538461539,0.1538461538461539,0.07692307692307693,0.0,0.0,0.07692307692307693,0.07692307692307693,0.0,0.0,0.0,0.2307692307692307
0.0,0.1,0.0,0.1,0.0,0.0,0.0,0.0,0.1,0.0,0.3,0.0,0.0,0.1,0.0,0.0,0.1,0.0,0.0,0.2299999999999998
0.0,0.15,0.0,0.05,0.0,0.1,0.0,0.0,0.05,0.0,0.2,0.1,0.05,0.05,0.05,0.0,0.05,0.0,0.0,-0.8700000000000001
0.03846153846153846,0.1153846153846154,0.0,0.03846153846153846,0.0,0.07692307692307693,0.0,0.0,0.03846153846153846,0.03846153846153846,0.1538461538461539,0.1153846153846154,0.03846153846153846,0.07692307692307693,0.07692307692307693,0.0,0.03846153846153846,0.0,0.0,-0.5307692307692308
0.0,0.75,0.0,0.0,0.0,0.0,0.0,0.0,0.0,0.0,0.0,0.0,0.0,0.0,0.05,0.0,0.0,0.15,0.05,-3.655
0.1428571428571428,0.1428571428571428,0.0,0.0,0.0,0.0,0.0,0.1428571428571428,0.0,0.1428571428571428,0.1428571428571428,0.1428571428571428,0.0,0.0,0.0,0.0,0.0,0.1428571428571428,0.0,0.05714285714285713
0.04761904761904762,0.04761904761904762,0.0,0.0,0.0,0.0,0.0,0.09523809523809523,0.0,0.04761904761904762,0.1428571428571428,0.4285714285714285,0.0,0.0,0.0,0.0,0.0,0.1428571428571428,0.0,-1.20952380952381
0.0,0.2307692307692308,0.0,0.0,0.07692307692307693,0.0,0.0,0.0,0.0,0.1538461538461539,0.07692307692307693,0.3076923076923077,0.0,0.0,0.0,0.0,0.0,0.07692307692307693,0.0,-1.130769230769231
0.1666666666666667,0.0,0.0,0.0,0.08333333333333333,0.0,0.0,0.04166666666666666,0.0,0.08333333333333333,0.125,0.1666666666666667,0.0,0.08333333333333333,0.04166666666666666,0.125,0.0,0.0,0.0,0.7583333333333333
0.05882352941176471,0.0,0.0,0.0,0.0,0.0,0.0,0.05882352941176471,0.0,0.1764705882352941,0.2352941176470588,0.05882352941176471,0.0,0.1764705882352941,0.1176470588235294,0.1176470588235294,0.0,0.0,0.0,1.752941176470588
0.07692307692307693,0.0,0.0,0.0,0.0,0.07692307692307693,0.0,0.07692307692307693,0.1538461538461539,0.2307692307692308,0.1538461538461539,0.0,0.0,0.1538461538461539,0.0,0.07692307692307693,0.0,0.0,0.0,1.338461538461538
0.0,0.32,0.0,0.0,0.08,0.04,0.04,0.04,0.04,0.16,0.0,0.16,0.08,0.0,0.04,0.0,0.0,0.0,0.0,-1.48
0.03846153846153846,0.2692307692307692,0.0,0.0,0.0,0.07692307692307693,0.03846153846153846,0.03846153846153846,0.0,0.03846153846153846,0.0,0.1923076923076923,0.07692307692307693,0.03846153846153846,0.03846153846153846,0.07692307692307693,0.0,0.0,0.07692307692307693,-2.107692307692308
0.3684210526315789,0.0,0.0,0.0,0.0,0.05263157894736842,0.0,0.05263157894736842,0.0,0.2105263157894737,0.1052631578947368,0.1578947368421053,0.0,0.0,0.0,0.05263157894736842,0.0,0.0,0.0,1.147368421052632
0.0,0.0,0.0,0.07692307692307693,0.0,0.0,0.0,0.07692307692307693,0.0,0.1538461538461539,0.1538461538461539,0.2307692307692308,0.0,0.07692307692307693,0.0,0.07692307692307693,0.0,0.0,0.0,0.2307692307692308
0.0,0.0,0.0,0.07692307692307693,0.0,0.0,0.0,0.07692307692307693,0.0,0.1538461538461539,0.1538461538461539,0.2307692307692308,0.0,0.07692307692307693,0.0,0.07692307692307693,0.0,0.07692307692307693,0.0,0.1615384615384615
0.0,0.0,0.0,0.07692307692307693,0.0,0.0,0.0,0.1538461538461539,0.0,0.1538461538461539,0.1538461538461539,0.1538461538461539,0.0,0.07692307692307693,0.0,0.07692307692307693,0.0,0.07692307692307693,0.0,0.4307692307692307
0.0,0.0,0.0,0.07692307692307693,0.0,0.0,0.0,0.1538461538461539,0.0,0.2307692307692308,0.07692307692307693,0.1538461538461539,0.0,0.07692307692307693,0.0,0.07692307692307693,0.0,0.07692307692307693,0.0,0.4846153846153846
0.0,0.1538461538461539,0.0,0.07692307692307693,0.0,0.0,0.0,0.1538461538461539,0.0,0.07692307692307693,0.07692307692307693,0.1538461538461539,0.0,0.07692307692307693,0.0,0.07692307692307693,0.0,0.07692307692307693,0.0,-0.9000000000000001
0.0,0.0,0.0,0.07692307692307693,0.0,0.0,0.0,0.1538461538461539,0.0,0.1538461538461539,0.1538461538461539,0.1538461538461539,0.0,0.1538461538461539,0.0,0.07692307692307693,0.0,0.07692307692307693,0.0,0.6461538461538461
0.0,0.0,0.0,0.07692307692307693,0.0,0.0,0.0,0.1538461538461539,0.0,0.1538461538461539,0.1538461538461539,0.1538461538461539,0.0,0.1538461538461539,0.0,0.07692307692307693,0.0,0.0,0.0,0.7153846153846153
0.0,0.0,0.0,0.07692307692307693,0.0,0.0,0.0,0.07692307692307693,0.0,0.1538461538461539,0.1538461538461539,0.2307692307692308,0.0,0.1538461538461539,0.0,0.07692307692307693,0.0,0.0,0.0,0.4461538461538461
0.0,0.0,0.0,0.07692307692307693,0.0,0.0,0.0,0.07692307692307693,0.0,0.07692307692307693,0.2307692307692308,0.2307692307692308,0.0,0.1538461538461539,0.0,0.07692307692307693,0.0,0.0,0.0,0.3923076923076922
0.0,0.1538461538461539,0.0,0.07692307692307693,0.0,0.0,0.0,0.07692307692307693,0.0,0.0,0.1538461538461539,0.2307692307692308,0.0,0.1538461538461539,0.0,0.07692307692307693,0.0,0.0,0.0,-0.9384615384615385
0.0,0.0,0.0,0.0,0.0,0.0,0.0,0.1538461538461539,0.0,0.2307692307692308,0.1538461538461539,0.2307692307692308,0.0,0.07692307692307693,0.0,0.07692307692307693,0.0,0.07692307692307693,0.0,0.7461538461538461
0.0,0.0,0.0,0.1538461538461539,0.0,0.0,0.0,0.07692307692307693,0.0,0.07692307692307693,0.1538461538461539,0.1538461538461539,0.0,0.1538461538461539,0.0,0.07692307692307693,0.0,0.0,0.0,0.1307692307692307
0.0,0.0,0.06666666666666667,0.0,0.0,0.0,0.0,0.06666666666666667,0.0,0.2,0.06666666666666667,0.3333333333333333,0.0,0.0,0.0,0.0,0.0,0.06666666666666667,0.0,-0.4666666666666667
0.06666666666666667,0.0,0.06666666666666667,0.0,0.0,0.0,0.0,0.0,0.0,0.2,0.06666666666666667,0.3333333333333333,0.0,0.0,0.0,0.0,0.0,0.06666666666666667,0.0,-0.32
0.0,0.0,0.06666666666666667,0.0,0.0,0.0,0.0,0.06666666666666667,0.0,0.2,0.06666666666666667,0.3333333333333333,0.0,0.0,0.0,0.0,0.0,0.06666666666666667,0.0,-0.4666666666666667
0.0,0.0,0.06666666666666667,0.0,0.0,0.0,0.0,0.0,0.0,0.2,0.06666666666666667,0.4,0.0,0.0,0.0,0.0,0.0,0.06666666666666667,0.0,-0.6999999999999998
0.0,0.0,0.06666666666666667,0.0,0.0,0.0,0.0,0.06666666666666667,0.0,0.1333333333333333,0.06666666666666667,0.4,0.0,0.0,0.0,0.0,0.0,0.06666666666666667,0.0,-1.026666666666667
0.0,0.0,0.06666666666666667,0.0,0.0,0.0,0.0,0.0,0.0,0.2,0.06666666666666667,0.3333333333333333,0.0,0.0,0.06666666666666667,0.0,0.0,0.06666666666666667,0.0,-0.5466666666666667
0.0,0.0,0.06666666666666667,0.0,0.0,0.0,0.0,0.06666666666666667,0.0,0.2,0.06666666666666667,0.4,0.0,0.0,0.0,0.0,0.0,0.06666666666666667,0.0,-0.7266666666666666
0.0,0.0,0.0625,0.0,0.0,0.0,0.0,0.0625,0.0,0.25,0.0625,0.3125,0.0,0.0,0.0,0.0,0.0,0.0625,0.0,-0.15625
0.0,0.0,0.06666666666666667,0.0,0.0,0.0,0.0,0.06666666666666667,0.0,0.0,0.2666666666666667,0.3333333333333333,0.0,0.06666666666666667,0.0,0.0,0.0,0.0,0.0,-0.3600000000000001
0.0,0.0,0.06666666666666667,0.0,0.0,0.0,0.0,0.06666666666666667,0.0,0.0,0.2666666666666667,0.3333333333333333,0.0,0.0,0.0,0.0,0.0,0.06666666666666667,0.0,-0.6066666666666668
0.0,0.3333333333333333,0.06666666666666667,0.0,0.0,0.0,0.0,0.06666666666666667,0.0,0.2,0.06666666666666667,0.0,0.0,0.0,0.0,0.0,0.0,0.06666666666666667,0.0,-0.6666666666666666
0.0,0.0,0.06666666666666667,0.0,0.0,0.0,0.0,0.0,0.0,0.2,0.06666666666666667,0.4666666666666667,0.0,0.0,0.0,0.0,0.0,0.06666666666666667,0.0,-0.9600000000000001
0.0,0.0,0.0,0.0,0.0,0.0,0.0,0.06666666666666667,0.0,0.2,0.06666666666666667,0.3333333333333333,0.0,0.0,0.0,0.0,0.0,0.06666666666666667,0.06666666666666667,-0.3200000000000001
0.0,0.0,0.06666666666666667,0.0,0.0,0.0,0.0,0.06666666666666667,0.0,0.0,0.06666666666666667,0.3333333333333333,0.0,0.0,0.0,0.0,0.0,0.06666666666666667,0.0,-1.366666666666667
0.0,0.0,0.06666666666666667,0.0,0.0,0.0,0.0,0.06666666666666667,0.0,0.2,0.06666666666666667,0.4,0.0,0.0,0.0,0.0,0.0,0.06666666666666667,0.0,-0.7266666666666666
0.06666666666666667,0.0,0.06666666666666667,0.0,0.0,0.0,0.0,0.0,0.0,0.1333333333333333,0.06666666666666667,0.3333333333333333,0.0,0.0,0.0,0.0,0.0,0.06666666666666667,0.0,-0.62
0.07692307692307693,0.0,0.0,0.0,0.0,0.0,0.0,0.1538461538461539,0.0,0.0,0.3076923076923077,0.2307692307692308,0.07692307692307693,0.07692307692307693,0.0,0.0,0.0,0.0,0.0,0.7076923076923076
0.0,0.1764705882352941,0.0,0.0,0.0,0.0,0.05882352941176471,0.1176470588235294,0.0,0.05882352941176471,0.1176470588235294,0.05882352941176471,0.2352941176470588,0.0,0.05882352941176471,0.05882352941176471,0.05882352941176471,0.0,0.0,-0.3
0.1538461538461539,0.0,0.0,0.0,0.0,0.0,0.0,0.07692307692307693,0.0,0.0,0.3076923076923077,0.2307692307692308,0.07692307692307693,0.07692307692307693,0.0,0.0,0.0,0.0,0.0,0.8769230769230769
0.07692307692307693,0.0,0.0,0.0,0.0,0.0,0.0,0.07692307692307693,0.0,0.0,0.3846153846153846,0.2307692307692308,0.07692307692307693,0.07692307692307693,0.0,0.0,0.0,0.0,0.0,1.030769230769231
0.07692307692307693,0.0,0.0,0.0,0.0,0.0,0.0,0.07692307692307693,0.0,0.0,0.3076923076923077,0.3076923076923077,0.07692307692307693,0.07692307692307693,0.0,0.0,0.0,0.0,0.0,0.4384615384615384
0.07692307692307693,0.2307692307692308,0.0,0.0,0.0,0.0,0.0,0.1538461538461539,0.0,0.0,0.3076923076923077,0.0,0.07692307692307693,0.07692307692307693,0.0,0.0,0.0,0.0,0.0,0.5692307692307691
0.0,0.08333333333333333,0.0,0.0,0.0,0.0,0.0,0.1666666666666667,0.08333333333333333,0.1666666666666667,0.1666666666666667,0.08333333333333333,0.08333333333333333,0.0,0.0,0.08333333333333333,0.0,0.08333333333333333,0.0,0.3666666666666666
0.0,0.0,0.0,0.0,0.0,0.0,0.0,0.1666666666666667,0.08333333333333333,0.1666666666666667,0.1666666666666667,0.1666666666666667,0.08333333333333333,0.0,0.0,0.08333333333333333,0.0,0.08333333333333333,0.0,0.4166666666666666
0.0,0.08333333333333333,0.0,0.0,0.0,0.0,0.0,0.1666666666666667,0.08333333333333333,0.08333333333333333,0.1666666666666667,0.1666666666666667,0.08333333333333333,0.0,0.0,0.08333333333333333,0.0,0.08333333333333333,0.0,-0.3333333333333334
0.0,0.08333333333333333,0.0,0.0,0.0,0.0,0.0,0.1666666666666667,0.0,0.1666666666666667,0.1666666666666667,0.1666666666666667,0.08333333333333333,0.0,0.0,0.08333333333333333,0.0,0.08333333333333333,0.0,0.3083333333333333
0.0,0.08333333333333333,0.0,0.0,0.0,0.0,0.0,0.08333333333333333,0.08333333333333333,0.1666666666666667,0.1666666666666667,0.1666666666666667,0.08333333333333333,0.0,0.0,0.08333333333333333,0.0,0.08333333333333333,0.0,0.07499999999999996
0.0,0.08333333333333333,0.0,0.0,0.0,0.0,0.0,0.1666666666666667,0.08333333333333333,0.1666666666666667,0.1666666666666667,0.1666666666666667,0.0,0.0,0.0,0.08333333333333333,0.0,0.08333333333333333,0.0,-0.1166666666666667
0.0,0.08333333333333333,0.0,0.0,0.0,0.0,0.0,0.08333333333333333,0.08333333333333333,0.1666666666666667,0.1666666666666667,0.1666666666666667,0.08333333333333333,0.0,0.0,0.08333333333333333,0.0,0.08333333333333333,0.0,0.07499999999999996
0.0,0.08333333333333333,0.0,0.0,0.0,0.0,0.0,0.1666666666666667,0.0,0.1666666666666667,0.1666666666666667,0.25,0.08333333333333333,0.0,0.0,0.0,0.0,0.08333333333333333,0.0,0.05000000000000002
0.0,0.08333333333333333,0.0,0.0,0.0,0.0,0.0,0.1666666666666667,0.0,0.1666666666666667,0.1666666666666667,0.25,0.0,0.0,0.0,0.08333333333333333,0.0,0.08333333333333333,0.0,-0.175
0.0,0.08333333333333333,0.0,0.0,0.0,0.0,0.0,0.1666666666666667,0.08333333333333333,0.1666666666666667,0.1666666666666667,0.1666666666666667,0.08333333333333333,0.0,0.0,0.0,0.0,0.08333333333333333,0.0,0.1083333333333333
0.0,0.08333333333333333,0.0,0.0,0.0,0.0,0.0,0.1666666666666667,0.08333333333333333,0.1666666666666667,0.1666666666666667,0.25,0.0,0.0,0.0,0.0,0.0,0.08333333333333333,0.0,-0.375
0.0,0.08333333333333333,0.0,0.0,0.0,0.0,0.0,0.1666666666666667,0.0,0.1666666666666667,0.1666666666666667,0.3333333333333333,0.0,0.0,0.0,0.0,0.0,0.08333333333333333,0.0,-0.4333333333333333
0.0,0.08333333333333333,0.0,0.0,0.0,0.0,0.0,0.1666666666666667,0.08333333333333333,0.0,0.3333333333333333,0.08333333333333333,0.08333333333333333,0.0,0.0,0.08333333333333333,0.0,0.08333333333333333,0.0,0.2499999999999999
0.0,0.0,0.0,0.0,0.0,0.0,0.0,0.08333333333333333,0.08333333333333333,0.08333333333333333,0.25,0.25,0.08333333333333333,0.0,0.0,0.08333333333333333,0.0,0.08333333333333333,0.0,0.06666666666666658
0.0,0.0,0.0,0.0,0.0,0.0,0.0,0.08333333333333333,0.0,0.08333333333333333,0.25,0.3333333333333333,0.08333333333333333,0.0,0.0,0.08333333333333333,0.0,0.08333333333333333,0.0,0.00833333333333323
0.0,0.0,0.0,0.0,0.0,0.0,0.0,0.08333333333333333,0.08333333333333333,0.08333333333333333,0.25,0.3333333333333333,0.08333333333333333,0.0,0.0,0.0,0.0,0.08333333333333333,0.0,-0.1916666666666668
0.0,0.0,0.0,0.0,0.0,0.0,0.0,0.08333333333333333,0.08333333333333333,0.08333333333333333,0.25,0.3333333333333333,0.0,0.0,0.0,0.08333333333333333,0.0,0.08333333333333333,0.0,-0.4166666666666668
0.0,0.0,0.0,0.0,0.0,0.0,0.0,0.08333333333333333,0.08333333333333333,0.08333333333333333,0.1666666666666667,0.25,0.08333333333333333,0.0,0.0,0.08333333333333333,0.0,0.1666666666666667,0.0,-0.325
0.0,0.0,0.0,0.0,0.0,0.0,0.0,0.08333333333333333,0.08333333333333333,0.0,0.25,0.25,0.08333333333333333,0.0,0.0,0.08333333333333333,0.0,0.1666666666666667,0.0,-0.3833333333333335
0.0,0.0,0.0,0.0,0.0,0.0,0.0,0.08333333333333333,0.08333333333333333,0.08333333333333333,0.1666666666666667,0.25,0.08333333333333333,0.0,0.0,0.08333333333333333,0.0,0.1666666666666667,0.0,-0.325
0.0,0.0,0.0,0.0,0.0,0.0,0.0,0.08333333333333333,0.08333333333333333,0.08333333333333333,0.25,0.25,0.08333333333333333,0.08333333333333333,0.0,0.08333333333333333,0.0,0.0,0.0,0.3749999999999999
0.0,0.0,0.0,0.0,0.0,0.0,0.0,0.08333333333333333,0.08333333333333333,0.08333333333333333,0.1666666666666667,0.25,0.08333333333333333,0.08333333333333333,0.0,0.08333333333333333,0.0,0.08333333333333333,0.0,-0.01666666666666668
0.0,0.0,0.0,0.0,0.0,0.0,0.0,0.08333333333333333,0.08333333333333333,0.08333333333333333,0.25,0.25,0.08333333333333333,0.0,0.0,0.0,0.08333333333333333,0.08333333333333333,0.0,0.07499999999999991
0.0,0.0,0.0,0.0,0.0,0.0,0.0,0.08333333333333333,0.08333333333333333,0.08333333333333333,0.3333333333333333,0.25,0.0,0.0,0.0,0.08333333333333333,0.0,0.08333333333333333,0.0,0.225
0.0,0.07692307692307693,0.0,0.0,0.0,0.0,0.07692307692307693,0.0,0.07692307692307693,0.07692307692307693,0.3076923076923077,0.1538461538461539,0.0,0.0,0.0,0.0,0.0,0.0,0.07692307692307693,-0.04615384615384621
0.1538461538461539,0.0,0.07692307692307693,0.0,0.0,0.0,0.0,0.07692307692307693,0.0,0.0,0.1538461538461539,0.07692307692307693,0.0,0.1538461538461539,0.0,0.07692307692307693,0.0,0.07692307692307693,0.0,0.5615384615384614
0.2307692307692308,0.0,0.07692307692307693,0.0,0.0,0.0,0.0,0.0,0.0,0.0,0.1538461538461539,0.07692307692307693,0.0,0.1538461538461539,0.0,0.07692307692307693,0.0,0.07692307692307693,0.0,0.7307692307692307
0.2307692307692308,0.0,0.0,0.0,0.0,0.0,0.0,0.07692307692307693,0.0,0.0,0.1538461538461539,0.07692307692307693,0.0,0.1538461538461539,0.0,0.07692307692307693,0.0,0.07692307692307693,0.0,0.9692307692307692
0.2307692307692308,0.0,0.07692307692307693,0.0,0.0,0.0,0.0,0.07692307692307693,0.0,0.0,0.1538461538461539,0.07692307692307693,0.0,0.1538461538461539,0.0,0.0,0.0,0.07692307692307693,0.0,0.7615384615384616
0.125,0.0,0.03125,0.03125,0.0625,0.03125,0.0,0.125,0.0,0.09375,0.125,0.15625,0.0,0.0,0.0,0.0625,0.0625,0.0,0.0,0.196875
0.0303030303030303,0.0,0.0303030303030303,0.0303030303030303,0.06060606060606061,0.0303030303030303,0.0303030303030303,0.2121212121212121,0.0,0.0303030303030303,0.1515151515151515,0.1515151515151515,0.0,0.0303030303030303,0.0,0.06060606060606061,0.0,0.0,0.0,-0.1454545454545455
0.1212121212121212,0.0,0.0303030303030303,0.06060606060606061,0.06060606060606061,0.0303030303030303,0.0,0.1212121212121212,0.0,0.0303030303030303,0.1818181818181818,0.1212121212121212,0.0,0.0,0.0,0.1212121212121212,0.0303030303030303,0.0,0.0,0.1333333333333333
0.0967741935483871,0.0,0.0,0.06451612903225806,0.06451612903225806,0.0,0.03225806451612903,0.1612903225806452,0.0,0.03225806451612903,0.1935483870967742,0.1935483870967742,0.0,0.03225806451612903,0.03225806451612903,0.0,0.06451612903225806,0.0,0.0,0.05161290322580641
0.06060606060606061,0.0,0.0303030303030303,0.0303030303030303,0.06060606060606061,0.0303030303030303,0.0303030303030303,0.2121212121212121,0.0,0.0,0.1818181818181818,0.1515151515151515,0.0,0.0303030303030303,0.0,0.06060606060606061,0.0,0.0,0.0,-0.1121212121212122
0.06521739130434782,0.08695652173913043,0.02173913043478261,0.02173913043478261,0.02173913043478261,0.1304347826086956,0.108695652173913,0.04347826086956522,0.06521739130434782,0.04347826086956522,0.1739130434782609,0.04347826086956522,0.02173913043478261,0.02173913043478261,0.04347826086956522,0.04347826086956522,0.02173913043478261,0.0,0.0,-0.7652173913043478
0.0,0.148936170212766,0.0425531914893617,0.02127659574468085,0.1276595744680851,0.06382978723404255,0.148936170212766,0.0851063829787234,0.0425531914893617,0.1063829787234043,0.02127659574468085,0.06382978723404255,0.0,0.0,0.0,0.0,0.0,0.0,0.06382978723404255,-1.261702127659574
0.02127659574468085,0.148936170212766,0.06382978723404255,0.02127659574468085,0.1276595744680851,0.06382978723404255,0.148936170212766,0.0851063829787234,0.0,0.0851063829787234,0.02127659574468085,0.06382978723404255,0.0,0.0,0.0,0.0,0.0,0.0,0.0851063829787234,-1.285106382978723
0.0,0.0,0.0,0.0,0.07692307692307693,0.0,0.0,0.0,0.0,0.4615384615384616,0.0,0.4615384615384616,0.0,0.0,0.0,0.0,0.0,0.0,0.0,0.4692307692307693
0.0,0.0,0.0,0.0,0.07692307692307693,0.0,0.0,0.0,0.0,0.0,0.4615384615384616,0.4615384615384616,0.0,0.0,0.0,0.0,0.0,0.0,0.0,0.1461538461538461
0.0,0.4615384615384616,0.0,0.0,0.07692307692307693,0.0,0.0,0.0,0.0,0.4615384615384616,0.0,0.0,0.0,0.0,0.0,0.0,0.0,0.0,0.0,0.1923076923076923
0.0,0.4615384615384616,0.0,0.0,0.07692307692307693,0.0,0.0,0.0,0.0,0.0,0.4615384615384616,0.0,0.0,0.0,0.0,0.0,0.0,0.0,0.0,-0.130769230769231
0.0,0.0,0.0,0.0,0.06666666666666667,0.0,0.0,0.0,0.0,0.5333333333333333,0.0,0.4,0.0,0.0,0.0,0.0,0.0,0.0,0.0,1.006666666666667
0.0,0.0,0.0,0.0,0.0,0.0,0.0,0.0,0.0,0.0,0.3333333333333333,0.0,0.0,0.0,0.0,0.3333333333333333,0.0,0.0,0.3333333333333333,0.5666666666666665
0.0,0.15,0.0,0.0,0.0,0.0,0.0,0.05,0.05,0.05,0.05,0.25,0.0,0.1,0.05,0.0,0.05,0.1,0.1,-1.47
0.2307692307692308,0.0,0.0,0.0,0.0,0.0,0.0,0.0,0.0,0.0,0.3846153846153846,0.3076923076923077,0.0,0.07692307692307693,0.0,0.0,0.0,0.0,0.0,0.8923076923076925
0.2307692307692308,0.0,0.0,0.0,0.0,0.0,0.0,0.0,0.0,0.0,0.3846153846153846,0.3076923076923077,0.0,0.07692307692307693,0.0,0.0,0.0,0.0,0.0,0.8923076923076925
0.2307692307692308,0.0,0.0,0.0,0.0,0.0,0.0,0.0,0.0,0.0,0.3846153846153846,0.3076923076923077,0.0,0.07692307692307693,0.0,0.0,0.0,0.0,0.0,0.8923076923076925
0.2307692307692308,0.1538461538461539,0.0,0.0,0.0,0.0,0.0,0.0,0.0,0.0,0.3846153846153846,0.1538461538461539,0.0,0.07692307692307693,0.0,0.0,0.0,0.0,0.0,0.8
0.3076923076923077,0.0,0.0,0.0,0.0,0.0,0.0,0.0,0.0,0.0,0.3846153846153846,0.3076923076923077,0.0,0.0,0.0,0.0,0.0,0.0,0.0,0.8153846153846155
0.06060606060606061,0.0,0.06060606060606061,0.0,0.1515151515151515,0.0,0.0,0.09090909090909091,0.0303030303030303,0.06060606060606061,0.06060606060606061,0.09090909090909091,0.06060606060606061,0.0,0.0303030303030303,0.1212121212121212,0.1515151515151515,0.0,0.0,0.1545454545454545
0.0,0.06666666666666667,0.03333333333333333,0.03333333333333333,0.0,0.1333333333333333,0.03333333333333333,0.0,0.0,0.0,0.1333333333333333,0.1333333333333333,0.03333333333333333,0.06666666666666667,0.06666666666666667,0.06666666666666667,0.03333333333333333,0.1,0.0,-1.153333333333333
0.0,0.1333333333333333,0.03333333333333333,0.0,0.0,0.06666666666666667,0.03333333333333333,0.1,0.0,0.03333333333333333,0.03333333333333333,0.1666666666666667,0.1,0.06666666666666667,0.03333333333333333,0.03333333333333333,0.03333333333333333,0.06666666666666667,0.0,-1.266666666666667
0.1428571428571428,0.1428571428571428,0.0,0.0,0.0,0.0,0.0,0.0,0.0,0.0,0.1428571428571428,0.0,0.0,0.0,0.2857142857142857,0.0,0.1428571428571428,0.1428571428571428,0.0,-0.5285714285714286
0.2,0.0,0.0,0.0,0.0,0.0,0.0,0.0,0.4,0.0,0.0,0.0,0.0,0.2,0.2,0.0,0.0,0.0,0.0,-0.68
0.03448275862068965,0.103448275862069,0.0,0.06896551724137931,0.03448275862068965,0.06896551724137931,0.0,0.0,0.0,0.0,0.03448275862068965,0.1379310344827586,0.0,0.0,0.103448275862069,0.103448275862069,0.06896551724137931,0.06896551724137931,0.06896551724137931,-1.655172413793103
0.103448275862069,0.103448275862069,0.0,0.06896551724137931,0.03448275862068965,0.06896551724137931,0.0,0.103448275862069,0.0,0.0,0.03448275862068965,0.1379310344827586,0.0,0.0,0.06896551724137931,0.103448275862069,0.06896551724137931,0.0,0.03448275862068965,-1.410344827586207
0.06896551724137931,0.103448275862069,0.0,0.06896551724137931,0.03448275862068965,0.06896551724137931,0.0,0.0,0.0,0.0,0.03448275862068965,0.1379310344827586,0.0,0.0,0.103448275862069,0.103448275862069,0.06896551724137931,0.03448275862068965,0.06896551724137931,-1.562068965517242
0.06896551724137931,0.103448275862069,0.0,0.06896551724137931,0.03448275862068965,0.06896551724137931,0.0,0.0,0.0,0.0,0.03448275862068965,0.1379310344827586,0.0,0.0,0.103448275862069,0.103448275862069,0.06896551724137931,0.03448275862068965,0.06896551724137931,-1.562068965517242
0.04166666666666666,0.125,0.0,0.04166666666666666,0.04166666666666666,0.0,0.0,0.0,0.0,0.0,0.04166666666666666,0.1666666666666667,0.0,0.0,0.125,0.08333333333333333,0.04166666666666666,0.08333333333333333,0.08333333333333333,-1.5
0.05263157894736842,0.1578947368421053,0.0,0.05263157894736842,0.05263157894736842,0.0,0.0,0.0,0.0,0.0,0.0,0.2105263157894737,0.0,0.0,0.05263157894736842,0.05263157894736842,0.05263157894736842,0.1052631578947368,0.1052631578947368,-1.884210526315789
0.1153846153846154,0.0,0.0,0.03846153846153846,0.0,0.0,0.0,0.1538461538461539,0.03846153846153846,0.1538461538461539,0.1538461538461539,0.1153846153846154,0.0,0.07692307692307693,0.03846153846153846,0.0,0.03846153846153846,0.0,0.0,0.8423076923076922
0.125,0.0,0.0,0.0,0.0,0.0,0.0,0.1666666666666667,0.0,0.125,0.1666666666666667,0.125,0.0,0.125,0.04166666666666666,0.0,0.04166666666666666,0.0,0.0,1.120833333333333
0.1428571428571428,0.0,0.0,0.03571428571428571,0.0,0.0,0.0,0.1428571428571428,0.03571428571428571,0.1428571428571428,0.1785714285714286,0.1428571428571428,0.0,0.03571428571428571,0.07142857142857142,0.03571428571428571,0.0,0.0,0.0,0.6821428571428572
0.06666666666666667,0.0,0.0,0.06666666666666667,0.0,0.0,0.0,0.06666666666666667,0.06666666666666667,0.0,0.2,0.2666666666666667,0.0,0.0,0.06666666666666667,0.06666666666666667,0.0,0.0,0.0,-0.7933333333333334
0.08333333333333333,0.0,0.0,0.0,0.0,0.0,0.0,0.1666666666666667,0.0,0.0,0.25,0.1666666666666667,0.08333333333333333,0.0,0.0,0.0,0.08333333333333333,0.0,0.0,0.4833333333333332
0.09090909090909091,0.0,0.0,0.0,0.0,0.0,0.0,0.1818181818181818,0.0,0.2727272727272727,0.09090909090909091,0.09090909090909091,0.0,0.09090909090909091,0.0,0.09090909090909091,0.0,0.0,0.0,1.490909090909091
0.05882352941176471,0.0,0.0,0.0,0.0,0.0,0.0,0.2941176470588235,0.0,0.1764705882352941,0.1764705882352941,0.05882352941176471,0.0,0.0,0.0,0.0,0.05882352941176471,0.0,0.0,1.18235294117647
0.1,0.0,0.0,0.0,0.0,0.0,0.0,0.2,0.0,0.3,0.1,0.1,0.0,0.1,0.0,0.1,0.0,0.0,0.0,1.64
0.1111111111111111,0.0,0.0,0.0,0.0,0.0,0.0,0.3333333333333333,0.1111111111111111,0.1111111111111111,0.1111111111111111,0.0,0.1111111111111111,0.0,0.0,0.0,0.0,0.0,0.0,0.8444444444444444
0.1,0.0,0.0,0.0,0.0,0.0,0.0,0.2,0.0,0.1,0.2,0.3,0.0,0.0,0.0,0.0,0.0,0.1,0.0,0.05000000000000003
0.07142857142857142,0.0,0.07142857142857142,0.0,0.0,0.0,0.0,0.1428571428571428,0.0,0.07142857142857142,0.2857142857142857,0.1428571428571428,0.0,0.07142857142857142,0.0,0.0,0.0,0.0,0.0,0.8714285714285713
0.1538461538461539,0.0,0.0,0.0,0.0,0.0,0.0,0.07692307692307693,0.0,0.1538461538461539,0.1538461538461539,0.3076923076923077,0.0,0.07692307692307693,0.0,0.07692307692307693,0.0,0.0,0.0,0.4769230769230769
0.07692307692307693,0.0,0.0,0.0,0.0,0.0,0.0,0.1538461538461539,0.0,0.0,0.3076923076923077,0.1538461538461539,0.0,0.07692307692307693,0.07692307692307693,0.07692307692307693,0.0,0.0,0.0,0.6769230769230768
0.07142857142857142,0.0,0.0,0.0,0.0,0.0,0.0,0.3571428571428572,0.07142857142857142,0.07142857142857142,0.1428571428571428,0.07142857142857142,0.0,0.0,0.0,0.0,0.0,0.07142857142857142,0.0,0.2785714285714285
0.1176470588235294,0.0,0.0,0.0,0.0,0.0,0.1176470588235294,0.1764705882352941,0.05882352941176471,0.05882352941176471,0.3529411764705883,0.05882352941176471,0.0,0.0,0.0,0.05882352941176471,0.0,0.0,0.0,0.8705882352941174
0.1428571428571428,0.0,0.0,0.0,0.0,0.1428571428571428,0.0,0.1428571428571428,0.0,0.2857142857142857,0.0,0.0,0.0,0.1428571428571428,0.0,0.0,0.1428571428571428,0.0,0.0,1.285714285714286
0.08333333333333333,0.0,0.0,0.1666666666666667,0.0,0.0,0.0,0.3333333333333333,0.08333333333333333,0.1666666666666667,0.0,0.08333333333333333,0.08333333333333333,0.0,0.0,0.0,0.0,0.0,0.0,-0.25
0.0,0.0,0.0,0.0,0.0,0.08333333333333333,0.0,0.08333333333333333,0.0,0.1666666666666667,0.08333333333333333,0.1666666666666667,0.0,0.0,0.08333333333333333,0.08333333333333333,0.08333333333333333,0.0,0.0,-0.1666666666666667
0.05882352941176471,0.0,0.0,0.0,0.0,0.0,0.0,0.0,0.0,0.1764705882352941,0.1764705882352941,0.2941176470588235,0.0,0.1176470588235294,0.05882352941176471,0.05882352941176471,0.0,0.0,0.0,0.6117647058823529
0.1363636363636364,0.0,0.09090909090909091,0.0,0.0,0.0,0.0,0.09090909090909091,0.0,0.1363636363636364,0.04545454545454546,0.3181818181818182,0.0,0.1363636363636364,0.0,0.0,0.0,0.0,0.0,-0.1818181818181819
0.1,0.0,0.1,0.2,0.1,0.0,0.0,0.0,0.0,0.0,0.1,0.1,0.0,0.0,0.1,0.0,0.0,0.0,0.0,-0.79
0.0,0.0,0.0,0.0,0.0,0.0,0.0,0.0,0.0,0.0,0.0,0.0,0.0,0.2,0.4,0.0,0.0,0.0,0.2,-0.3400000000000001
0.1,0.1,0.3,0.0,0.0,0.0,0.0,0.0,0.1,0.1,0.2,0.0,0.0,0.1,0.0,0.0,0.0,0.0,0.0,-0.1500000000000001
0.0,0.5454545454545454,0.0,0.0,0.0,0.0,0.0,0.0,0.0,0.0,0.09090909090909091,0.09090909090909091,0.0,0.0,0.0,0.0,0.0,0.1818181818181818,0.0,-2.627272727272727
0.0,0.3636363636363636,0.0,0.0,0.0,0.0,0.0,0.0,0.0,0.0,0.09090909090909091,0.09090909090909091,0.0,0.0,0.0,0.0,0.0,0.3636363636363636,0.0,-1.972727272727273
0.05882352941176471,0.0,0.1176470588235294,0.05882352941176471,0.0,0.0,0.0,0.05882352941176471,0.0,0.2352941176470588,0.05882352941176471,0.1764705882352941,0.0,0.1176470588235294,0.0,0.05882352941176471,0.0,0.0,0.0,0.3411764705882353
0.16,0.0,0.0,0.0,0.0,0.0,0.0,0.16,0.12,0.0,0.08,0.16,0.0,0.08,0.0,0.04,0.04,0.04,0.04,-0.4040000000000001
0.07692307692307693,0.1538461538461539,0.03846153846153846,0.0,0.0,0.0,0.0,0.03846153846153846,0.0,0.1153846153846154,0.07692307692307693,0.1538461538461539,0.0,0.0,0.03846153846153846,0.0,0.03846153846153846,0.03846153846153846,0.07692307692307693,-0.7153846153846154
0.03846153846153846,0.2692307692307692,0.0,0.0,0.0,0.03846153846153846,0.0,0.07692307692307693,0.0,0.1153846153846154,0.03846153846153846,0.07692307692307693,0.0,0.1538461538461539,0.03846153846153846,0.03846153846153846,0.07692307692307693,0.0,0.0,-0.6576923076923078
0.1379310344827586,0.1379310344827586,0.06896551724137931,0.0,0.0,0.0,0.0,0.03448275862068965,0.0,0.103448275862069,0.06896551724137931,0.103448275862069,0.0,0.03448275862068965,0.06896551724137931,0.0,0.03448275862068965,0.03448275862068965,0.03448275862068965,-0.4172413793103448
0.32,0.0,0.0,0.0,0.0,0.0,0.0,0.0,0.0,0.0,0.32,0.32,0.0,0.0,0.0,0.0,0.0,0.04,0.0,0.508
0.1578947368421053,0.2105263157894737,0.05263157894736842,0.0,0.05263157894736842,0.0,0.0,0.0,0.0,0.0,0.05263157894736842,0.05263157894736842,0.0,0.1052631578947368,0.05263157894736842,0.1052631578947368,0.05263157894736842,0.0,0.0,-0.631578947368421
0.04545454545454546,0.3181818181818182,0.0,0.0,0.04545454545454546,0.0,0.0,0.04545454545454546,0.0,0.04545454545454546,0.09090909090909091,0.0,0.04545454545454546,0.04545454545454546,0.09090909090909091,0.0,0.04545454545454546,0.0,0.0,-0.6681818181818182
0.2666666666666667,0.2,0.0,0.0,0.2666666666666667,0.0,0.0,0.0,0.0,0.0,0.0,0.0,0.0,0.0,0.0,0.0,0.0,0.0,0.0,0.2466666666666667
0.0,0.0,0.0,0.0,0.0,0.06666666666666667,0.0,0.06666666666666667,0.0,0.0,0.2,0.3333333333333333,0.0,0.06666666666666667,0.06666666666666667,0.06666666666666667,0.0,0.0,0.0,-0.7733333333333334
0.0,0.0,0.0,0.0,0.0,0.0,0.0,0.0,0.0,0.0,0.2,0.6,0.0,0.06666666666666667,0.0,0.0,0.0,0.0,0.0,-1.393333333333334
0.0,0.0,0.0,0.0,0.0,0.0,0.0,0.0,0.0,0.0,0.3333333333333333,0.4666666666666667,0.0,0.06666666666666667,0.0,0.0,0.0,0.0,0.0,-0.3666666666666668
0.0,0.0,0.0,0.0,0.0,0.0,0.0,0.0,0.0,0.0,0.5333333333333333,0.4666666666666667,0.0,0.0,0.0,0.0,0.0,0.0,0.0,0.2066666666666665
0.0,0.0,0.0,0.0,0.0,0.0,0.0,0.0,0.0,0.5333333333333333,0.0,0.4666666666666667,0.0,0.0,0.0,0.0,0.0,0.0,0.0,0.58
0.0,0.0,0.0,0.0,0.0,0.0,0.0,0.0,0.0,0.0,0.0,0.4666666666666667,0.0,0.0,0.0,0.0,0.0,0.0,0.0,-1.82
0.0,0.0,0.0,0.0,0.0,0.0,0.0,0.0,0.0,0.4,0.0,0.6,0.0,0.0,0.0,0.0,0.0,0.0,0.0,-0.5400000000000001
0.0,0.0,0.0,0.0,0.0,0.0,0.0,0.0,0.0,0.0,0.4,0.6,0.0,0.0,0.0,0.0,0.0,0.0,0.0,-0.8200000000000003
0.0,0.0,0.0,0.0,0.0,0.0,0.0,0.0,0.0,0.0,0.0,0.6,0.0,0.0,0.0,0.0,0.0,0.0,0.0,-2.34
0.0,0.0,0.0,0.0,0.0,0.0,0.0,0.0,0.0,0.5333333333333333,0.0,0.4666666666666667,0.0,0.0,0.0,0.0,0.0,0.0,0.0,0.58
0.0,0.0,0.0,0.0,0.0,0.0,0.0,0.0,0.0,0.5333333333333333,0.0,0.4666666666666667,0.0,0.0,0.0,0.0,0.0,0.0,0.0,0.58
0.0,0.0,0.0,0.0,0.0,0.0,0.0,0.0,0.0,0.5333333333333333,0.0,0.4666666666666667,0.0,0.0,0.0,0.0,0.0,0.0,0.0,0.58
0.0,0.2,0.06666666666666667,0.0,0.0,0.4666666666666667,0.1333333333333333,0.0,0.0,0.0,0.0,0.0,0.0,0.06666666666666667,0.06666666666666667,0.0,0.0,0.0,0.0,-3.153333333333333
0.0,0.2,0.06666666666666667,0.0,0.0,0.4666666666666667,0.1333333333333333,0.0,0.0,0.0,0.0,0.0,0.0,0.06666666666666667,0.06666666666666667,0.0,0.0,0.0,0.0,-3.153333333333333
0.0,0.04545454545454546,0.0,0.09090909090909091,0.0,0.09090909090909091,0.0,0.3181818181818182,0.0,0.0,0.04545454545454546,0.09090909090909091,0.0,0.09090909090909091,0.04545454545454546,0.04545454545454546,0.04545454545454546,0.0,0.04545454545454546,-1.095454545454545
0.103448275862069,0.03448275862068965,0.03448275862068965,0.0,0.2068965517241379,0.0,0.03448275862068965,0.06896551724137931,0.0,0.1379310344827586,0.0,0.06896551724137931,0.0,0.0,0.06896551724137931,0.103448275862069,0.0,0.03448275862068965,0.03448275862068965,0.3620689655172414
0.04545454545454546,0.0,0.09090909090909091,0.04545454545454546,0.0,0.0,0.04545454545454546,0.09090909090909091,0.0,0.0,0.1818181818181818,0.1818181818181818,0.04545454545454546,0.2272727272727273,0.0,0.0,0.0,0.0,0.0,0.1136363636363636
0.03225806451612903,0.0,0.06451612903225806,0.0,0.1935483870967742,0.0,0.03225806451612903,0.0967741935483871,0.0,0.0967741935483871,0.0,0.0967741935483871,0.0,0.0,0.06451612903225806,0.1290322580645161,0.0,0.03225806451612903,0.03225806451612903,-0.05483870967741935
0.0,0.04761904761904762,0.0,0.04761904761904762,0.1428571428571428,0.02380952380952381,0.02380952380952381,0.119047619047619,0.04761904761904762,0.04761904761904762,0.0,0.2142857142857143,0.02380952380952381,0.04761904761904762,0.07142857142857142,0.07142857142857142,0.0,0.04761904761904762,0.02380952380952381,-1.078571428571429
0.0,0.03225806451612903,0.06451612903225806,0.0,0.1935483870967742,0.0,0.03225806451612903,0.0967741935483871,0.0,0.0967741935483871,0.06451612903225806,0.06451612903225806,0.0,0.03225806451612903,0.06451612903225806,0.0967741935483871,0.03225806451612903,0.0,0.03225806451612903,0.2354838709677419
0.04347826086956522,0.06521739130434782,0.06521739130434782,0.02173913043478261,0.1304347826086956,0.0,0.02173913043478261,0.108695652173913,0.0,0.06521739130434782,0.02173913043478261,0.06521739130434782,0.0,0.02173913043478261,0.06521739130434782,0.1521739130434783,0.08695652173913043,0.0,0.04347826086956522,-0.4739130434782609
0.08,0.0,0.0,0.0,0.0,0.0,0.04,0.12,0.12,0.04,0.2,0.04,0.0,0.0,0.08,0.04,0.0,0.0,0.0,0.196
0.0,0.0,0.03333333333333333,0.0,0.2,0.0,0.03333333333333333,0.1333333333333333,0.0,0.06666666666666667,0.0,0.03333333333333333,0.0,0.03333333333333333,0.1,0.1,0.1666666666666667,0.03333333333333333,0.0,0.08999999999999996
0.1111111111111111,0.1111111111111111,0.0,0.0,0.1111111111111111,0.0,0.0,0.0,0.0,0.1111111111111111,0.3333333333333333,0.2222222222222222,0.0,0.0,0.0,0.0,0.0,0.0,0.0,0.8777777777777777
0.125,0.0,0.0,0.0,0.08333333333333333,0.0,0.0,0.04166666666666666,0.0,0.04166666666666666,0.125,0.2083333333333333,0.0,0.08333333333333333,0.04166666666666666,0.08333333333333333,0.04166666666666666,0.0,0.0,0.3374999999999999
0.09090909090909091,0.0,0.0,0.0,0.0,0.0,0.0,0.09090909090909091,0.0,0.0,0.1818181818181818,0.1818181818181818,0.0,0.1818181818181818,0.0,0.09090909090909091,0.0,0.09090909090909091,0.0,0.4636363636363636
0.1818181818181818,0.0,0.0,0.0,0.0,0.0,0.0,0.09090909090909091,0.0,0.0,0.1818181818181818,0.1818181818181818,0.0,0.1818181818181818,0.0,0.09090909090909091,0.0,0.09090909090909091,0.0,0.6272727272727272
0.1428571428571428,0.0,0.0,0.1428571428571428,0.0,0.07142857142857142,0.0,0.0,0.0,0.1428571428571428,0.2142857142857143,0.2142857142857143,0.0,0.0,0.0,0.0,0.0,0.07142857142857142,0.0,0.06428571428571424
0.1428571428571428,0.0,0.0,0.07142857142857142,0.0,0.07142857142857142,0.0,0.0,0.0,0.1428571428571428,0.2142857142857143,0.2142857142857143,0.0,0.0,0.07142857142857142,0.0,0.0,0.07142857142857142,0.0,0.2
0.1428571428571428,0.0,0.0,0.1428571428571428,0.0,0.07142857142857142,0.0,0.0,0.0,0.1428571428571428,0.1428571428571428,0.2142857142857143,0.0,0.0,0.07142857142857142,0.0,0.0,0.07142857142857142,0.0,-0.3214285714285715
0.07142857142857142,0.0,0.0,0.1428571428571428,0.0,0.07142857142857142,0.0,0.0,0.0,0.1428571428571428,0.2142857142857143,0.2142857142857143,0.0,0.0,0.07142857142857142,0.0,0.0,0.07142857142857142,0.0,-0.1785714285714286
0.0,0.0,0.0,0.0,0.0,0.07692307692307693,0.0,0.3846153846153846,0.3076923076923077,0.0,0.0,0.0,0.0,0.0,0.0,0.07692307692307693,0.0,0.0,0.0,-1.469230769230769
0.03125,0.03125,0.03125,0.03125,0.1875,0.03125,0.03125,0.09375,0.0,0.0,0.09375,0.03125,0.0,0.03125,0.03125,0.09375,0.0625,0.0,0.0625,-0.01875000000000007
0.03225806451612903,0.03225806451612903,0.03225806451612903,0.06451612903225806,0.1935483870967742,0.03225806451612903,0.03225806451612903,0.0967741935483871,0.0,0.06451612903225806,0.03225806451612903,0.03225806451612903,0.0,0.0,0.0967741935483871,0.03225806451612903,0.06451612903225806,0.0,0.06451612903225806,-0.2290322580645162
0.0,0.03333333333333333,0.03333333333333333,0.03333333333333333,0.2,0.03333333333333333,0.03333333333333333,0.1,0.0,0.0,0.1333333333333333,0.06666666666666667,0.0,0.0,0.03333333333333333,0.1,0.1,0.0,0.03333333333333333,-0.1566666666666667
0.1538461538461539,0.0,0.0,0.0,0.0,0.0,0.0,0.07692307692307693,0.07692307692307693,0.0,0.3846153846153846,0.07692307692307693,0.0,0.1538461538461539,0.0,0.07692307692307693,0.0,0.0,0.0,1.530769230769231
0.1071428571428571,0.1071428571428571,0.0,0.07142857142857142,0.07142857142857142,0.0,0.0,0.1428571428571428,0.03571428571428571,0.0,0.1785714285714286,0.1071428571428571,0.0,0.1071428571428571,0.03571428571428571,0.03571428571428571,0.0,0.0,0.0,-0.05714285714285717
0.0,0.0,0.0,0.0,0.0,0.0,0.0,0.0,0.0,0.0,0.5714285714285714,0.4285714285714285,0.0,0.0,0.0,0.0,0.0,0.0,0.0,0.5
0.0,0.0,0.0,0.0,0.0,0.0,0.1428571428571428,0.0,0.2857142857142857,0.0,0.5714285714285714,0.0,0.0,0.0,0.0,0.0,0.0,0.0,0.0,0.757142857142857
0.0,0.0,0.0,0.0,0.0,0.0,0.2142857142857143,0.0,0.2142857142857143,0.0,0.5714285714285714,0.0,0.0,0.0,0.0,0.0,0.0,0.0,0.0,0.7357142857142855
0.0,0.0,0.0,0.0,0.0,0.0,0.2857142857142857,0.0,0.1428571428571428,0.0,0.5714285714285714,0.0,0.0,0.0,0.0,0.0,0.0,0.0,0.0,0.7142857142857142
0.2631578947368421,0.0,0.0,0.0,0.0,0.0,0.0,0.0,0.0,0.0,0.3157894736842105,0.3684210526315789,0.0,0.05263157894736842,0.0,0.0,0.0,0.0,0.0,0.3842105263157893
0.2631578947368421,0.05263157894736842,0.0,0.0,0.0,0.0,0.0,0.0,0.0,0.0,0.2105263157894737,0.4210526315789473,0.0,0.05263157894736842,0.0,0.0,0.0,0.0,0.0,-0.4578947368421052
0.08333333333333333,0.0,0.08333333333333333,0.0,0.0,0.0,0.08333333333333333,0.0,0.0,0.0,0.1666666666666667,0.0,0.0,0.08333333333333333,0.08333333333333333,0.1666666666666667,0.08333333333333333,0.08333333333333333,0.08333333333333333,-0.07500000000000005
0.08333333333333333,0.0,0.08333333333333333,0.0,0.0,0.0,0.08333333333333333,0.0,0.0,0.0,0.1666666666666667,0.0,0.0,0.1666666666666667,0.08333333333333333,0.08333333333333333,0.08333333333333333,0.08333333333333333,0.08333333333333333,0.225
0.08333333333333333,0.0,0.08333333333333333,0.0,0.0,0.0,0.08333333333333333,0.0,0.0,0.0,0.1666666666666667,0.0,0.0,0.08333333333333333,0.08333333333333333,0.08333333333333333,0.1666666666666667,0.08333333333333333,0.08333333333333333,-0.06666666666666672
0.08333333333333333,0.0,0.08333333333333333,0.0,0.0,0.0,0.08333333333333333,0.0,0.08333333333333333,0.0,0.1666666666666667,0.0,0.0,0.08333333333333333,0.08333333333333333,0.08333333333333333,0.08333333333333333,0.08333333333333333,0.08333333333333333,-0.2750000000000001
0.08333333333333333,0.0,0.08333333333333333,0.0,0.0,0.0,0.08333333333333333,0.0,0.0,0.0,0.1666666666666667,0.0,0.0,0.08333333333333333,0.08333333333333333,0.08333333333333333,0.08333333333333333,0.08333333333333333,0.1666666666666667,-0.1166666666666667
0.0,0.6,0.0,0.0,0.0,0.0,0.0,0.0,0.0,0.0,0.4,0.0,0.0,0.0,0.0,0.0,0.0,0.0,0.0,-1.18
0.0,0.3333333333333333,0.0,0.1111111111111111,0.0,0.0,0.0,0.1111111111111111,0.0,0.0,0.2222222222222222,0.0,0.0,0.0,0.0,0.05555555555555555,0.0,0.1111111111111111,0.0,-1.233333333333333
0.05555555555555555,0.2777777777777778,0.0,0.0,0.0,0.0,0.0,0.0,0.1666666666666667,0.0,0.05555555555555555,0.1111111111111111,0.0,0.05555555555555555,0.0,0.05555555555555555,0.0,0.1666666666666667,0.0,-1.944444444444444
0.0,0.0,0.0,0.5,0.0,0.0,0.3333333333333333,0.0,0.0,0.0,0.1666666666666667,0.0,0.0,0.0,0.0,0.0,0.0,0.0,0.0,-2.283333333333333
0.06666666666666667,0.0,0.0,0.0,0.0,0.0,0.0,0.06666666666666667,0.0,0.06666666666666667,0.2,0.3333333333333333,0.0,0.06666666666666667,0.0,0.0,0.0,0.06666666666666667,0.0,-0.02000000000000011
0.07692307692307693,0.0,0.0,0.0,0.07692307692307693,0.0,0.0,0.0,0.0,0.0,0.07692307692307693,0.5384615384615384,0.0,0.07692307692307693,0.0,0.0,0.0,0.0,0.1538461538461539,-1.461538461538461
0.07692307692307693,0.0,0.0,0.0,0.07692307692307693,0.0,0.0,0.0,0.0,0.0,0.0,0.5384615384615384,0.0,0.1538461538461539,0.0,0.0,0.0,0.0,0.1538461538461539,-1.538461538461539
0.2,0.0,0.0,0.0,0.0,0.0,0.0,0.0,0.0,0.0,0.0,0.4,0.0,0.4,0.0,0.0,0.0,0.0,0.0,-0.08000000000000007
0.0,0.07692307692307693,0.0,0.0,0.0,0.0,0.0,0.0,0.0,0.07692307692307693,0.2307692307692308,0.3076923076923077,0.0,0.07692307692307693,0.0,0.0,0.0,0.07692307692307693,0.07692307692307693,-0.276923076923077
0.06666666666666667,0.06666666666666667,0.06666666666666667,0.0,0.0,0.0,0.0,0.06666666666666667,0.1333333333333333,0.1333333333333333,0.2666666666666667,0.1333333333333333,0.0,0.0,0.0,0.0,0.0,0.06666666666666667,0.0,0.1666666666666666
0.0,0.2,0.0,0.0,0.0,0.0,0.0,0.06666666666666667,0.0,0.0,0.2666666666666667,0.1333333333333333,0.0,0.0,0.0,0.0,0.0,0.0,0.2,-0.6933333333333334
0.0,0.2666666666666667,0.0,0.0,0.0,0.0,0.0,0.0,0.0,0.2666666666666667,0.0,0.1333333333333333,0.0,0.0,0.0,0.0,0.0,0.1333333333333333,0.1333333333333333,-0.8133333333333332
0.2,0.3333333333333333,0.0,0.0,0.0,0.0,0.0,0.0,0.0,0.06666666666666667,0.1333333333333333,0.0,0.0,0.2,0.0,0.0,0.0,0.06666666666666667,0.0,0.1666666666666666
0.0,0.1333333333333333,0.0,0.0,0.0,0.0,0.0,0.0,0.2,0.06666666666666667,0.3333333333333333,0.0,0.0,0.0,0.0,0.2,0.0,0.06666666666666667,0.0,0.1066666666666665
0.07142857142857142,0.0,0.07142857142857142,0.0,0.0,0.0,0.0,0.0,0.0,0.0,0.1428571428571428,0.3571428571428572,0.07142857142857142,0.07142857142857142,0.0,0.07142857142857142,0.0,0.0,0.0,-0.692857142857143
0.0,0.0,0.06666666666666667,0.0,0.0,0.0,0.0,0.06666666666666667,0.0,0.06666666666666667,0.06666666666666667,0.3333333333333333,0.06666666666666667,0.1333333333333333,0.0,0.1333333333333333,0.0,0.06666666666666667,0.0,-0.6733333333333335
0.0,0.3571428571428572,0.0,0.07142857142857142,0.07142857142857142,0.0,0.0,0.0,0.07142857142857142,0.07142857142857142,0.2857142857142857,0.0,0.0,0.0,0.0,0.0,0.0,0.0,0.0,-0.5000000000000001
0.0,0.1428571428571428,0.0,0.0,0.0,0.0,0.0,0.0,0.0,0.1428571428571428,0.0,0.3571428571428572,0.07142857142857142,0.07142857142857142,0.0,0.07142857142857142,0.07142857142857142,0.07142857142857142,0.0,-1.228571428571428
0.1538461538461539,0.07692307692307693,0.07692307692307693,0.0,0.0,0.0,0.0,0.1538461538461539,0.0,0.0,0.3846153846153846,0.07692307692307693,0.0,0.0,0.0,0.07692307692307693,0.0,0.0,0.0,0.7
0.0,0.3333333333333333,0.0,0.0,0.0,0.1333333333333333,0.0,0.0,0.0,0.06666666666666667,0.06666666666666667,0.06666666666666667,0.06666666666666667,0.06666666666666667,0.0,0.0,0.0,0.06666666666666667,0.0,-1.42
0.06666666666666667,0.0,0.06666666666666667,0.0,0.0,0.0,0.0,0.06666666666666667,0.0,0.1333333333333333,0.06666666666666667,0.3333333333333333,0.0,0.0,0.0,0.0,0.0,0.1333333333333333,0.0,-0.7066666666666667
0.06666666666666667,0.0,0.06666666666666667,0.06666666666666667,0.06666666666666667,0.0,0.0,0.06666666666666667,0.06666666666666667,0.1333333333333333,0.2,0.2,0.0,0.0,0.0,0.0,0.0,0.06666666666666667,0.0,0.09999999999999994
0.07692307692307693,0.07692307692307693,0.07692307692307693,0.07692307692307693,0.07692307692307693,0.0,0.0,0.0,0.0,0.1538461538461539,0.1538461538461539,0.2307692307692308,0.0,0.0,0.0,0.0,0.0,0.07692307692307693,0.0,-0.2461538461538461
0.0,0.09090909090909091,0.09090909090909091,0.0,0.09090909090909091,0.0,0.0,0.09090909090909091,0.0,0.1818181818181818,0.09090909090909091,0.2727272727272727,0.0,0.0,0.0,0.0,0.0,0.09090909090909091,0.0,-0.5181818181818181
0.0,0.0,0.08333333333333333,0.0,0.0,0.0,0.0,0.0,0.0,0.1666666666666667,0.0,0.5,0.0,0.0,0.0,0.0,0.0,0.08333333333333333,0.0,-1.566666666666666
0.0,0.06666666666666667,0.06666666666666667,0.0,0.0,0.0,0.0,0.06666666666666667,0.0,0.1333333333333333,0.06666666666666667,0.2666666666666667,0.0,0.0,0.0,0.0,0.0,0.06666666666666667,0.0,-0.8066666666666666
0.0,0.0,0.07142857142857142,0.0,0.0,0.0,0.07142857142857142,0.0,0.0,0.2857142857142857,0.0,0.4285714285714285,0.0,0.0,0.0,0.0,0.0,0.07142857142857142,0.0,-0.95
0.07142857142857142,0.07142857142857142,0.0,0.0,0.0,0.07142857142857142,0.0,0.07142857142857142,0.0,0.1428571428571428,0.07142857142857142,0.3571428571428572,0.0,0.0,0.0,0.0,0.0,0.07142857142857142,0.0,-1.014285714285714
0.0,0.06666666666666667,0.06666666666666667,0.0,0.0,0.0,0.0,0.06666666666666667,0.0,0.1333333333333333,0.06666666666666667,0.4,0.0,0.0,0.0,0.0,0.0,0.06666666666666667,0.0,-1.326666666666667
0.0,0.0,0.1428571428571428,0.0,0.0,0.0,0.0,0.0,0.0,0.2142857142857143,0.0,0.3571428571428572,0.0,0.0,0.0,0.0,0.0,0.07142857142857142,0.0,-0.9928571428571429
0.0,0.0,0.0,0.07142857142857142,0.0,0.0,0.0,0.07142857142857142,0.07142857142857142,0.2142857142857143,0.0,0.3571428571428572,0.0,0.0,0.0,0.0,0.0,0.07142857142857142,0.0,-1.0
0.07142857142857142,0.07142857142857142,0.1428571428571428,0.0,0.0,0.0,0.0,0.1428571428571428,0.0,0.07142857142857142,0.2142857142857143,0.2142857142857143,0.0,0.0,0.0,0.0,0.0,0.07142857142857142,0.0,-0.5142857142857143
0.0,0.07142857142857142,0.07142857142857142,0.0,0.0,0.0,0.0,0.1428571428571428,0.0,0.1428571428571428,0.07142857142857142,0.2142857142857143,0.0,0.0,0.0,0.0,0.0,0.0,0.0,-0.5499999999999999
0.0,0.0,0.07142857142857142,0.0,0.0,0.0,0.0,0.0,0.0,0.1428571428571428,0.07142857142857142,0.3571428571428572,0.0,0.07142857142857142,0.07142857142857142,0.0,0.0,0.0,0.0,-0.6428571428571429
0.08333333333333333,0.0,0.0,0.08333333333333333,0.0,0.0,0.0,0.0,0.0,0.1666666666666667,0.0,0.3333333333333333,0.0,0.0,0.0,0.0,0.0,0.08333333333333333,0.0,-0.7666666666666666
0.07692307692307693,0.07692307692307693,0.0,0.0,0.0,0.0,0.0,0.1538461538461539,0.0,0.2307692307692308,0.0,0.3076923076923077,0.0,0.0,0.0,0.0,0.0,0.07692307692307693,0.0,-0.5
0.0,0.07692307692307693,0.07692307692307693,0.0,0.0,0.0,0.07692307692307693,0.2307692307692308,0.0,0.07692307692307693,0.1538461538461539,0.2307692307692308,0.0,0.0,0.0,0.0,0.0,0.07692307692307693,0.0,-1.015384615384615
0.0,0.0,0.1538461538461539,0.07692307692307693,0.0,0.0,0.0,0.0,0.07692307692307693,0.1538461538461539,0.0,0.3076923076923077,0.0,0.0,0.0,0.07692307692307693,0.0,0.07692307692307693,0.0,-1.692307692307692
0.0,0.0,0.06666666666666667,0.1333333333333333,0.0,0.0,0.0,0.06666666666666667,0.0,0.1333333333333333,0.06666666666666667,0.2666666666666667,0.1333333333333333,0.0,0.0,0.0,0.0,0.06666666666666667,0.0,-0.7200000000000001
0.0,0.0,0.0,0.06666666666666667,0.0,0.0,0.06666666666666667,0.06666666666666667,0.0,0.2,0.06666666666666667,0.3333333333333333,0.0,0.06666666666666667,0.0,0.06666666666666667,0.0,0.0,0.0,-0.5066666666666667
0.0,0.3076923076923077,0.0,0.0,0.0,0.0,0.0,0.2307692307692308,0.0,0.0,0.0,0.07692307692307693,0.07692307692307693,0.07692307692307693,0.0,0.07692307692307693,0.07692307692307693,0.0,0.0,-1.530769230769231
0.0,0.0,0.0,0.0,0.0,0.0,0.0,0.07142857142857142,0.0,0.5,0.0,0.4285714285714285,0.0,0.0,0.0,0.0,0.0,0.0,0.0,0.55
0.2666666666666667,0.0,0.06666666666666667,0.0,0.0,0.0,0.0,0.0,0.0,0.1333333333333333,0.2666666666666667,0.2666666666666667,0.0,0.0,0.0,0.0,0.0,0.0,0.0,0.8200000000000001
0.25,0.0,0.0625,0.0,0.0,0.0,0.0,0.0,0.0,0.125,0.3125,0.25,0.0,0.0,0.0,0.0,0.0,0.0,0.0,1.00625
0.2352941176470588,0.0,0.05882352941176471,0.0,0.0,0.0,0.0,0.0,0.0,0.1176470588235294,0.3529411764705883,0.2352941176470588,0.0,0.0,0.0,0.0,0.0,0.0,0.0,1.170588235294117
0.2222222222222222,0.0,0.05555555555555555,0.0,0.0,0.0,0.0,0.0,0.0,0.1111111111111111,0.3333333333333333,0.2777777777777778,0.0,0.0,0.0,0.0,0.0,0.0,0.0,0.8888888888888887
0.2666666666666667,0.0,0.06666666666666667,0.0,0.0,0.0,0.0,0.0,0.0,0.1333333333333333,0.2666666666666667,0.2666666666666667,0.0,0.0,0.0,0.0,0.0,0.0,0.0,0.8200000000000001
0.25,0.0,0.0625,0.0,0.0,0.0,0.0,0.0,0.0,0.125,0.3125,0.25,0.0,0.0,0.0,0.0,0.0,0.0,0.0,1.00625
0.2352941176470588,0.0,0.05882352941176471,0.0,0.0,0.0,0.0,0.0,0.0,0.1176470588235294,0.3529411764705883,0.2352941176470588,0.0,0.0,0.0,0.0,0.0,0.0,0.0,1.170588235294117
0.2222222222222222,0.0,0.05555555555555555,0.0,0.0,0.0,0.0,0.0,0.0,0.1111111111111111,0.3333333333333333,0.2777777777777778,0.0,0.0,0.0,0.0,0.0,0.0,0.0,0.8888888888888887
0.2857142857142857,0.0,0.07142857142857142,0.0,0.0,0.0,0.0,0.0,0.0,0.07142857142857142,0.2857142857142857,0.2857142857142857,0.0,0.0,0.0,0.0,0.0,0.0,0.0,0.5571428571428572
0.2666666666666667,0.0,0.06666666666666667,0.0,0.0,0.0,0.0,0.0,0.0,0.06666666666666667,0.2666666666666667,0.3333333333333333,0.0,0.0,0.0,0.0,0.0,0.0,0.0,0.26
0.25,0.0,0.0625,0.0,0.0,0.0,0.0,0.0,0.0,0.0625,0.3125,0.3125,0.0,0.0,0.0,0.0,0.0,0.0,0.0,0.48125
0.2352941176470588,0.0,0.05882352941176471,0.0,0.0,0.0,0.0,0.0,0.0,0.05882352941176471,0.3529411764705883,0.2941176470588235,0.0,0.0,0.0,0.0,0.0,0.0,0.0,0.6764705882352939
0.2222222222222222,0.0,0.05555555555555555,0.0,0.0,0.0,0.0,0.0,0.0,0.05555555555555555,0.3333333333333333,0.3333333333333333,0.0,0.0,0.0,0.0,0.0,0.0,0.0,0.4222222222222222
0.2666666666666667,0.0,0.06666666666666667,0.0,0.0,0.0,0.0,0.0,0.0,0.06666666666666667,0.2666666666666667,0.3333333333333333,0.0,0.0,0.0,0.0,0.0,0.0,0.0,0.26
0.25,0.0,0.0625,0.0,0.0,0.0,0.0,0.0,0.0,0.0625,0.3125,0.3125,0.0,0.0,0.0,0.0,0.0,0.0,0.0,0.48125
0.2352941176470588,0.0,0.05882352941176471,0.0,0.0,0.0,0.0,0.0,0.0,0.05882352941176471,0.3529411764705883,0.2941176470588235,0.0,0.0,0.0,0.0,0.0,0.0,0.0,0.6764705882352939
0.2222222222222222,0.0,0.05555555555555555,0.0,0.0,0.0,0.0,0.0,0.0,0.05555555555555555,0.3333333333333333,0.3333333333333333,0.0,0.0,0.0,0.0,0.0,0.0,0.0,0.4222222222222222
0.1428571428571428,0.0,0.0,0.0,0.0,0.0,0.0,0.4285714285714285,0.0,0.0,0.1428571428571428,0.0,0.0,0.0,0.2857142857142857,0.0,0.0,0.0,0.0,0.1714285714285713
0.2,0.06666666666666667,0.0,0.0,0.0,0.0,0.06666666666666667,0.3333333333333333,0.0,0.0,0.06666666666666667,0.0,0.06666666666666667,0.0,0.2,0.0,0.0,0.0,0.0,-0.2466666666666667
0.08333333333333333,0.1666666666666667,0.0,0.0,0.0,0.0,0.0,0.08333333333333333,0.25,0.0,0.0,0.25,0.0,0.08333333333333333,0.0,0.0,0.0,0.0,0.08333333333333333,-2.283333333333334
0.08333333333333333,0.1666666666666667,0.0,0.0,0.0,0.0,0.0,0.08333333333333333,0.0,0.0,0.0,0.25,0.0,0.3333333333333333,0.0,0.0,0.0,0.0,0.08333333333333333,-0.7833333333333333
0.08333333333333333,0.04166666666666666,0.0,0.0,0.0,0.08333333333333333,0.0,0.08333333333333333,0.0,0.0,0.25,0.1666666666666667,0.0,0.08333333333333333,0.08333333333333333,0.0,0.0,0.0,0.04166666666666666,-0.01666666666666679
0.04545454545454546,0.09090909090909091,0.04545454545454546,0.0,0.04545454545454546,0.04545454545454546,0.04545454545454546,0.0,0.0,0.04545454545454546,0.09090909090909091,0.2272727272727273,0.0,0.0,0.0,0.09090909090909091,0.04545454545454546,0.1363636363636364,0.0,-1.254545454545455
0.05,0.15,0.15,0.0,0.0,0.05,0.0,0.0,0.0,0.0,0.1,0.1,0.1,0.15,0.0,0.05,0.05,0.0,0.0,-0.76
0.0,0.0,0.0,0.0,0.0,0.0,0.0,0.0,0.0,0.0,0.0,0.3333333333333333,0.0,0.0,0.0,0.0,0.3333333333333333,0.0,0.3333333333333333,-1.966666666666667
0.08695652173913043,0.04347826086956522,0.0,0.0,0.0,0.04347826086956522,0.0,0.04347826086956522,0.0,0.08695652173913043,0.1739130434782609,0.08695652173913043,0.0,0.2173913043478261,0.08695652173913043,0.0,0.04347826086956522,0.0,0.0,0.9434782608695652
0.0,0.07692307692307693,0.0,0.0,0.07692307692307693,0.1538461538461539,0.0,0.0,0.0,0.0,0.07692307692307693,0.1538461538461539,0.0,0.0,0.07692307692307693,0.2307692307692308,0.0,0.07692307692307693,0.0,-1.376923076923077
0.08333333333333333,0.04166666666666666,0.0,0.0,0.04166666666666666,0.04166666666666666,0.0,0.04166666666666666,0.0,0.08333333333333333,0.1666666666666667,0.08333333333333333,0.0,0.2083333333333333,0.08333333333333333,0.0,0.04166666666666666,0.0,0.0,1.008333333333333
0.0,0.05,0.1,0.0,0.05,0.15,0.0,0.0,0.0,0.05,0.1,0.1,0.0,0.05,0.05,0.2,0.0,0.05,0.0,-0.905
0.0,0.03703703703703703,0.03703703703703703,0.0,0.07407407407407407,0.0,0.0,0.03703703703703703,0.03703703703703703,0.03703703703703703,0.1851851851851852,0.2592592592592592,0.03703703703703703,0.03703703703703703,0.0,0.1111111111111111,0.0,0.0,0.0,-0.3
0.07407407407407407,0.03703703703703703,0.03703703703703703,0.0,0.0,0.0,0.0,0.03703703703703703,0.03703703703703703,0.03703703703703703,0.1851851851851852,0.2592592592592592,0.03703703703703703,0.03703703703703703,0.0,0.1111111111111111,0.0,0.0,0.0,-0.3518518518518519
0.4375,0.0,0.0,0.0,0.0,0.0,0.125,0.0,0.0,0.0,0.0,0.0625,0.0,0.0,0.25,0.0625,0.0625,0.0,0.0,-0.3875000000000001
0.1333333333333333,0.0,0.0,0.0,0.0,0.0,0.3333333333333333,0.0,0.0,0.0,0.06666666666666667,0.06666666666666667,0.06666666666666667,0.06666666666666667,0.1333333333333333,0.0,0.1333333333333333,0.0,0.0,-0.9266666666666666
0.0,0.0,0.0,0.07692307692307693,0.0,0.07692307692307693,0.1538461538461539,0.1538461538461539,0.07692307692307693,0.07692307692307693,0.07692307692307693,0.07692307692307693,0.0,0.07692307692307693,0.0,0.07692307692307693,0.0,0.0,0.0,-0.8923076923076925
0.2,0.05,0.1,0.0,0.0,0.0,0.1,0.05,0.05,0.1,0.1,0.0,0.05,0.0,0.05,0.05,0.05,0.0,0.0,0.02499999999999997
0.08333333333333333,0.08333333333333333,0.0,0.1666666666666667,0.0,0.08333333333333333,0.0,0.08333333333333333,0.0,0.08333333333333333,0.0,0.08333333333333333,0.0,0.08333333333333333,0.1666666666666667,0.0,0.0,0.0,0.0,-1.116666666666667
0.1666666666666667,0.0,0.0,0.0,0.0,0.0,0.1111111111111111,0.3333333333333333,0.0,0.0,0.1111111111111111,0.05555555555555555,0.0,0.0,0.05555555555555555,0.05555555555555555,0.05555555555555555,0.0,0.0,-0.1888888888888889
0.07692307692307693,0.07692307692307693,0.07692307692307693,0.07692307692307693,0.0,0.0,0.07692307692307693,0.1538461538461539,0.0,0.0,0.07692307692307693,0.0,0.0,0.0,0.07692307692307693,0.07692307692307693,0.0,0.0,0.0,-0.9692307692307692
0.125,0.0625,0.125,0.0,0.0,0.125,0.125,0.0625,0.0625,0.0,0.125,0.0,0.0,0.0,0.0,0.125,0.0,0.0,0.0,-1.21875
0.1538461538461539,0.07692307692307693,0.07692307692307693,0.0,0.0,0.0,0.07692307692307693,0.07692307692307693,0.0,0.0,0.07692307692307693,0.0,0.0,0.0,0.07692307692307693,0.0,0.1538461538461539,0.07692307692307693,0.1538461538461539,-0.8461538461538461
0.3846153846153846,0.07692307692307693,0.0,0.0,0.0,0.0,0.0,0.1538461538461539,0.0,0.07692307692307693,0.0,0.0,0.0,0.07692307692307693,0.07692307692307693,0.0,0.1538461538461539,0.0,0.0,0.6153846153846154
0.125,0.0,0.0,0.0,0.0,0.0,0.0,0.125,0.0,0.125,0.125,0.1875,0.0,0.0625,0.0,0.0625,0.0,0.0,0.0,0.60625
0.0,0.0,0.0,0.0,0.0,0.0,0.25,0.0,0.0,0.0,0.0,0.125,0.0,0.0,0.375,0.25,0.0,0.0,0.0,-2.1625
0.08108108108108109,0.02702702702702703,0.05405405405405406,0.0,0.08108108108108109,0.1081081081081081,0.05405405405405406,0.02702702702702703,0.0,0.05405405405405406,0.05405405405405406,0.1351351351351351,0.02702702702702703,0.0,0.0,0.05405405405405406,0.1081081081081081,0.02702702702702703,0.02702702702702703,-0.745945945945946
0.0,0.09523809523809523,0.0,0.04761904761904762,0.0,0.1428571428571428,0.04761904761904762,0.0,0.0,0.0,0.1904761904761905,0.1428571428571428,0.04761904761904762,0.04761904761904762,0.04761904761904762,0.04761904761904762,0.04761904761904762,0.04761904761904762,0.0,-1.061904761904762
0.0,0.0,0.0,0.09090909090909091,0.0,0.09090909090909091,0.09090909090909091,0.0,0.0,0.0,0.2727272727272727,0.09090909090909091,0.0,0.09090909090909091,0.0,0.09090909090909091,0.09090909090909091,0.09090909090909091,0.0,-0.2363636363636365
0.0,0.0,0.0,0.07692307692307693,0.0,0.0,0.0,0.07692307692307693,0.0,0.3076923076923077,0.07692307692307693,0.2307692307692308,0.0,0.1538461538461539,0.0,0.07692307692307693,0.0,0.0,0.0,0.8461538461538461
0.05555555555555555,0.2777777777777778,0.0,0.05555555555555555,0.0,0.0,0.05555555555555555,0.05555555555555555,0.0,0.1666666666666667,0.05555555555555555,0.1111111111111111,0.0,0.1111111111111111,0.0,0.05555555555555555,0.0,0.0,0.0,-0.7666666666666667
0.0,0.2777777777777778,0.0,0.05555555555555555,0.0,0.0,0.0,0.05555555555555555,0.0,0.2222222222222222,0.05555555555555555,0.1666666666666667,0.0,0.1111111111111111,0.0,0.05555555555555555,0.0,0.0,0.0,-0.6388888888888888
0.05,0.0,0.0,0.05,0.0,0.15,0.05,0.2,0.0,0.0,0.1,0.1,0.0,0.05,0.0,0.1,0.0,0.0,0.1,-0.9450000000000001
0.1739130434782609,0.04347826086956522,0.04347826086956522,0.0,0.04347826086956522,0.0,0.0,0.1304347826086956,0.04347826086956522,0.0,0.08695652173913043,0.0,0.0,0.08695652173913043,0.0,0.1304347826086956,0.08695652173913043,0.04347826086956522,0.0,0.2521739130434782
0.06896551724137931,0.06896551724137931,0.0,0.06896551724137931,0.06896551724137931,0.0,0.03448275862068965,0.1379310344827586,0.0,0.103448275862069,0.06896551724137931,0.1724137931034483,0.0,0.0,0.0,0.03448275862068965,0.03448275862068965,0.03448275862068965,0.06896551724137931,-0.5482758620689655
0.03448275862068965,0.2068965517241379,0.0,0.03448275862068965,0.0,0.1724137931034483,0.03448275862068965,0.0,0.0,0.06896551724137931,0.06896551724137931,0.103448275862069,0.06896551724137931,0.06896551724137931,0.0,0.03448275862068965,0.03448275862068965,0.0,0.03448275862068965,-1.317241379310345
0.1,0.1666666666666667,0.0,0.06666666666666667,0.06666666666666667,0.03333333333333333,0.06666666666666667,0.06666666666666667,0.03333333333333333,0.0,0.0,0.1666666666666667,0.03333333333333333,0.03333333333333333,0.03333333333333333,0.0,0.0,0.0,0.03333333333333333,-1.71
0.0,0.1290322580645161,0.03225806451612903,0.0,0.0,0.0,0.0967741935483871,0.0967741935483871,0.0,0.0,0.0967741935483871,0.1612903225806452,0.0,0.0,0.03225806451612903,0.03225806451612903,0.06451612903225806,0.0967741935483871,0.0967741935483871,-1.667741935483871
0.09375,0.0,0.0,0.03125,0.0,0.03125,0.0,0.03125,0.0,0.09375,0.125,0.25,0.03125,0.0625,0.0,0.0625,0.0625,0.03125,0.0,-0.028125
0.05882352941176471,0.08823529411764706,0.0,0.0,0.02941176470588235,0.02941176470588235,0.02941176470588235,0.08823529411764706,0.02941176470588235,0.08823529411764706,0.0,0.08823529411764706,0.08823529411764706,0.02941176470588235,0.1176470588235294,0.08823529411764706,0.02941176470588235,0.02941176470588235,0.02941176470588235,-0.5941176470588236
0.02941176470588235,0.1176470588235294,0.02941176470588235,0.02941176470588235,0.08823529411764706,0.05882352941176471,0.0,0.1470588235294118,0.0,0.08823529411764706,0.08823529411764706,0.05882352941176471,0.0,0.0,0.1176470588235294,0.05882352941176471,0.05882352941176471,0.0,0.0,-0.5
0.02857142857142857,0.2285714285714286,0.02857142857142857,0.0,0.0,0.02857142857142857,0.0,0.05714285714285714,0.05714285714285714,0.02857142857142857,0.05714285714285714,0.2857142857142857,0.05714285714285714,0.0,0.02857142857142857,0.02857142857142857,0.02857142857142857,0.0,0.0,-2.131428571428571
0.02857142857142857,0.08571428571428572,0.05714285714285714,0.02857142857142857,0.1714285714285714,0.0,0.0,0.08571428571428572,0.02857142857142857,0.02857142857142857,0.1142857142857143,0.08571428571428572,0.02857142857142857,0.1142857142857143,0.02857142857142857,0.05714285714285714,0.02857142857142857,0.0,0.02857142857142857,0.1228571428571428
0.08108108108108109,0.05405405405405406,0.0,0.0,0.02702702702702703,0.05405405405405406,0.02702702702702703,0.2162162162162162,0.02702702702702703,0.05405405405405406,0.02702702702702703,0.08108108108108109,0.0,0.0,0.0,0.08108108108108109,0.02702702702702703,0.0,0.1621621621621622,-0.7513513513513513
0.05405405405405406,0.08108108108108109,0.08108108108108109,0.0,0.02702702702702703,0.0,0.0,0.1891891891891892,0.0,0.02702702702702703,0.05405405405405406,0.1351351351351351,0.02702702702702703,0.0,0.05405405405405406,0.08108108108108109,0.08108108108108109,0.0,0.05405405405405406,-0.9864864864864865
0.02702702702702703,0.1081081081081081,0.08108108108108109,0.0,0.05405405405405406,0.1351351351351351,0.1081081081081081,0.1081081081081081,0.0,0.0,0.0,0.08108108108108109,0.02702702702702703,0.08108108108108109,0.02702702702702703,0.08108108108108109,0.0,0.02702702702702703,0.02702702702702703,-1.686486486486486
0.07894736842105263,0.05263157894736842,0.02631578947368421,0.02631578947368421,0.05263157894736842,0.02631578947368421,0.02631578947368421,0.07894736842105263,0.02631578947368421,0.1052631578947368,0.131578947368421,0.1578947368421053,0.0,0.05263157894736842,0.05263157894736842,0.05263157894736842,0.05263157894736842,0.0,0.0,-0.1052631578947368
0.07894736842105263,0.1578947368421053,0.02631578947368421,0.0,0.05263157894736842,0.1578947368421053,0.02631578947368421,0.02631578947368421,0.0,0.05263157894736842,0.05263157894736842,0.07894736842105263,0.05263157894736842,0.05263157894736842,0.0,0.05263157894736842,0.05263157894736842,0.0,0.02631578947368421,-0.9210526315789473
0.1025641025641026,0.282051282051282,0.0,0.02564102564102564,0.0,0.05128205128205128,0.02564102564102564,0.0,0.05128205128205128,0.07692307692307693,0.07692307692307693,0.07692307692307693,0.0,0.05128205128205128,0.1282051282051282,0.02564102564102564,0.0,0.02564102564102564,0.0,-1.374358974358974
0.05,0.0,0.025,0.0,0.025,0.025,0.025,0.05,0.0,0.1,0.1,0.225,0.0,0.125,0.05,0.125,0.025,0.0,0.0,-0.02500000000000006
0.075,0.05,0.0,0.05,0.05,0.075,0.0,0.075,0.0,0.1,0.175,0.125,0.0,0.1,0.025,0.0,0.025,0.0,0.05,0.3524999999999999
0.0,0.1,0.025,0.05,0.075,0.0,0.15,0.1,0.0,0.05,0.0,0.125,0.0,0.0,0.025,0.05,0.05,0.075,0.1,-1.665
0.04761904761904762,0.09523809523809523,0.07142857142857142,0.04761904761904762,0.09523809523809523,0.0,0.02380952380952381,0.04761904761904762,0.04761904761904762,0.02380952380952381,0.119047619047619,0.09523809523809523,0.0,0.0,0.0,0.09523809523809523,0.07142857142857142,0.0,0.07142857142857142,-0.8071428571428572
0.0,0.119047619047619,0.07142857142857142,0.02380952380952381,0.07142857142857142,0.119047619047619,0.09523809523809523,0.119047619047619,0.0,0.07142857142857142,0.0,0.2142857142857143,0.0,0.0,0.0,0.04761904761904762,0.0,0.0,0.02380952380952381,-2.071428571428572
0.04761904761904762,0.2380952380952381,0.04761904761904762,0.0,0.0,0.1428571428571428,0.02380952380952381,0.02380952380952381,0.0,0.09523809523809523,0.02380952380952381,0.119047619047619,0.04761904761904762,0.04761904761904762,0.0,0.02380952380952381,0.02380952380952381,0.02380952380952381,0.02380952380952381,-1.554761904761905
0.06976744186046512,0.1627906976744186,0.02325581395348837,0.02325581395348837,0.0,0.0,0.04651162790697674,0.09302325581395349,0.02325581395348837,0.09302325581395349,0.0,0.1162790697674419,0.0,0.1162790697674419,0.06976744186046512,0.04651162790697674,0.02325581395348837,0.04651162790697674,0.0,-0.9604651162790697
0.04651162790697674,0.1627906976744186,0.06976744186046512,0.0,0.0,0.02325581395348837,0.1162790697674419,0.0,0.02325581395348837,0.1162790697674419,0.04651162790697674,0.2093023255813954,0.04651162790697674,0.02325581395348837,0.0,0.0,0.04651162790697674,0.0,0.02325581395348837,-1.481395348837209
0.1136363636363636,0.04545454545454546,0.02272727272727273,0.06818181818181818,0.1136363636363636,0.02272727272727273,0.02272727272727273,0.1590909090909091,0.02272727272727273,0.06818181818181818,0.04545454545454546,0.1363636363636364,0.0,0.0,0.0,0.02272727272727273,0.06818181818181818,0.0,0.02272727272727273,-0.4772727272727273
0.06666666666666667,0.06666666666666667,0.06666666666666667,0.02222222222222222,0.04444444444444445,0.0,0.04444444444444445,0.1555555555555556,0.0,0.06666666666666667,0.02222222222222222,0.1333333333333333,0.0,0.0,0.02222222222222222,0.1777777777777778,0.02222222222222222,0.0,0.02222222222222222,-0.9555555555555556
0.1111111111111111,0.06666666666666667,0.04444444444444445,0.08888888888888889,0.04444444444444445,0.0,0.02222222222222222,0.1111111111111111,0.06666666666666667,0.02222222222222222,0.1111111111111111,0.06666666666666667,0.0,0.02222222222222222,0.04444444444444445,0.0,0.06666666666666667,0.02222222222222222,0.0,-0.6044444444444445
0.08695652173913043,0.1739130434782609,0.0,0.02173913043478261,0.04347826086956522,0.02173913043478261,0.04347826086956522,0.108695652173913,0.0,0.02173913043478261,0.06521739130434782,0.2608695652173913,0.0,0.0,0.04347826086956522,0.04347826086956522,0.0,0.02173913043478261,0.0,-1.660869565217391
0.02127659574468085,0.0425531914893617,0.06382978723404255,0.0,0.02127659574468085,0.0,0.06382978723404255,0.148936170212766,0.02127659574468085,0.02127659574468085,0.1276595744680851,0.0851063829787234,0.0,0.0851063829787234,0.0425531914893617,0.06382978723404255,0.06382978723404255,0.02127659574468085,0.0,-0.3702127659574468
0.0851063829787234,0.0425531914893617,0.02127659574468085,0.0,0.0851063829787234,0.0425531914893617,0.0425531914893617,0.2127659574468085,0.0,0.02127659574468085,0.06382978723404255,0.06382978723404255,0.02127659574468085,0.02127659574468085,0.1063829787234043,0.06382978723404255,0.0,0.0,0.02127659574468085,-0.3425531914893618
0.0425531914893617,0.06382978723404255,0.02127659574468085,0.0,0.06382978723404255,0.02127659574468085,0.0851063829787234,0.148936170212766,0.0425531914893617,0.06382978723404255,0.02127659574468085,0.0425531914893617,0.0,0.0425531914893617,0.1276595744680851,0.06382978723404255,0.06382978723404255,0.0,0.0,-0.672340425531915
0.125,0.02083333333333333,0.04166666666666666,0.0,0.125,0.0,0.02083333333333333,0.1875,0.02083333333333333,0.0625,0.08333333333333333,0.04166666666666666,0.0,0.04166666666666666,0.1041666666666667,0.02083333333333333,0.0625,0.0,0.0,0.4083333333333334
0.02040816326530612,0.1020408163265306,0.0,0.0,0.04081632653061224,0.02040816326530612,0.0,0.1428571428571428,0.0,0.02040816326530612,0.1224489795918367,0.1224489795918367,0.06122448979591837,0.04081632653061224,0.1428571428571428,0.04081632653061224,0.02040816326530612,0.04081632653061224,0.0,-0.4510204081632654
0.02,0.1,0.04,0.08,0.1,0.0,0.06,0.16,0.04,0.06,0.04,0.04,0.02,0.04,0.02,0.02,0.02,0.0,0.08,-0.7360000000000001
0.06,0.18,0.06,0.04,0.08,0.02,0.02,0.1,0.0,0.12,0.08,0.12,0.0,0.02,0.0,0.04,0.04,0.0,0.02,-0.6859999999999999
0.18,0.1,0.0,0.0,0.06,0.06,0.04,0.06,0.06,0.08,0.08,0.04,0.0,0.02,0.0,0.1,0.04,0.0,0.0,-0.08600000000000005
0.1,0.1,0.04,0.1,0.04,0.0,0.04,0.12,0.06,0.02,0.1,0.06,0.0,0.02,0.04,0.0,0.06,0.02,0.0,-0.872
0.06382978723404255,0.02127659574468085,0.06382978723404255,0.0425531914893617,0.1276595744680851,0.02127659574468085,0.06382978723404255,0.0425531914893617,0.0425531914893617,0.0,0.0851063829787234,0.02127659574468085,0.0,0.0425531914893617,0.06382978723404255,0.1702127659574468,0.0425531914893617,0.0,0.0,-0.3936170212765958
0.0,0.3333333333333333,0.0,0.0,0.0,0.2222222222222222,0.0,0.0,0.0,0.0,0.0,0.0,0.0,0.0,0.0,0.0,0.0,0.4444444444444444,0.0,-2.677777777777778
0.1111111111111111,0.2222222222222222,0.0,0.0,0.0,0.2222222222222222,0.0,0.0,0.0,0.0,0.0,0.0,0.0,0.0,0.0,0.0,0.0,0.4444444444444444,0.0,-1.977777777777778
0.1111111111111111,0.3333333333333333,0.0,0.0,0.0,0.2222222222222222,0.0,0.0,0.0,0.0,0.0,0.0,0.0,0.0,0.0,0.0,0.0,0.3333333333333333,0.0,-2.377777777777778
0.1111111111111111,0.3333333333333333,0.0,0.0,0.0,0.1111111111111111,0.0,0.0,0.0,0.0,0.0,0.0,0.0,0.0,0.0,0.0,0.0,0.4444444444444444,0.0,-2.088888888888889
0.1111111111111111,0.3333333333333333,0.0,0.0,0.0,0.2222222222222222,0.0,0.0,0.0,0.0,0.0,0.0,0.0,0.0,0.0,0.0,0.0,0.3333333333333333,0.0,-2.377777777777778
0.1111111111111111,0.2222222222222222,0.0,0.0,0.0,0.2222222222222222,0.0,0.0,0.0,0.0,0.0,0.0,0.0,0.0,0.0,0.0,0.0,0.4444444444444444,0.0,-1.977777777777778
0.1111111111111111,0.3333333333333333,0.0,0.0,0.0,0.2222222222222222,0.0,0.0,0.0,0.0,0.0,0.0,0.0,0.0,0.0,0.0,0.0,0.3333333333333333,0.0,-2.377777777777778
0.1111111111111111,0.3333333333333333,0.0,0.0,0.0,0.1111111111111111,0.0,0.0,0.0,0.0,0.0,0.0,0.0,0.0,0.0,0.0,0.0,0.4444444444444444,0.0,-2.088888888888889
0.1111111111111111,0.3333333333333333,0.0,0.0,0.0,0.2222222222222222,0.0,0.0,0.0,0.0,0.0,0.0,0.0,0.0,0.0,0.0,0.0,0.3333333333333333,0.0,-2.377777777777778
0.1111111111111111,0.2222222222222222,0.0,0.0,0.0,0.2222222222222222,0.0,0.0,0.0,0.0,0.0,0.0,0.0,0.0,0.0,0.0,0.0,0.4444444444444444,0.0,-1.977777777777778
0.1111111111111111,0.0,0.0,0.0,0.0,0.0,0.0,0.1111111111111111,0.0,0.1111111111111111,0.2777777777777778,0.1111111111111111,0.0,0.1111111111111111,0.05555555555555555,0.0,0.1111111111111111,0.0,0.0,1.422222222222222
0.0,0.4705882352941176,0.0,0.0,0.0,0.0,0.0,0.0,0.0,0.2352941176470588,0.0,0.0,0.0,0.1176470588235294,0.05882352941176471,0.0,0.0,0.1176470588235294,0.0,-0.9294117647058824
0.0,0.2608695652173913,0.08695652173913043,0.0,0.0,0.1739130434782609,0.0,0.0,0.0,0.08695652173913043,0.0,0.08695652173913043,0.0,0.08695652173913043,0.04347826086956522,0.0,0.0,0.08695652173913043,0.0,-1.939130434782609
0.0,0.4210526315789473,0.0,0.0,0.0,0.0,0.0,0.0,0.0,0.2105263157894737,0.0,0.0,0.0,0.1052631578947368,0.1578947368421053,0.0,0.0,0.1052631578947368,0.0,-1.0
0.0,0.4444444444444444,0.0,0.0,0.0,0.0,0.0,0.0,0.0,0.2222222222222222,0.0,0.0,0.0,0.1111111111111111,0.1111111111111111,0.0,0.0,0.1111111111111111,0.0,-0.9666666666666668
0.0,0.4375,0.0,0.0,0.0,0.0,0.0,0.0,0.0,0.25,0.0,0.0,0.0,0.0,0.1875,0.0,0.0,0.125,0.0,-1.25625
0.0,0.5,0.0,0.0,0.0,0.0,0.0,0.0,0.0,0.25,0.0,0.0,0.0,0.0,0.125,0.0,0.0,0.125,0.0,-1.4375
0.0,0.5714285714285714,0.0,0.0,0.0,0.0,0.0,0.0,0.0,0.0,0.0,0.0,0.0,0.1428571428571428,0.0,0.0,0.0,0.2857142857142857,0.0,-2.428571428571428
0.04166666666666666,0.3333333333333333,0.04166666666666666,0.0,0.0,0.04166666666666666,0.04166666666666666,0.0,0.0,0.1666666666666667,0.04166666666666666,0.0,0.0,0.125,0.04166666666666666,0.0,0.0,0.08333333333333333,0.04166666666666666,-0.8000000000000002
0.0,0.2,0.0,0.0,0.0,0.0,0.0,0.0,0.0,0.0,0.0,0.2,0.0,0.0,0.0,0.2,0.2,0.0,0.2,-2.24
0.0,0.0,0.0,0.0,0.0,0.0,0.2857142857142857,0.0,0.2857142857142857,0.0,0.4285714285714285,0.0,0.0,0.0,0.0,0.0,0.0,0.0,0.0,-0.285714285714286
0.0,0.0,0.0,0.0,0.0,0.0,0.2857142857142857,0.0,0.2857142857142857,0.0,0.4285714285714285,0.0,0.0,0.0,0.0,0.0,0.0,0.0,0.0,-0.285714285714286
0.0,0.0,0.0,0.0,0.0,0.0,0.2857142857142857,0.0,0.2857142857142857,0.0,0.4285714285714285,0.0,0.0,0.0,0.0,0.0,0.0,0.0,0.0,-0.285714285714286
0.0,0.2173913043478261,0.0,0.04347826086956522,0.0,0.04347826086956522,0.0,0.0,0.0,0.08695652173913043,0.08695652173913043,0.08695652173913043,0.0,0.04347826086956522,0.08695652173913043,0.0,0.04347826086956522,0.08695652173913043,0.0,-1.026086956521739
0.0,0.1739130434782609,0.0,0.04347826086956522,0.0,0.04347826086956522,0.0,0.0,0.0,0.08695652173913043,0.1739130434782609,0.08695652173913043,0.0,0.04347826086956522,0.08695652173913043,0.0,0.0,0.08695652173913043,0.0,-0.4695652173913044
0.0,0.0,0.0,0.0,0.0,0.0,0.0,0.2,0.0,0.0,0.2,0.0,0.0,0.2,0.0,0.2,0.0,0.0,0.2,0.82
0.0,0.1428571428571428,0.0,0.0,0.0,0.0,0.0,0.0,0.0,0.0,0.2857142857142857,0.2857142857142857,0.0,0.1428571428571428,0.0,0.07142857142857142,0.0,0.0,0.07142857142857142,-0.4214285714285714
0.06122448979591837,0.06122448979591837,0.1224489795918367,0.02040816326530612,0.163265306122449,0.02040816326530612,0.04081632653061224,0.1020408163265306,0.06122448979591837,0.0,0.04081632653061224,0.06122448979591837,0.0,0.04081632653061224,0.0,0.04081632653061224,0.08163265306122448,0.06122448979591837,0.02040816326530612,-0.8489795918367348
0.0,0.3333333333333333,0.0,0.0,0.1666666666666667,0.0,0.0,0.0,0.0,0.1666666666666667,0.08333333333333333,0.0,0.0,0.0,0.0,0.0,0.0,0.0,0.0,-0.01666666666666668
0.0,0.2093023255813954,0.0,0.0,0.0,0.0,0.0,0.02325581395348837,0.0,0.1162790697674419,0.02325581395348837,0.0,0.0,0.1395348837209302,0.4651162790697674,0.0,0.0,0.0,0.02325581395348837,-0.7232558139534884
0.0,0.2833333333333333,0.0,0.0,0.0,0.0,0.0,0.05,0.0,0.06666666666666667,0.08333333333333333,0.0,0.0,0.05,0.4666666666666667,0.0,0.0,0.0,0.0,-1.285
0.0,0.2,0.05,0.0,0.15,0.025,0.0,0.1,0.025,0.1,0.0,0.025,0.0,0.05,0.075,0.025,0.075,0.025,0.0,-0.63
0.0,0.1904761904761905,0.04761904761904762,0.0,0.1428571428571428,0.04761904761904762,0.0,0.119047619047619,0.02380952380952381,0.09523809523809523,0.0,0.02380952380952381,0.0,0.04761904761904762,0.07142857142857142,0.02380952380952381,0.07142857142857142,0.02380952380952381,0.0,-0.6928571428571428
0.0,0.1951219512195122,0.04878048780487805,0.0,0.1463414634146341,0.07317073170731707,0.0,0.0975609756097561,0.0,0.04878048780487805,0.02439024390243903,0.0,0.04878048780487805,0.04878048780487805,0.0975609756097561,0.02439024390243903,0.02439024390243903,0.02439024390243903,0.0,-0.651219512195122
0.0,0.1428571428571428,0.07142857142857142,0.0,0.1428571428571428,0.07142857142857142,0.0,0.09523809523809523,0.0,0.07142857142857142,0.0,0.0,0.04761904761904762,0.02380952380952381,0.119047619047619,0.04761904761904762,0.02380952380952381,0.04761904761904762,0.0,-0.6333333333333334
0.0,0.1904761904761905,0.02380952380952381,0.0,0.1428571428571428,0.04761904761904762,0.0,0.1428571428571428,0.02380952380952381,0.07142857142857142,0.0,0.02380952380952381,0.0,0.04761904761904762,0.07142857142857142,0.0,0.07142857142857142,0.02380952380952381,0.02380952380952381,-0.7380952380952381
0.0,0.2,0.05,0.0,0.15,0.05,0.0,0.125,0.025,0.1,0.025,0.025,0.0,0.05,0.075,0.0,0.05,0.0,0.0,-0.5725
0.0,0.1842105263157895,0.05263157894736842,0.0,0.1578947368421053,0.05263157894736842,0.0,0.1052631578947368,0.02631578947368421,0.1052631578947368,0.02631578947368421,0.02631578947368421,0.0,0.05263157894736842,0.07894736842105263,0.0,0.05263157894736842,0.0,0.0,-0.4736842105263158
0.025,0.175,0.05,0.0,0.15,0.075,0.0,0.1,0.025,0.1,0.025,0.025,0.0,0.05,0.075,0.0,0.05,0.0,0.0,-0.4925
0.025,0.175,0.05,0.0,0.15,0.05,0.0,0.125,0.0,0.05,0.1,0.025,0.025,0.0,0.05,0.05,0.025,0.025,0.025,-0.405
0.0,0.1578947368421053,0.02631578947368421,0.0,0.1578947368421053,0.02631578947368421,0.0,0.1578947368421053,0.0,0.07894736842105263,0.02631578947368421,0.02631578947368421,0.02631578947368421,0.02631578947368421,0.131578947368421,0.05263157894736842,0.02631578947368421,0.02631578947368421,0.0,-0.3815789473684211
0.0,0.131578947368421,0.02631578947368421,0.0,0.1578947368421053,0.02631578947368421,0.0,0.1578947368421053,0.0,0.07894736842105263,0.02631578947368421,0.02631578947368421,0.02631578947368421,0.02631578947368421,0.131578947368421,0.05263157894736842,0.02631578947368421,0.02631578947368421,0.0,-0.2631578947368421
0.0,0.119047619047619,0.02380952380952381,0.0,0.1428571428571428,0.02380952380952381,0.0,0.1666666666666667,0.0,0.09523809523809523,0.02380952380952381,0.02380952380952381,0.02380952380952381,0.02380952380952381,0.119047619047619,0.09523809523809523,0.02380952380952381,0.02380952380952381,0.0,-0.1785714285714286
0.04,0.0,0.08,0.0,0.08,0.04,0.0,0.12,0.0,0.04,0.16,0.16,0.04,0.04,0.0,0.08,0.0,0.0,0.0,0.09199999999999996
0.03125,0.0,0.03125,0.0625,0.0625,0.0,0.0,0.125,0.03125,0.125,0.09375,0.125,0.03125,0.0625,0.09375,0.03125,0.09375,0.0,0.0,0.1593749999999999
0.125,0.04166666666666666,0.0,0.0,0.08333333333333333,0.0,0.0,0.0,0.0,0.125,0.08333333333333333,0.125,0.0,0.125,0.08333333333333333,0.08333333333333333,0.04166666666666666,0.0,0.0,0.7583333333333333
0.08333333333333333,0.0,0.0,0.0,0.0,0.0,0.0,0.08333333333333333,0.0,0.08333333333333333,0.3333333333333333,0.08333333333333333,0.0,0.08333333333333333,0.08333333333333333,0.08333333333333333,0.0,0.0,0.08333333333333333,1.358333333333333
0.1538461538461539,0.0,0.0,0.0,0.0,0.0,0.0,0.07692307692307693,0.0,0.1538461538461539,0.1538461538461539,0.07692307692307693,0.07692307692307693,0.1538461538461539,0.0,0.1538461538461539,0.0,0.0,0.0,1.676923076923077
0.1538461538461539,0.0,0.0,0.0,0.0,0.0,0.0,0.07692307692307693,0.0,0.07692307692307693,0.2307692307692308,0.07692307692307693,0.07692307692307693,0.1538461538461539,0.0,0.1538461538461539,0.0,0.0,0.0,1.623076923076923
0.1538461538461539,0.0,0.0,0.0,0.0,0.0,0.0,0.07692307692307693,0.0,0.1538461538461539,0.1538461538461539,0.07692307692307693,0.0,0.2307692307692308,0.0,0.1538461538461539,0.0,0.0,0.0,1.746153846153846
0.0,0.0,0.0,0.0,0.0,0.0,0.0,0.0,0.0,0.07142857142857142,0.2857142857142857,0.07142857142857142,0.0,0.2142857142857143,0.07142857142857142,0.1428571428571428,0.07142857142857142,0.0,0.0,1.45
0.1290322580645161,0.06451612903225806,0.03225806451612903,0.0,0.0,0.03225806451612903,0.06451612903225806,0.0967741935483871,0.0,0.1290322580645161,0.06451612903225806,0.1612903225806452,0.0,0.0,0.03225806451612903,0.1290322580645161,0.03225806451612903,0.03225806451612903,0.0,-0.5580645161290323
0.0,0.03125,0.03125,0.0625,0.1875,0.0,0.0625,0.0625,0.0,0.0625,0.03125,0.125,0.03125,0.03125,0.0625,0.09375,0.0,0.03125,0.0625,-0.46875
0.0,0.1538461538461539,0.0,0.0,0.0,0.0,0.0,0.0,0.0,0.07692307692307693,0.07692307692307693,0.07692307692307693,0.0,0.0,0.2307692307692308,0.0,0.0,0.3846153846153846,0.0,-1.069230769230769
0.0,0.3076923076923077,0.0,0.0,0.0,0.0,0.0,0.0,0.0,0.0,0.07692307692307693,0.0,0.0,0.1538461538461539,0.1538461538461539,0.0,0.0,0.2307692307692308,0.0,-1.115384615384615
0.0,0.1363636363636364,0.02272727272727273,0.0,0.1363636363636364,0.06818181818181818,0.0,0.1136363636363636,0.0,0.02272727272727273,0.06818181818181818,0.0,0.0,0.04545454545454546,0.06818181818181818,0.09090909090909091,0.06818181818181818,0.0,0.1136363636363636,-0.525
0.06896551724137931,0.2068965517241379,0.0,0.0,0.0,0.0,0.0,0.1724137931034483,0.03448275862068965,0.1379310344827586,0.103448275862069,0.103448275862069,0.0,0.0,0.03448275862068965,0.0,0.03448275862068965,0.0,0.03448275862068965,-0.5
0.0,0.3333333333333333,0.0,0.0,0.1212121212121212,0.09090909090909091,0.1212121212121212,0.1212121212121212,0.0303030303030303,0.0,0.0303030303030303,0.0,0.0303030303030303,0.0,0.0303030303030303,0.0303030303030303,0.0303030303030303,0.0303030303030303,0.0,-2.033333333333333
0.06060606060606061,0.2727272727272727,0.06060606060606061,0.0,0.1818181818181818,0.0,0.0303030303030303,0.06060606060606061,0.0,0.0303030303030303,0.0,0.0,0.0,0.06060606060606061,0.0303030303030303,0.09090909090909091,0.0,0.0,0.06060606060606061,-0.9
0.0,0.2352941176470588,0.0,0.02941176470588235,0.1764705882352941,0.02941176470588235,0.02941176470588235,0.08823529411764706,0.0,0.05882352941176471,0.05882352941176471,0.05882352941176471,0.0,0.05882352941176471,0.05882352941176471,0.02941176470588235,0.0,0.0,0.02941176470588235,-0.6941176470588236
0.09090909090909091,0.303030303030303,0.0,0.0,0.1818181818181818,0.0,0.0303030303030303,0.06060606060606061,0.0303030303030303,0.06060606060606061,0.09090909090909091,0.0,0.0,0.0303030303030303,0.06060606060606061,0.0,0.0,0.0,0.0,-0.3666666666666667
0.09090909090909091,0.2727272727272727,0.0,0.0,0.1818181818181818,0.0,0.0303030303030303,0.06060606060606061,0.0303030303030303,0.06060606060606061,0.1212121212121212,0.0,0.0,0.0303030303030303,0.06060606060606061,0.0,0.0,0.0,0.0,-0.1151515151515152
0.0303030303030303,0.1818181818181818,0.0303030303030303,0.0,0.1818181818181818,0.0,0.0303030303030303,0.1212121212121212,0.0303030303030303,0.0,0.0303030303030303,0.0,0.0,0.06060606060606061,0.0,0.1212121212121212,0.09090909090909091,0.0,0.0,-0.5424242424242425
0.0,0.1,0.0,0.0,0.2,0.03333333333333333,0.03333333333333333,0.2333333333333333,0.0,0.0,0.0,0.06666666666666667,0.03333333333333333,0.03333333333333333,0.06666666666666667,0.06666666666666667,0.0,0.0,0.06666666666666667,-0.6266666666666667
0.0,0.06896551724137931,0.0,0.0,0.2068965517241379,0.03448275862068965,0.03448275862068965,0.2413793103448276,0.0,0.0,0.0,0.06896551724137931,0.03448275862068965,0.03448275862068965,0.06896551724137931,0.06896551724137931,0.0,0.0,0.06896551724137931,-0.4931034482758621
0.0,0.3333333333333333,0.0,0.0,0.2222222222222222,0.0,0.0,0.1666666666666667,0.0,0.0,0.05555555555555555,0.0,0.0,0.05555555555555555,0.0,0.0,0.0,0.0,0.05555555555555555,-0.7166666666666667
0.0,0.09375,0.0,0.03125,0.09375,0.03125,0.0,0.078125,0.03125,0.046875,0.15625,0.015625,0.03125,0.09375,0.0625,0.109375,0.0,0.015625,0.015625,0.3062499999999999
0.0,0.1111111111111111,0.1388888888888889,0.0,0.1666666666666667,0.05555555555555555,0.02777777777777778,0.1944444444444444,0.0,0.02777777777777778,0.02777777777777778,0.0,0.0,0.02777777777777778,0.08333333333333333,0.02777777777777778,0.0,0.0,0.05555555555555555,-0.8583333333333334
0.0,0.08108108108108109,0.1081081081081081,0.0,0.1621621621621622,0.08108108108108109,0.02702702702702703,0.2162162162162162,0.0,0.02702702702702703,0.02702702702702703,0.02702702702702703,0.0,0.02702702702702703,0.08108108108108109,0.02702702702702703,0.0,0.0,0.08108108108108109,-0.8648648648648649
0.09375,0.09375,0.03125,0.0625,0.0,0.15625,0.03125,0.03125,0.0,0.0625,0.0625,0.125,0.0,0.0,0.03125,0.0,0.0625,0.03125,0.09375,-1.4625
0.05555555555555555,0.02777777777777778,0.05555555555555555,0.1111111111111111,0.0,0.1111111111111111,0.0,0.02777777777777778,0.02777777777777778,0.1111111111111111,0.05555555555555555,0.1388888888888889,0.02777777777777778,0.02777777777777778,0.0,0.08333333333333333,0.02777777777777778,0.05555555555555555,0.02777777777777778,-0.9694444444444444
0.09090909090909091,0.01818181818181818,0.05454545454545454,0.07272727272727272,0.0,0.01818181818181818,0.07272727272727272,0.1090909090909091,0.0,0.07272727272727272,0.07272727272727272,0.2,0.01818181818181818,0.0,0.01818181818181818,0.01818181818181818,0.05454545454545454,0.03636363636363636,0.03636363636363636,-1.029090909090909
0.0,0.3333333333333333,0.0,0.0,0.2222222222222222,0.0,0.0,0.05555555555555555,0.0,0.0,0.0,0.05555555555555555,0.0,0.1111111111111111,0.0,0.0,0.0,0.05555555555555555,0.1111111111111111,-1.066666666666667
0.0,0.2777777777777778,0.0,0.0,0.2222222222222222,0.0,0.0,0.05555555555555555,0.0,0.0,0.0,0.1111111111111111,0.0,0.1111111111111111,0.0,0.0,0.0,0.05555555555555555,0.1111111111111111,-1.033333333333333
0.0,0.2352941176470588,0.0,0.0,0.2352941176470588,0.0,0.0,0.05882352941176471,0.0,0.05882352941176471,0.0,0.1176470588235294,0.0,0.05882352941176471,0.0,0.0,0.0,0.05882352941176471,0.1176470588235294,-0.7294117647058824
0.0,0.2941176470588235,0.0,0.0,0.2352941176470588,0.0,0.0,0.05882352941176471,0.0,0.05882352941176471,0.0,0.05882352941176471,0.0,0.05882352941176471,0.0,0.0,0.0,0.05882352941176471,0.1176470588235294,-0.7647058823529411
0.0,0.2941176470588235,0.0,0.0,0.2352941176470588,0.0,0.0,0.05882352941176471,0.0,0.05882352941176471,0.0,0.05882352941176471,0.0,0.05882352941176471,0.0,0.0,0.0,0.05882352941176471,0.1176470588235294,-0.7647058823529411
0.05882352941176471,0.2647058823529412,0.05882352941176471,0.0,0.1764705882352941,0.0,0.02941176470588235,0.08823529411764706,0.0,0.02941176470588235,0.0,0.0,0.0,0.05882352941176471,0.02941176470588235,0.08823529411764706,0.0,0.0,0.05882352941176471,-0.8852941176470589
0.0,0.3125,0.0,0.0,0.25,0.0,0.0,0.125,0.0,0.0625,0.0625,0.0,0.0,0.0625,0.0,0.0,0.0,0.0,0.0625,-0.21875
0.0,0.2777777777777778,0.0,0.0,0.2222222222222222,0.0,0.0,0.1666666666666667,0.0,0.0,0.05555555555555555,0.0,0.0,0.05555555555555555,0.05555555555555555,0.0,0.0,0.0,0.05555555555555555,-0.5555555555555556
0.0784313725490196,0.0392156862745098,0.0392156862745098,0.0784313725490196,0.1176470588235294,0.0196078431372549,0.0196078431372549,0.09803921568627451,0.0196078431372549,0.0196078431372549,0.09803921568627451,0.1176470588235294,0.0,0.05882352941176471,0.0,0.0784313725490196,0.0392156862745098,0.0196078431372549,0.0,-0.3333333333333333
0.07317073170731707,0.0975609756097561,0.02439024390243903,0.0,0.1951219512195122,0.1463414634146341,0.0,0.1707317073170732,0.0,0.0,0.04878048780487805,0.0,0.0,0.0,0.0,0.1463414634146341,0.02439024390243903,0.02439024390243903,0.04878048780487805,-0.5195121951219512
0.075,0.1,0.025,0.0,0.2,0.15,0.0,0.175,0.0,0.0,0.05,0.0,0.0,0.0,0.0,0.125,0.025,0.025,0.05,-0.5125
0.0,0.2325581395348837,0.02325581395348837,0.0,0.0,0.0,0.0,0.02325581395348837,0.0,0.06976744186046512,0.0,0.0,0.0,0.1627906976744186,0.4651162790697674,0.0,0.0,0.0,0.0,-1.111627906976744
0.0,0.24,0.04,0.0,0.16,0.04,0.0,0.08,0.0,0.08,0.0,0.08,0.0,0.0,0.04,0.04,0.04,0.0,0.12,-1.224
0.02941176470588235,0.2352941176470588,0.02941176470588235,0.02941176470588235,0.1764705882352941,0.02941176470588235,0.0,0.1176470588235294,0.0,0.05882352941176471,0.02941176470588235,0.0,0.0,0.05882352941176471,0.02941176470588235,0.05882352941176471,0.02941176470588235,0.0,0.05882352941176471,-0.5705882352941177
0.06060606060606061,0.0,0.0,0.0303030303030303,0.1212121212121212,0.1212121212121212,0.0303030303030303,0.0,0.1212121212121212,0.0,0.06060606060606061,0.09090909090909091,0.09090909090909091,0.06060606060606061,0.0303030303030303,0.1515151515151515,0.0,0.0,0.0303030303030303,-0.6030303030303031
0.04761904761904762,0.04761904761904762,0.09523809523809523,0.0,0.1428571428571428,0.0,0.09523809523809523,0.04761904761904762,0.04761904761904762,0.0,0.0,0.09523809523809523,0.0,0.04761904761904762,0.09523809523809523,0.1428571428571428,0.09523809523809523,0.0,0.0,-1.180952380952381
0.01923076923076923,0.1153846153846154,0.01923076923076923,0.0576923076923077,0.1538461538461539,0.0,0.01923076923076923,0.09615384615384616,0.0,0.0576923076923077,0.0,0.1153846153846154,0.01923076923076923,0.03846153846153846,0.0576923076923077,0.1153846153846154,0.07692307692307693,0.0,0.03846153846153846,-0.8096153846153846
0.02631578947368421,0.07894736842105263,0.02631578947368421,0.07894736842105263,0.1052631578947368,0.0,0.02631578947368421,0.1052631578947368,0.0,0.02631578947368421,0.0,0.1052631578947368,0.0,0.05263157894736842,0.05263157894736842,0.131578947368421,0.1052631578947368,0.0,0.07894736842105263,-1.057894736842105
0.06818181818181818,0.04545454545454546,0.0,0.06818181818181818,0.2272727272727273,0.1136363636363636,0.02272727272727273,0.1363636363636364,0.06818181818181818,0.0,0.0,0.0,0.0,0.04545454545454546,0.04545454545454546,0.04545454545454546,0.02272727272727273,0.0,0.02272727272727273,-0.5295454545454545
0.04347826086956522,0.06521739130434782,0.02173913043478261,0.02173913043478261,0.1304347826086956,0.02173913043478261,0.06521739130434782,0.1521739130434783,0.04347826086956522,0.0,0.04347826086956522,0.06521739130434782,0.0,0.02173913043478261,0.1304347826086956,0.06521739130434782,0.06521739130434782,0.0,0.0,-0.8804347826086957
0.0,0.1276595744680851,0.02127659574468085,0.0425531914893617,0.1702127659574468,0.0,0.02127659574468085,0.148936170212766,0.06382978723404255,0.0,0.1063829787234043,0.06382978723404255,0.02127659574468085,0.02127659574468085,0.02127659574468085,0.0425531914893617,0.06382978723404255,0.0,0.02127659574468085,-0.5957446808510638
0.0,0.1276595744680851,0.0425531914893617,0.0425531914893617,0.1702127659574468,0.0,0.02127659574468085,0.148936170212766,0.0425531914893617,0.0,0.1063829787234043,0.06382978723404255,0.02127659574468085,0.02127659574468085,0.02127659574468085,0.0425531914893617,0.06382978723404255,0.0,0.02127659574468085,-0.6021276595744681
0.02777777777777778,0.02777777777777778,0.02777777777777778,0.0,0.1666666666666667,0.0,0.0,0.1666666666666667,0.05555555555555555,0.02777777777777778,0.05555555555555555,0.08333333333333333,0.0,0.1111111111111111,0.05555555555555555,0.1111111111111111,0.0,0.05555555555555555,0.0,0.0944444444444444
0.02564102564102564,0.1025641025641026,0.0,0.02564102564102564,0.1538461538461539,0.0,0.0,0.07692307692307693,0.0,0.05128205128205128,0.1025641025641026,0.1282051282051282,0.0,0.1025641025641026,0.02564102564102564,0.1282051282051282,0.02564102564102564,0.02564102564102564,0.02564102564102564,0.03846153846153842
0.0,0.09523809523809523,0.09523809523809523,0.0,0.3809523809523809,0.0,0.0,0.1428571428571428,0.0,0.0,0.0,0.0,0.04761904761904762,0.09523809523809523,0.04761904761904762,0.04761904761904762,0.0,0.0,0.0,0.3761904761904762
0.03125,0.125,0.03125,0.0,0.1875,0.0,0.03125,0.15625,0.03125,0.03125,0.0625,0.0,0.0,0.0625,0.0,0.09375,0.09375,0.0,0.0,-0.006250000000000026
0.1470588235294118,0.1764705882352941,0.0,0.0,0.2352941176470588,0.0,0.0,0.1176470588235294,0.0,0.0,0.0,0.1176470588235294,0.0,0.05882352941176471,0.0,0.08823529411764706,0.0,0.02941176470588235,0.02941176470588235,-0.4176470588235294
0.1538461538461539,0.07692307692307693,0.0,0.07692307692307693,0.0,0.0,0.07692307692307693,0.07692307692307693,0.0,0.0,0.0,0.2307692307692308,0.0,0.0,0.1538461538461539,0.07692307692307693,0.07692307692307693,0.0,0.0,-1.9
0.25,0.08333333333333333,0.0,0.0,0.0,0.0,0.08333333333333333,0.1666666666666667,0.0,0.0,0.08333333333333333,0.0,0.0,0.0,0.08333333333333333,0.0,0.0,0.0,0.08333333333333333,-0.2083333333333333
0.2105263157894737,0.0,0.0,0.05263157894736842,0.0,0.0,0.0,0.05263157894736842,0.0,0.0,0.0,0.3157894736842105,0.0,0.0,0.1578947368421053,0.05263157894736842,0.1052631578947368,0.0,0.0,-1.426315789473684
0.05263157894736842,0.1052631578947368,0.05263157894736842,0.02631578947368421,0.1578947368421053,0.05263157894736842,0.02631578947368421,0.1578947368421053,0.0,0.02631578947368421,0.0,0.1052631578947368,0.0,0.05263157894736842,0.05263157894736842,0.02631578947368421,0.0,0.02631578947368421,0.05263157894736842,-0.9421052631578947
0.25,0.075,0.125,0.025,0.0,0.05,0.0,0.05,0.025,0.025,0.075,0.025,0.025,0.075,0.05,0.05,0.05,0.0,0.0,-0.2850000000000001
0.02941176470588235,0.2647058823529412,0.0,0.05882352941176471,0.0,0.05882352941176471,0.05882352941176471,0.1176470588235294,0.0,0.1470588235294118,0.08823529411764706,0.08823529411764706,0.0,0.05882352941176471,0.0,0.02941176470588235,0.0,0.0,0.0,-1.008823529411765
0.0,0.1621621621621622,0.0,0.0,0.02702702702702703,0.0,0.0,0.1351351351351351,0.0,0.1081081081081081,0.1081081081081081,0.1891891891891892,0.0,0.02702702702702703,0.08108108108108109,0.02702702702702703,0.02702702702702703,0.02702702702702703,0.0,-0.6756756756756758
0.0,0.1621621621621622,0.0,0.08108108108108109,0.0,0.05405405405405406,0.08108108108108109,0.1081081081081081,0.0,0.08108108108108109,0.1621621621621622,0.08108108108108109,0.0,0.08108108108108109,0.0,0.1081081081081081,0.0,0.0,0.0,-0.7243243243243245
0.04,0.12,0.02,0.02,0.12,0.0,0.0,0.1,0.02,0.06,0.08,0.04,0.0,0.02,0.14,0.06,0.02,0.0,0.06,-0.302
0.04,0.12,0.04,0.02,0.12,0.0,0.0,0.1,0.02,0.06,0.04,0.04,0.0,0.04,0.16,0.06,0.02,0.0,0.06,-0.5000000000000001
0.01612903225806452,0.1129032258064516,0.01612903225806452,0.0,0.0967741935483871,0.03225806451612903,0.0,0.1612903225806452,0.01612903225806452,0.04838709677419355,0.03225806451612903,0.03225806451612903,0.0,0.03225806451612903,0.1612903225806452,0.0967741935483871,0.01612903225806452,0.0,0.06451612903225806,-0.6483870967741936
0.02127659574468085,0.1276595744680851,0.0,0.0425531914893617,0.1276595744680851,0.0,0.0,0.0851063829787234,0.0425531914893617,0.0851063829787234,0.0425531914893617,0.02127659574468085,0.0,0.0425531914893617,0.1276595744680851,0.1063829787234043,0.0425531914893617,0.0,0.06382978723404255,-0.3574468085106384
0.0,0.0,0.0,0.0,0.0,0.07692307692307693,0.0,0.1538461538461539,0.0,0.0,0.07692307692307693,0.1538461538461539,0.0,0.07692307692307693,0.0,0.1538461538461539,0.1538461538461539,0.0,0.07692307692307693,-0.7538461538461539
0.07692307692307693,0.0,0.0,0.0,0.0,0.07692307692307693,0.0,0.1538461538461539,0.0,0.0,0.07692307692307693,0.1538461538461539,0.0,0.07692307692307693,0.0,0.07692307692307693,0.1538461538461539,0.0,0.07692307692307693,-0.5538461538461539
0.02127659574468085,0.1276595744680851,0.0851063829787234,0.0851063829787234,0.1702127659574468,0.0,0.0425531914893617,0.06382978723404255,0.0425531914893617,0.0,0.0425531914893617,0.06382978723404255,0.0,0.0425531914893617,0.02127659574468085,0.0425531914893617,0.1063829787234043,0.02127659574468085,0.02127659574468085,-1.174468085106383
0.03636363636363636,0.07272727272727272,0.03636363636363636,0.03636363636363636,0.1454545454545454,0.03636363636363636,0.0,0.1090909090909091,0.03636363636363636,0.09090909090909091,0.0,0.05454545454545454,0.01818181818181818,0.05454545454545454,0.03636363636363636,0.1272727272727273,0.05454545454545454,0.0,0.05454545454545454,-0.3254545454545455
0.2753623188405797,0.07246376811594203,0.02898550724637681,0.04347826086956522,0.0,0.01449275362318841,0.04347826086956522,0.08695652173913043,0.0,0.0,0.01449275362318841,0.2173913043478261,0.0,0.0,0.1014492753623188,0.04347826086956522,0.01449275362318841,0.0,0.0,-1.321739130434783
0.3333333333333333,0.0,0.0,0.0,0.0,0.0,0.0,0.0,0.0,0.0,0.0,0.4347826086956522,0.0,0.0,0.1304347826086956,0.04347826086956522,0.02898550724637681,0.0,0.0,-1.359420289855072
0.02702702702702703,0.1351351351351351,0.02702702702702703,0.02702702702702703,0.0,0.05405405405405406,0.02702702702702703,0.08108108108108109,0.0,0.08108108108108109,0.1081081081081081,0.2432432432432433,0.0,0.05405405405405406,0.05405405405405406,0.0,0.02702702702702703,0.0,0.02702702702702703,-1.227027027027027
0.02127659574468085,0.1276595744680851,0.0,0.0425531914893617,0.1276595744680851,0.0,0.0,0.0851063829787234,0.0425531914893617,0.0851063829787234,0.06382978723404255,0.02127659574468085,0.0,0.0425531914893617,0.1063829787234043,0.1063829787234043,0.0425531914893617,0.0,0.06382978723404255,-0.2425531914893617
0.02127659574468085,0.1276595744680851,0.0,0.0425531914893617,0.1276595744680851,0.0,0.0,0.0851063829787234,0.02127659574468085,0.0851063829787234,0.0425531914893617,0.02127659574468085,0.0,0.0425531914893617,0.1276595744680851,0.1063829787234043,0.0425531914893617,0.0,0.0851063829787234,-0.3170212765957447
0.05454545454545454,0.1272727272727273,0.01818181818181818,0.0,0.1272727272727273,0.03636363636363636,0.0,0.09090909090909091,0.01818181818181818,0.03636363636363636,0.05454545454545454,0.03636363636363636,0.0,0.0,0.07272727272727272,0.07272727272727272,0.1090909090909091,0.0,0.07272727272727272,-0.5581818181818182
0.05454545454545454,0.1272727272727273,0.01818181818181818,0.0,0.09090909090909091,0.03636363636363636,0.0,0.09090909090909091,0.01818181818181818,0.03636363636363636,0.05454545454545454,0.03636363636363636,0.0,0.0,0.07272727272727272,0.09090909090909091,0.1090909090909091,0.0,0.09090909090909091,-0.6872727272727273
0.1184210526315789,0.05263157894736842,0.05263157894736842,0.0131578947368421,0.07894736842105263,0.05263157894736842,0.0131578947368421,0.131578947368421,0.02631578947368421,0.03947368421052631,0.0131578947368421,0.03947368421052631,0.0,0.06578947368421052,0.02631578947368421,0.1184210526315789,0.05263157894736842,0.02631578947368421,0.05263157894736842,-0.4315789473684211
0.03846153846153846,0.0641025641025641,0.01282051282051282,0.0641025641025641,0.07692307692307693,0.0641025641025641,0.05128205128205128,0.05128205128205128,0.0,0.1153846153846154,0.07692307692307693,0.1282051282051282,0.02564102564102564,0.02564102564102564,0.03846153846153846,0.05128205128205128,0.03846153846153846,0.01282051282051282,0.01282051282051282,-0.4461538461538462
0.1290322580645161,0.03225806451612903,0.03225806451612903,0.0,0.0,0.0,0.0,0.0967741935483871,0.06451612903225806,0.03225806451612903,0.0967741935483871,0.1290322580645161,0.0,0.0967741935483871,0.0,0.0967741935483871,0.06451612903225806,0.03225806451612903,0.06451612903225806,-0.2258064516129033
0.0,0.1025641025641026,0.05128205128205128,0.0,0.2051282051282051,0.02564102564102564,0.0,0.2051282051282051,0.07692307692307693,0.02564102564102564,0.02564102564102564,0.02564102564102564,0.0,0.02564102564102564,0.07692307692307693,0.02564102564102564,0.02564102564102564,0.02564102564102564,0.07692307692307693,-0.6461538461538462
0.05882352941176471,0.2352941176470588,0.05882352941176471,0.0,0.1764705882352941,0.02941176470588235,0.02941176470588235,0.08823529411764706,0.0,0.02941176470588235,0.02941176470588235,0.0,0.0,0.08823529411764706,0.0,0.05882352941176471,0.0,0.0,0.05882352941176471,-0.5911764705882353
0.06060606060606061,0.2424242424242424,0.06060606060606061,0.0,0.1818181818181818,0.0303030303030303,0.0303030303030303,0.06060606060606061,0.0,0.0303030303030303,0.0303030303030303,0.0,0.0,0.09090909090909091,0.0,0.06060606060606061,0.0,0.0,0.06060606060606061,-0.596969696969697
0.0,0.3333333333333333,0.0,0.0,0.1666666666666667,0.0,0.0,0.0,0.0,0.25,0.08333333333333333,0.0,0.0,0.08333333333333333,0.0,0.0,0.0,0.0,0.0,0.5916666666666667
0.1290322580645161,0.03225806451612903,0.06451612903225806,0.03225806451612903,0.1290322580645161,0.03225806451612903,0.03225806451612903,0.1290322580645161,0.0,0.0,0.06451612903225806,0.06451612903225806,0.0,0.0967741935483871,0.06451612903225806,0.06451612903225806,0.03225806451612903,0.0,0.0,-0.1193548387096775
0.1372549019607843,0.1568627450980392,0.0196078431372549,0.0,0.0,0.0196078431372549,0.0,0.1764705882352941,0.0392156862745098,0.0,0.0784313725490196,0.09803921568627451,0.0,0.0196078431372549,0.0392156862745098,0.05882352941176471,0.0392156862745098,0.0,0.0392156862745098,-1.009803921568627
0.1428571428571428,0.2380952380952381,0.0,0.0,0.0,0.04761904761904762,0.09523809523809523,0.04761904761904762,0.0,0.0,0.04761904761904762,0.1904761904761905,0.0,0.04761904761904762,0.0,0.09523809523809523,0.0,0.0,0.0,-1.838095238095238
0.04347826086956522,0.04347826086956522,0.0,0.0,0.0,0.0,0.0,0.1739130434782609,0.1739130434782609,0.1739130434782609,0.1304347826086956,0.0,0.0,0.08695652173913043,0.0,0.04347826086956522,0.0,0.0,0.0,0.7434782608695651
0.0,0.0,0.0,0.0,0.0,0.0,0.0,0.6785714285714286,0.2857142857142857,0.0,0.0,0.0,0.0,0.0,0.0,0.0,0.0,0.0,0.03571428571428571,-1.232142857142857
0.0,0.0,0.05263157894736842,0.0,0.0,0.0,0.0,0.6578947368421053,0.2105263157894737,0.0,0.0,0.0,0.0,0.0,0.0,0.0,0.0,0.0,0.07894736842105263,-1.223684210526316
0.1,0.0,0.0,0.0,0.1,0.0,0.0,0.1,0.0,0.15,0.1,0.15,0.05,0.05,0.05,0.0,0.05,0.0,0.0,0.9800000000000001
0.05,0.2,0.0,0.0,0.2,0.05,0.0,0.1,0.05,0.0,0.0,0.1,0.0,0.0,0.05,0.0,0.0,0.1,0.1,-1.375
0.0,0.3,0.0,0.0,0.2,0.05,0.0,0.2,0.0,0.0,0.0,0.0,0.0,0.0,0.05,0.0,0.0,0.15,0.05,-1.385
0.0,0.25,0.0,0.0,0.2,0.05,0.0,0.2,0.0,0.0,0.0,0.0,0.0,0.0,0.05,0.0,0.0,0.15,0.05,-1.16
0.0,0.25,0.05,0.0,0.2,0.05,0.0,0.15,0.0,0.0,0.0,0.05,0.0,0.0,0.05,0.0,0.0,0.1,0.1,-1.53
0.0,0.0,0.0,1.0,0.0,0.0,0.0,0.0,0.0,0.0,0.0,0.0,0.0,0.0,0.0,0.0,0.0,0.0,0.0,-3.5
0.1071428571428571,0.1071428571428571,0.0,0.0,0.0,0.03571428571428571,0.0,0.1428571428571428,0.03571428571428571,0.0,0.1071428571428571,0.1785714285714286,0.0,0.03571428571428571,0.1071428571428571,0.03571428571428571,0.03571428571428571,0.0,0.03571428571428571,-1.046428571428571
0.1,0.05,0.1,0.05,0.15,0.0,0.05,0.05,0.0,0.0,0.05,0.05,0.0,0.1,0.05,0.05,0.15,0.0,0.0,-0.34
0.02631578947368421,0.131578947368421,0.02631578947368421,0.0,0.1578947368421053,0.02631578947368421,0.0,0.1578947368421053,0.05263157894736842,0.02631578947368421,0.07894736842105263,0.0,0.0,0.02631578947368421,0.02631578947368421,0.1052631578947368,0.05263157894736842,0.02631578947368421,0.07894736842105263,-0.3631578947368422
0.16,0.0,0.04,0.08,0.0,0.0,0.0,0.12,0.04,0.08,0.12,0.16,0.04,0.0,0.0,0.04,0.0,0.0,0.0,-0.07200000000000005
0.1,0.0,0.1,0.1,0.1,0.0,0.1,0.0,0.0,0.0,0.1,0.1,0.0,0.0,0.0,0.0,0.2,0.0,0.1,-0.9
0.1052631578947368,0.1578947368421053,0.0,0.0,0.0,0.05263157894736842,0.0,0.2105263157894737,0.0,0.0,0.0,0.2631578947368421,0.0,0.0,0.0,0.1052631578947368,0.05263157894736842,0.0,0.0,-1.936842105263158
0.06976744186046512,0.04651162790697674,0.09302325581395349,0.04651162790697674,0.186046511627907,0.02325581395348837,0.0,0.1162790697674419,0.02325581395348837,0.02325581395348837,0.06976744186046512,0.09302325581395349,0.0,0.02325581395348837,0.02325581395348837,0.04651162790697674,0.06976744186046512,0.02325581395348837,0.02325581395348837,-0.4116279069767442
0.04,0.12,0.04,0.08,0.04,0.0,0.04,0.16,0.0,0.0,0.0,0.0,0.0,0.0,0.0,0.08,0.08,0.0,0.12,-1.268
0.0,0.0,0.1142857142857143,0.02857142857142857,0.02857142857142857,0.0,0.0,0.08571428571428572,0.02857142857142857,0.05714285714285714,0.1428571428571428,0.0,0.0,0.02857142857142857,0.1428571428571428,0.0,0.1428571428571428,0.05714285714285714,0.02857142857142857,-0.09142857142857144
0.0425531914893617,0.1063829787234043,0.0851063829787234,0.1063829787234043,0.1702127659574468,0.0,0.0425531914893617,0.0425531914893617,0.0425531914893617,0.0,0.06382978723404255,0.06382978723404255,0.0,0.06382978723404255,0.02127659574468085,0.0425531914893617,0.0851063829787234,0.02127659574468085,0.0,-0.923404255319149
0.0975609756097561,0.04878048780487805,0.0975609756097561,0.0,0.04878048780487805,0.02439024390243903,0.02439024390243903,0.1951219512195122,0.0,0.07317073170731707,0.02439024390243903,0.04878048780487805,0.04878048780487805,0.0,0.0,0.0975609756097561,0.02439024390243903,0.04878048780487805,0.04878048780487805,-0.3902439024390244
0.0,0.2558139534883721,0.0,0.0,0.0,0.0,0.0,0.02325581395348837,0.0,0.09302325581395349,0.0,0.0,0.0,0.1395348837209302,0.4651162790697674,0.0,0.0,0.0,0.0,-1.095348837209302
0.0,0.3333333333333333,0.0,0.0,0.0,0.05,0.0,0.0,0.0,0.08333333333333333,0.1166666666666667,0.0,0.0,0.0,0.3666666666666666,0.01666666666666667,0.0,0.03333333333333333,0.0,-1.486666666666667
0.0,0.1944444444444444,0.0,0.0,0.0,0.05555555555555555,0.02777777777777778,0.02777777777777778,0.05555555555555555,0.0,0.1388888888888889,0.05555555555555555,0.0,0.02777777777777778,0.3333333333333333,0.02777777777777778,0.0,0.05555555555555555,0.0,-1.572222222222222
0.0,0.1730769230769231,0.0,0.0,0.0,0.01923076923076923,0.01923076923076923,0.03846153846153846,0.03846153846153846,0.0,0.1730769230769231,0.0576923076923077,0.0,0.01923076923076923,0.3846153846153846,0.01923076923076923,0.0,0.0576923076923077,0.0,-1.248076923076923
0.07692307692307693,0.2307692307692308,0.0,0.0,0.0,0.0,0.0,0.03846153846153846,0.0,0.07692307692307693,0.2307692307692308,0.1153846153846154,0.03846153846153846,0.07692307692307693,0.03846153846153846,0.07692307692307693,0.0,0.0,0.0,0.02307692307692297
0.0,0.1851851851851852,0.0,0.03703703703703703,0.0,0.1111111111111111,0.07407407407407407,0.0,0.03703703703703703,0.0,0.1481481481481481,0.03703703703703703,0.0,0.1851851851851852,0.1111111111111111,0.03703703703703703,0.0,0.03703703703703703,0.0,-1.033333333333333
0.05,0.15,0.0,0.025,0.0,0.075,0.025,0.05,0.075,0.125,0.1,0.075,0.025,0.025,0.025,0.1,0.05,0.0,0.0,-0.67
0.01265822784810127,0.0759493670886076,0.06329113924050633,0.0,0.0,0.0,0.0,0.08860759493670886,0.0,0.01265822784810127,0.0,0.0,0.0,0.189873417721519,0.5316455696202531,0.0,0.0,0.01265822784810127,0.0,-0.849367088607595
0.08108108108108109,0.1621621621621622,0.08108108108108109,0.02702702702702703,0.0,0.0,0.0,0.1081081081081081,0.05405405405405406,0.0,0.05405405405405406,0.1351351351351351,0.0,0.05405405405405406,0.0,0.0,0.02702702702702703,0.05405405405405406,0.05405405405405406,-1.486486486486486
0.06666666666666667,0.1,0.03333333333333333,0.0,0.0,0.0,0.0,0.2,0.03333333333333333,0.06666666666666667,0.06666666666666667,0.1666666666666667,0.0,0.03333333333333333,0.0,0.0,0.0,0.06666666666666667,0.03333333333333333,-0.7400000000000001
0.01515151515151515,0.1212121212121212,0.04545454545454546,0.06060606060606061,0.0303030303030303,0.0,0.01515151515151515,0.2727272727272727,0.01515151515151515,0.09090909090909091,0.01515151515151515,0.01515151515151515,0.0,0.04545454545454546,0.09090909090909091,0.1212121212121212,0.0,0.0,0.0,-0.7318181818181819
0.05405405405405406,0.1351351351351351,0.02702702702702703,0.02702702702702703,0.1621621621621622,0.0,0.0,0.1891891891891892,0.08108108108108109,0.02702702702702703,0.02702702702702703,0.02702702702702703,0.0,0.02702702702702703,0.08108108108108109,0.02702702702702703,0.02702702702702703,0.0,0.08108108108108109,-0.7108108108108109
0.02222222222222222,0.06666666666666667,0.06666666666666667,0.02222222222222222,0.1777777777777778,0.0,0.02222222222222222,0.1333333333333333,0.02222222222222222,0.04444444444444445,0.04444444444444445,0.1111111111111111,0.04444444444444445,0.0,0.0,0.02222222222222222,0.1111111111111111,0.02222222222222222,0.04444444444444445,-0.4822222222222223
0.04761904761904762,0.2857142857142857,0.0,0.0,0.09523809523809523,0.0,0.0,0.04761904761904762,0.0,0.0,0.04761904761904762,0.0,0.0,0.0,0.0,0.0,0.0,0.09523809523809523,0.1428571428571428,-1.071428571428571
0.04761904761904762,0.2857142857142857,0.0,0.0,0.09523809523809523,0.0,0.0,0.04761904761904762,0.0,0.04761904761904762,0.04761904761904762,0.0,0.0,0.0,0.0,0.0,0.0,0.09523809523809523,0.1428571428571428,-0.8571428571428571
0.08333333333333333,0.08333333333333333,0.0,0.04166666666666666,0.0,0.0,0.04166666666666666,0.2916666666666667,0.04166666666666666,0.1666666666666667,0.125,0.08333333333333333,0.0,0.0,0.0,0.0,0.0,0.04166666666666666,0.0,0.09583333333333327
0.1,0.1,0.0,0.05,0.0,0.0,0.0,0.2,0.05,0.15,0.15,0.1,0.0,0.0,0.0,0.0,0.0,0.05,0.0,0.1249999999999999
0.1052631578947368,0.05263157894736842,0.05263157894736842,0.0,0.0,0.0,0.0,0.2105263157894737,0.1578947368421053,0.0,0.1578947368421053,0.0,0.0,0.1578947368421053,0.0,0.0,0.0,0.0,0.05263157894736842,0.1526315789473682
0.08333333333333333,0.04166666666666666,0.04166666666666666,0.0,0.0,0.04166666666666666,0.0,0.2083333333333333,0.1666666666666667,0.1666666666666667,0.08333333333333333,0.04166666666666666,0.04166666666666666,0.08333333333333333,0.0,0.0,0.0,0.0,0.0,0.2708333333333333
0.16,0.04,0.04,0.0,0.0,0.0,0.0,0.16,0.2,0.08,0.04,0.08,0.0,0.04,0.0,0.04,0.0,0.04,0.04,-0.544
0.05263157894736842,0.1052631578947368,0.0,0.0,0.0,0.0,0.0,0.1052631578947368,0.1578947368421053,0.05263157894736842,0.1052631578947368,0.1052631578947368,0.0,0.1578947368421053,0.05263157894736842,0.0,0.0,0.0,0.0,-0.3421052631578949
0.08,0.04,0.0,0.04,0.0,0.0,0.0,0.16,0.04,0.0,0.12,0.2,0.0,0.04,0.0,0.04,0.04,0.04,0.04,-0.7280000000000001
0.08,0.04,0.04,0.04,0.0,0.0,0.0,0.16,0.04,0.0,0.08,0.2,0.0,0.04,0.0,0.0,0.04,0.08,0.04,-1.024
0.08695652173913043,0.04347826086956522,0.0,0.0,0.0,0.0,0.04347826086956522,0.08695652173913043,0.04347826086956522,0.0,0.2608695652173913,0.2173913043478261,0.0,0.0,0.0,0.0,0.04347826086956522,0.04347826086956522,0.04347826086956522,-0.3478260869565219
0.1538461538461539,0.0,0.03846153846153846,0.03846153846153846,0.0,0.03846153846153846,0.0,0.1538461538461539,0.1153846153846154,0.1538461538461539,0.0,0.1153846153846154,0.0,0.1153846153846154,0.0,0.03846153846153846,0.0,0.03846153846153846,0.0,-0.05769230769230778
0.0,0.0,0.0,0.0,0.0,0.0,0.0,0.2380952380952381,0.1428571428571428,0.04761904761904762,0.3333333333333333,0.09523809523809523,0.0,0.09523809523809523,0.0,0.0,0.0,0.04761904761904762,0.0,0.7809523809523807
0.1578947368421053,0.05263157894736842,0.0,0.0,0.0,0.05263157894736842,0.0,0.1578947368421053,0.05263157894736842,0.05263157894736842,0.1052631578947368,0.2631578947368421,0.0,0.0,0.0,0.0,0.0,0.1052631578947368,0.0,-0.8526315789473684
0.1739130434782609,0.04347826086956522,0.0,0.0,0.0,0.04347826086956522,0.0,0.1739130434782609,0.04347826086956522,0.04347826086956522,0.1304347826086956,0.2173913043478261,0.0,0.0,0.0,0.04347826086956522,0.0,0.08695652173913043,0.0,-0.5130434782608696
0.0,0.0,0.0,0.0,0.0,0.0,0.0,0.2083333333333333,0.2916666666666667,0.08333333333333333,0.1666666666666667,0.04166666666666666,0.0,0.08333333333333333,0.0,0.0,0.0,0.04166666666666666,0.0,0.02499999999999987
0.05555555555555555,0.1111111111111111,0.0,0.0,0.0,0.05555555555555555,0.05555555555555555,0.1111111111111111,0.05555555555555555,0.0,0.05555555555555555,0.1666666666666667,0.0,0.1111111111111111,0.0,0.05555555555555555,0.05555555555555555,0.1111111111111111,0.0,-1.322222222222222
0.03846153846153846,0.1153846153846154,0.03846153846153846,0.0,0.0,0.0,0.03846153846153846,0.1538461538461539,0.1538461538461539,0.03846153846153846,0.1153846153846154,0.07692307692307693,0.03846153846153846,0.07692307692307693,0.0,0.07692307692307693,0.0,0.0,0.0,-0.7346153846153847
0.0,0.25,0.0,0.0,0.4,0.0,0.0,0.1,0.0,0.0,0.05,0.0,0.05,0.1,0.05,0.0,0.0,0.0,0.0,0.32
0.0,0.1,0.1,0.0,0.3,0.05,0.0,0.05,0.05,0.0,0.1,0.05,0.0,0.0,0.0,0.15,0.0,0.05,0.0,-0.3850000000000001
0.1162790697674419,0.0,0.1162790697674419,0.02325581395348837,0.04651162790697674,0.0,0.0,0.1627906976744186,0.0,0.06976744186046512,0.04651162790697674,0.09302325581395349,0.0,0.0,0.0,0.1395348837209302,0.04651162790697674,0.04651162790697674,0.04651162790697674,-0.3465116279069768
0.02702702702702703,0.0,0.08108108108108109,0.05405405405405406,0.05405405405405406,0.0,0.05405405405405406,0.08108108108108109,0.02702702702702703,0.05405405405405406,0.05405405405405406,0.1081081081081081,0.0,0.0,0.02702702702702703,0.1081081081081081,0.08108108108108109,0.05405405405405406,0.05405405405405406,-0.8756756756756756
0.02702702702702703,0.1891891891891892,0.02702702702702703,0.02702702702702703,0.1081081081081081,0.0,0.0,0.05405405405405406,0.0,0.02702702702702703,0.0,0.02702702702702703,0.0,0.05405405405405406,0.3243243243243243,0.05405405405405406,0.0,0.05405405405405406,0.02702702702702703,-1.221621621621622
0.0,0.0,0.1111111111111111,0.0,0.0,0.0,0.0,0.1111111111111111,0.0,0.1111111111111111,0.0,0.0,0.0,0.1111111111111111,0.3333333333333333,0.0,0.1111111111111111,0.0,0.1111111111111111,-0.3777777777777779
0.04,0.16,0.04,0.04,0.08,0.08,0.0,0.04,0.0,0.04,0.0,0.12,0.04,0.04,0.08,0.04,0.04,0.04,0.0,-1.348
0.03448275862068965,0.1379310344827586,0.03448275862068965,0.03448275862068965,0.06896551724137931,0.103448275862069,0.03448275862068965,0.03448275862068965,0.0,0.03448275862068965,0.0,0.103448275862069,0.03448275862068965,0.03448275862068965,0.103448275862069,0.06896551724137931,0.03448275862068965,0.03448275862068965,0.0,-1.486206896551724
0.05882352941176471,0.0,0.0,0.0,0.0,0.1764705882352941,0.0,0.0,0.0,0.05882352941176471,0.1176470588235294,0.1764705882352941,0.0,0.05882352941176471,0.05882352941176471,0.05882352941176471,0.0,0.05882352941176471,0.1764705882352941,-0.7470588235294118
0.08333333333333333,0.04166666666666666,0.0,0.04166666666666666,0.0,0.125,0.0,0.0,0.04166666666666666,0.04166666666666666,0.04166666666666666,0.125,0.04166666666666666,0.0,0.125,0.0,0.08333333333333333,0.04166666666666666,0.08333333333333333,-1.220833333333333
0.0,0.0,0.1666666666666667,0.0,0.0,0.0,0.1666666666666667,0.08333333333333333,0.0,0.0,0.3333333333333333,0.0,0.0,0.0,0.08333333333333333,0.08333333333333333,0.0,0.0,0.0,-0.1333333333333334
0.1111111111111111,0.1111111111111111,0.0,0.0,0.0,0.0,0.1111111111111111,0.0,0.0,0.0,0.0,0.0,0.0,0.2222222222222222,0.2222222222222222,0.0,0.0,0.0,0.0,-0.4222222222222223
0.125,0.0,0.0,0.0,0.0,0.0,0.125,0.0,0.0,0.0,0.0,0.0,0.0,0.125,0.25,0.0,0.0,0.0,0.0,-0.2625000000000001
0.03846153846153846,0.0,0.07692307692307693,0.0,0.0,0.1153846153846154,0.03846153846153846,0.0,0.07692307692307693,0.03846153846153846,0.1538461538461539,0.0,0.0,0.0,0.1923076923076923,0.03846153846153846,0.07692307692307693,0.0,0.03846153846153846,-0.6692307692307693
0.0625,0.0625,0.0,0.0,0.0,0.1875,0.0,0.0,0.0,0.0625,0.125,0.1875,0.0,0.0625,0.0625,0.0625,0.0,0.0,0.125,-0.9375
0.05128205128205128,0.02564102564102564,0.0,0.0,0.0,0.1538461538461539,0.0,0.0,0.02564102564102564,0.07692307692307693,0.05128205128205128,0.2051282051282051,0.02564102564102564,0.02564102564102564,0.1025641025641026,0.02564102564102564,0.05128205128205128,0.02564102564102564,0.1025641025641026,-1.158974358974359
0.04,0.04,0.0,0.0,0.0,0.12,0.0,0.0,0.04,0.08,0.04,0.16,0.04,0.0,0.12,0.0,0.04,0.04,0.12,-1.104
0.0,0.08695652173913043,0.08695652173913043,0.0,0.0,0.08695652173913043,0.08695652173913043,0.04347826086956522,0.08695652173913043,0.04347826086956522,0.1739130434782609,0.08695652173913043,0.0,0.04347826086956522,0.1304347826086956,0.0,0.0,0.0,0.0,-1.169565217391304
0.0,0.2222222222222222,0.1111111111111111,0.0,0.2222222222222222,0.0,0.0,0.1111111111111111,0.0,0.0,0.0,0.1111111111111111,0.0,0.0,0.0,0.0,0.0,0.0,0.0,-1.311111111111111
0.0,0.2,0.1,0.0,0.2,0.0,0.0,0.2,0.0,0.0,0.0,0.1,0.0,0.0,0.0,0.0,0.0,0.0,0.0,-1.22
0.0,0.1818181818181818,0.09090909090909091,0.0,0.2727272727272727,0.0,0.0,0.1818181818181818,0.0,0.0,0.0,0.09090909090909091,0.0,0.0,0.0,0.0,0.0,0.0,0.0,-0.8818181818181817
0.0,0.2,0.1,0.0,0.3,0.0,0.0,0.1,0.0,0.0,0.0,0.1,0.0,0.0,0.0,0.0,0.0,0.0,0.0,-0.93
0.0,0.1111111111111111,0.1111111111111111,0.0,0.3333333333333333,0.0,0.0,0.1111111111111111,0.0,0.0,0.0,0.1111111111111111,0.0,0.0,0.0,0.0,0.0,0.0,0.0,-0.5333333333333333
0.0,0.1,0.1,0.0,0.3,0.0,0.0,0.2,0.0,0.0,0.0,0.1,0.0,0.0,0.0,0.0,0.0,0.0,0.0,-0.52
0.0,0.1666666666666667,0.08333333333333333,0.0,0.25,0.0,0.0,0.1666666666666667,0.0,0.0,0.0,0.08333333333333333,0.0,0.0,0.0,0.0,0.0,0.0,0.08333333333333333,-0.9166666666666666
0.0,0.1818181818181818,0.09090909090909091,0.0,0.2727272727272727,0.0,0.0,0.09090909090909091,0.0,0.0,0.0,0.09090909090909091,0.0,0.0,0.0,0.0,0.0,0.0,0.09090909090909091,-0.9636363636363636
0.0,0.1,0.1,0.0,0.3,0.0,0.0,0.1,0.0,0.0,0.0,0.1,0.0,0.0,0.0,0.0,0.0,0.0,0.1,-0.61
0.0,0.09090909090909091,0.09090909090909091,0.0,0.2727272727272727,0.0,0.0,0.1818181818181818,0.0,0.0,0.0,0.09090909090909091,0.0,0.0,0.0,0.0,0.0,0.0,0.09090909090909091,-0.5909090909090909
0.3636363636363636,0.09090909090909091,0.0,0.09090909090909091,0.1818181818181818,0.0,0.0,0.0,0.09090909090909091,0.0,0.09090909090909091,0.0,0.0,0.09090909090909091,0.0,0.0,0.0,0.0,0.0,0.6909090909090909
0.3333333333333333,0.08333333333333333,0.0,0.08333333333333333,0.1666666666666667,0.0,0.0,0.08333333333333333,0.08333333333333333,0.0,0.08333333333333333,0.0,0.0,0.08333333333333333,0.0,0.0,0.0,0.0,0.0,0.6
0.2352941176470588,0.1176470588235294,0.05882352941176471,0.05882352941176471,0.1176470588235294,0.0,0.0,0.1764705882352941,0.05882352941176471,0.0,0.05882352941176471,0.0,0.0,0.05882352941176471,0.0,0.05882352941176471,0.0,0.0,0.0,-0.1411764705882353
0.2222222222222222,0.1111111111111111,0.05555555555555555,0.05555555555555555,0.1111111111111111,0.0,0.0,0.2222222222222222,0.05555555555555555,0.0,0.05555555555555555,0.0,0.0,0.05555555555555555,0.0,0.05555555555555555,0.0,0.0,0.0,-0.1555555555555556
0.0625,0.0,0.0,0.0625,0.0625,0.0,0.0625,0.125,0.0,0.0625,0.125,0.125,0.0,0.0,0.0,0.0625,0.0625,0.0,0.0,-0.04375000000000001
0.06666666666666667,0.0,0.0,0.06666666666666667,0.06666666666666667,0.0,0.06666666666666667,0.06666666666666667,0.0,0.06666666666666667,0.1333333333333333,0.1333333333333333,0.0,0.0,0.0,0.06666666666666667,0.06666666666666667,0.0,0.0,-0.02000000000000001
0.0,0.2777777777777778,0.0,0.0,0.2222222222222222,0.0,0.0,0.1111111111111111,0.0,0.05555555555555555,0.0,0.05555555555555555,0.0,0.05555555555555555,0.0,0.0,0.0,0.05555555555555555,0.1111111111111111,-0.7444444444444445
0.0,0.3333333333333333,0.0,0.0,0.2222222222222222,0.0,0.0,0.1111111111111111,0.0,0.05555555555555555,0.0,0.0,0.0,0.05555555555555555,0.0,0.0,0.0,0.05555555555555555,0.1111111111111111,-0.7777777777777778
0.0,0.3529411764705883,0.0,0.0,0.2352941176470588,0.0,0.0,0.05882352941176471,0.0,0.05882352941176471,0.0,0.0,0.0,0.05882352941176471,0.0,0.0,0.0,0.05882352941176471,0.1176470588235294,-0.7999999999999999
0.0303030303030303,0.1515151515151515,0.0303030303030303,0.0,0.1818181818181818,0.0,0.0303030303030303,0.1515151515151515,0.0303030303030303,0.0303030303030303,0.06060606060606061,0.0,0.0,0.06060606060606061,0.0,0.09090909090909091,0.09090909090909091,0.0,0.0,-0.1424242424242425
0.1176470588235294,0.2647058823529412,0.0,0.0,0.1764705882352941,0.0,0.02941176470588235,0.05882352941176471,0.02941176470588235,0.05882352941176471,0.1176470588235294,0.0,0.0,0.02941176470588235,0.05882352941176471,0.0,0.0,0.0,0.0,-0.05882352941176473
0.0,0.2631578947368421,0.0,0.0,0.2105263157894737,0.0,0.0,0.1052631578947368,0.0,0.0,0.0,0.1052631578947368,0.0,0.1052631578947368,0.0,0.0,0.0,0.05263157894736842,0.1052631578947368,-1.0
0.0,0.3157894736842105,0.0,0.0,0.2105263157894737,0.0,0.0,0.1052631578947368,0.0,0.0,0.0,0.05263157894736842,0.0,0.1052631578947368,0.0,0.0,0.0,0.05263157894736842,0.1052631578947368,-1.031578947368421
0.0,0.2258064516129032,0.03225806451612903,0.0,0.1935483870967742,0.03225806451612903,0.0,0.03225806451612903,0.0,0.06451612903225806,0.03225806451612903,0.0,0.0,0.0967741935483871,0.03225806451612903,0.0,0.1612903225806452,0.0,0.06451612903225806,-0.335483870967742
0.0,0.03225806451612903,0.06451612903225806,0.03225806451612903,0.0,0.0,0.03225806451612903,0.1612903225806452,0.0,0.0967741935483871,0.1290322580645161,0.1935483870967742,0.03225806451612903,0.03225806451612903,0.0,0.06451612903225806,0.0,0.0,0.0,-0.3903225806451613
0.06666666666666667,0.06666666666666667,0.0,0.06666666666666667,0.1333333333333333,0.0,0.06666666666666667,0.2,0.0,0.2,0.0,0.1333333333333333,0.0,0.0,0.0,0.0,0.06666666666666667,0.0,0.0,-0.05999999999999999
0.2352941176470588,0.0,0.0,0.02941176470588235,0.0,0.05882352941176471,0.0,0.1176470588235294,0.02941176470588235,0.02941176470588235,0.1470588235294118,0.1176470588235294,0.05882352941176471,0.0,0.0,0.02941176470588235,0.1176470588235294,0.02941176470588235,0.0,0.1852941176470588
0.1212121212121212,0.0,0.06060606060606061,0.0303030303030303,0.06060606060606061,0.06060606060606061,0.0,0.1212121212121212,0.0,0.0303030303030303,0.1818181818181818,0.1515151515151515,0.0303030303030303,0.0,0.0,0.09090909090909091,0.06060606060606061,0.0,0.0,-0.0303030303030304
0.125,0.04166666666666666,0.04166666666666666,0.0,0.08333333333333333,0.0,0.0,0.04166666666666666,0.0,0.08333333333333333,0.2083333333333333,0.125,0.0,0.125,0.08333333333333333,0.0,0.04166666666666666,0.0,0.0,0.9500000000000001
0.02564102564102564,0.05128205128205128,0.05128205128205128,0.0,0.0,0.1282051282051282,0.07692307692307693,0.0,0.02564102564102564,0.02564102564102564,0.1282051282051282,0.2051282051282051,0.0,0.05128205128205128,0.02564102564102564,0.02564102564102564,0.07692307692307693,0.0,0.07692307692307693,-1.433333333333333
0.04166666666666666,0.04166666666666666,0.0,0.0,0.0,0.125,0.0,0.0,0.04166666666666666,0.08333333333333333,0.0,0.1666666666666667,0.04166666666666666,0.0,0.125,0.0,0.04166666666666666,0.04166666666666666,0.125,-1.308333333333333
0.05882352941176471,0.05882352941176471,0.05882352941176471,0.0,0.0,0.05882352941176471,0.05882352941176471,0.05882352941176471,0.0,0.0,0.1176470588235294,0.2941176470588235,0.0,0.05882352941176471,0.0,0.1176470588235294,0.0,0.05882352941176471,0.0,-1.482352941176471
0.125,0.25,0.125,0.0,0.0,0.0,0.0,0.0,0.0,0.0,0.0,0.125,0.0,0.0,0.125,0.0,0.0,0.125,0.0,-2.1375
0.1153846153846154,0.1923076923076923,0.0,0.0,0.07692307692307693,0.03846153846153846,0.0,0.03846153846153846,0.0,0.03846153846153846,0.03846153846153846,0.1153846153846154,0.03846153846153846,0.07692307692307693,0.03846153846153846,0.03846153846153846,0.03846153846153846,0.07692307692307693,0.0,-0.6461538461538462
0.1111111111111111,0.1851851851851852,0.0,0.0,0.07407407407407407,0.03703703703703703,0.0,0.03703703703703703,0.0,0.03703703703703703,0.07407407407407407,0.1111111111111111,0.03703703703703703,0.07407407407407407,0.03703703703703703,0.03703703703703703,0.03703703703703703,0.07407407407407407,0.0,-0.4814814814814815
0.0,0.25,0.05,0.0,0.2,0.05,0.0,0.15,0.0,0.0,0.0,0.05,0.0,0.0,0.05,0.0,0.0,0.1,0.1,-1.53
0.0,0.07692307692307693,0.0,0.0,0.0,0.0,0.0,0.1538461538461539,0.0,0.1538461538461539,0.3076923076923077,0.0,0.0,0.07692307692307693,0.07692307692307693,0.07692307692307693,0.0,0.0,0.0,1.484615384615384
0.0,0.07142857142857142,0.0,0.0,0.0,0.0,0.0,0.2142857142857143,0.0,0.1428571428571428,0.2857142857142857,0.0,0.0,0.07142857142857142,0.07142857142857142,0.07142857142857142,0.0,0.0,0.0,1.35
0.0,0.0,0.07692307692307693,0.0,0.0,0.0,0.0,0.07692307692307693,0.0,0.07692307692307693,0.4615384615384616,0.07692307692307693,0.0,0.0,0.07692307692307693,0.07692307692307693,0.0,0.0,0.0,1.315384615384615
0.0,0.0,0.07142857142857142,0.0,0.0,0.0,0.0,0.1428571428571428,0.0,0.07142857142857142,0.4285714285714285,0.07142857142857142,0.0,0.0,0.07142857142857142,0.07142857142857142,0.0,0.0,0.0,1.192857142857143
0.0,0.0,0.1538461538461539,0.0,0.0,0.0,0.0,0.1538461538461539,0.0,0.07692307692307693,0.5384615384615384,0.0,0.0,0.0,0.07692307692307693,0.0,0.0,0.0,0.0,1.669230769230769
0.0,0.0,0.1428571428571428,0.0,0.0,0.0,0.0,0.2142857142857143,0.0,0.07142857142857142,0.5,0.0,0.0,0.0,0.07142857142857142,0.0,0.0,0.0,0.0,1.521428571428571
0.0,0.0,0.1538461538461539,0.0,0.0,0.0,0.0,0.07692307692307693,0.0,0.07692307692307693,0.4615384615384616,0.0,0.0,0.0,0.07692307692307693,0.07692307692307693,0.0,0.0,0.0,1.346153846153846
0.0,0.0,0.1428571428571428,0.0,0.0,0.0,0.0,0.1428571428571428,0.0,0.07142857142857142,0.4285714285714285,0.0,0.0,0.0,0.07142857142857142,0.07142857142857142,0.0,0.0,0.0,1.221428571428571
0.0,0.0,0.1538461538461539,0.0,0.0,0.0,0.0,0.07692307692307693,0.0,0.1538461538461539,0.3846153846153846,0.0,0.0,0.0,0.07692307692307693,0.07692307692307693,0.0,0.0,0.0,1.4
0.0,0.0,0.1428571428571428,0.0,0.0,0.0,0.0,0.1428571428571428,0.0,0.1428571428571428,0.3571428571428572,0.0,0.0,0.0,0.07142857142857142,0.07142857142857142,0.0,0.0,0.0,1.271428571428572
0.0,0.0,0.0,0.0,0.0,0.0,0.0,0.1538461538461539,0.0,0.1538461538461539,0.3076923076923077,0.07692307692307693,0.0,0.07692307692307693,0.07692307692307693,0.07692307692307693,0.0,0.0,0.0,1.530769230769231
0.0,0.07692307692307693,0.07692307692307693,0.0,0.0,0.0,0.0,0.1538461538461539,0.0,0.2307692307692308,0.1538461538461539,0.0,0.0,0.1538461538461539,0.07692307692307693,0.0,0.0,0.0,0.0,1.253846153846154
0.0,0.07142857142857142,0.07142857142857142,0.0,0.0,0.0,0.0,0.2142857142857143,0.0,0.2142857142857143,0.1428571428571428,0.0,0.0,0.1428571428571428,0.07142857142857142,0.0,0.0,0.0,0.0,1.135714285714286
0.0,0.0,0.07692307692307693,0.0,0.0,0.0,0.0,0.07692307692307693,0.0,0.07692307692307693,0.3846153846153846,0.07692307692307693,0.0,0.0,0.07692307692307693,0.1538461538461539,0.0,0.0,0.0,0.9615384615384616
0.0,0.0,0.07142857142857142,0.0,0.0,0.0,0.0,0.1428571428571428,0.0,0.07142857142857142,0.3571428571428572,0.07142857142857142,0.0,0.0,0.07142857142857142,0.1428571428571428,0.0,0.0,0.0,0.8642857142857142
0.0,0.0,0.07692307692307693,0.0,0.0,0.0,0.0,0.07692307692307693,0.0,0.07692307692307693,0.4615384615384616,0.07692307692307693,0.0,0.0,0.07692307692307693,0.07692307692307693,0.0,0.0,0.0,1.315384615384615
0.0,0.0,0.07142857142857142,0.0,0.0,0.0,0.0,0.1428571428571428,0.0,0.07142857142857142,0.3571428571428572,0.07142857142857142,0.0,0.0,0.07142857142857142,0.1428571428571428,0.0,0.0,0.0,0.8642857142857142
0.0,0.07692307692307693,0.0,0.0,0.0,0.07692307692307693,0.0,0.07692307692307693,0.0,0.07692307692307693,0.1538461538461539,0.07692307692307693,0.0,0.2307692307692308,0.0,0.07692307692307693,0.0,0.07692307692307693,0.0,0.4999999999999999
0.0,0.07142857142857142,0.0,0.0,0.0,0.07142857142857142,0.0,0.1428571428571428,0.0,0.07142857142857142,0.1428571428571428,0.07142857142857142,0.0,0.2142857142857143,0.0,0.07142857142857142,0.0,0.07142857142857142,0.0,0.4357142857142856
0.1071428571428571,0.03571428571428571,0.0,0.0,0.0,0.03571428571428571,0.0,0.1071428571428571,0.0,0.1071428571428571,0.1785714285714286,0.07142857142857142,0.0,0.03571428571428571,0.03571428571428571,0.1071428571428571,0.0,0.03571428571428571,0.0,0.6714285714285715
0.08,0.02,0.1,0.02,0.16,0.02,0.06,0.12,0.08,0.0,0.02,0.08,0.02,0.04,0.0,0.06,0.04,0.04,0.02,-0.774
0.04761904761904762,0.0,0.09523809523809523,0.0,0.1428571428571428,0.0,0.09523809523809523,0.1428571428571428,0.04761904761904762,0.0,0.0,0.09523809523809523,0.0,0.0,0.0,0.09523809523809523,0.1428571428571428,0.04761904761904762,0.0,-1.023809523809524
0.03703703703703703,0.03703703703703703,0.0,0.05555555555555555,0.1481481481481481,0.07407407407407407,0.01851851851851852,0.1111111111111111,0.05555555555555555,0.0,0.01851851851851852,0.09259259259259259,0.0,0.05555555555555555,0.03703703703703703,0.1296296296296296,0.01851851851851852,0.01851851851851852,0.03703703703703703,-0.8462962962962963
0.0,0.15,0.1,0.05,0.15,0.0,0.05,0.05,0.05,0.0,0.05,0.05,0.0,0.05,0.05,0.15,0.05,0.0,0.0,-1.28
0.04166666666666666,0.08333333333333333,0.04166666666666666,0.04166666666666666,0.1666666666666667,0.1041666666666667,0.02083333333333333,0.1666666666666667,0.0,0.02083333333333333,0.04166666666666666,0.0625,0.0625,0.02083333333333333,0.0,0.02083333333333333,0.0,0.04166666666666666,0.0,-0.5479166666666667
0.04166666666666666,0.125,0.0625,0.02083333333333333,0.1666666666666667,0.08333333333333333,0.02083333333333333,0.1458333333333333,0.0,0.04166666666666666,0.0,0.08333333333333333,0.02083333333333333,0.04166666666666666,0.0625,0.04166666666666666,0.0,0.02083333333333333,0.0,-0.9187500000000001
0.0425531914893617,0.1702127659574468,0.06382978723404255,0.02127659574468085,0.1702127659574468,0.0425531914893617,0.02127659574468085,0.148936170212766,0.0,0.02127659574468085,0.02127659574468085,0.06382978723404255,0.0425531914893617,0.02127659574468085,0.0425531914893617,0.0425531914893617,0.0,0.02127659574468085,0.0,-0.897872340425532
0.0,0.1282051282051282,0.05128205128205128,0.0,0.2051282051282051,0.02564102564102564,0.0,0.2051282051282051,0.07692307692307693,0.02564102564102564,0.02564102564102564,0.02564102564102564,0.0,0.02564102564102564,0.05128205128205128,0.02564102564102564,0.02564102564102564,0.02564102564102564,0.07692307692307693,-0.7205128205128205
0.05882352941176471,0.2058823529411765,0.0,0.0,0.2352941176470588,0.0,0.0,0.08823529411764706,0.02941176470588235,0.0,0.05882352941176471,0.05882352941176471,0.0,0.0,0.0,0.08823529411764706,0.0,0.0,0.1176470588235294,-0.5911764705882353
0.06451612903225806,0.2580645161290323,0.0,0.0,0.2258064516129032,0.0,0.0,0.06451612903225806,0.0,0.0,0.0,0.03225806451612903,0.0,0.03225806451612903,0.0,0.1290322580645161,0.0,0.0,0.1290322580645161,-0.8129032258064516
0.1470588235294118,0.2058823529411765,0.0,0.0,0.2352941176470588,0.0,0.0,0.08823529411764706,0.0,0.0,0.0,0.1176470588235294,0.0,0.05882352941176471,0.0,0.08823529411764706,0.0,0.02941176470588235,0.02941176470588235,-0.538235294117647
0.05555555555555555,0.08333333333333333,0.0,0.0,0.2222222222222222,0.0,0.0,0.08333333333333333,0.05555555555555555,0.0,0.1111111111111111,0.05555555555555555,0.02777777777777778,0.05555555555555555,0.0,0.02777777777777778,0.05555555555555555,0.0,0.08333333333333333,0.3138888888888889
0.075,0.05,0.0,0.0,0.2,0.0,0.0,0.075,0.125,0.0,0.05,0.05,0.025,0.025,0.025,0.1,0.075,0.025,0.05,-0.1675
0.06896551724137931,0.0,0.0,0.03448275862068965,0.0,0.03448275862068965,0.0,0.103448275862069,0.103448275862069,0.0,0.06896551724137931,0.103448275862069,0.0,0.1379310344827586,0.06896551724137931,0.103448275862069,0.103448275862069,0.0,0.03448275862068965,-0.5551724137931034
0.0625,0.125,0.0625,0.0,0.0625,0.0625,0.0625,0.0,0.0,0.0625,0.0,0.0625,0.0,0.0,0.125,0.0625,0.0625,0.125,0.0,-1.31875
0.25,0.25,0.0,0.0,0.25,0.0,0.0,0.0,0.0,0.25,0.0,0.0,0.0,0.0,0.0,0.0,0.0,0.0,0.0,1.075
0.0967741935483871,0.1935483870967742,0.0,0.0,0.0967741935483871,0.03225806451612903,0.03225806451612903,0.03225806451612903,0.0,0.06451612903225806,0.06451612903225806,0.0967741935483871,0.03225806451612903,0.06451612903225806,0.03225806451612903,0.03225806451612903,0.03225806451612903,0.06451612903225806,0.0,-0.4516129032258064
0.09090909090909091,0.1818181818181818,0.09090909090909091,0.0,0.09090909090909091,0.0,0.0,0.0,0.0,0.09090909090909091,0.0,0.09090909090909091,0.0,0.0,0.09090909090909091,0.0,0.09090909090909091,0.09090909090909091,0.0,-0.9818181818181819
0.0,0.1739130434782609,0.04347826086956522,0.0,0.08695652173913043,0.08695652173913043,0.0,0.04347826086956522,0.0,0.04347826086956522,0.0,0.1304347826086956,0.04347826086956522,0.04347826086956522,0.08695652173913043,0.04347826086956522,0.04347826086956522,0.04347826086956522,0.0,-1.391304347826087
0.0,0.0,0.0,0.0,0.0,0.2,0.2,0.0,0.0,0.0,0.2,0.2,0.0,0.0,0.0,0.0,0.2,0.0,0.0,-1.56
0.0,0.0,0.0,0.0,0.06666666666666667,0.0,0.06666666666666667,0.2,0.0,0.0,0.06666666666666667,0.0,0.0,0.06666666666666667,0.06666666666666667,0.06666666666666667,0.1333333333333333,0.06666666666666667,0.06666666666666667,-0.1066666666666667
0.1666666666666667,0.0,0.0,0.0,0.1666666666666667,0.0,0.1666666666666667,0.0,0.0,0.0,0.1666666666666667,0.1666666666666667,0.0,0.0,0.0,0.1666666666666667,0.0,0.0,0.0,-0.01666666666666668
0.0,0.0,0.125,0.25,0.125,0.125,0.0,0.0,0.125,0.0,0.0,0.125,0.0,0.0,0.125,0.0,0.0,0.0,0.0,-2.525
0.0,0.0,0.0,0.1666666666666667,0.1666666666666667,0.0,0.0,0.0,0.0,0.1666666666666667,0.0,0.1666666666666667,0.0,0.1666666666666667,0.0,0.1666666666666667,0.0,0.0,0.0,0.2666666666666667
0.25,0.0625,0.0,0.125,0.0,0.0625,0.0,0.0,0.0,0.0625,0.1875,0.0,0.0,0.0,0.0625,0.1875,0.0,0.0,0.0,0.2562499999999999
0.0,0.0,0.0,0.2222222222222222,0.0,0.0,0.0,0.0,0.0,0.0,0.2222222222222222,0.1111111111111111,0.0,0.0,0.0,0.0,0.1111111111111111,0.0,0.1111111111111111,-0.588888888888889
0.103448275862069,0.03448275862068965,0.0,0.0,0.0,0.03448275862068965,0.0,0.1379310344827586,0.0,0.103448275862069,0.1724137931034483,0.06896551724137931,0.0,0.03448275862068965,0.03448275862068965,0.103448275862069,0.0,0.03448275862068965,0.0,0.6344827586206896
0.06,0.04,0.1,0.04,0.16,0.06,0.06,0.06,0.08,0.0,0.02,0.08,0.0,0.04,0.02,0.06,0.04,0.06,0.02,-1.174
0.0625,0.0625,0.125,0.02083333333333333,0.1666666666666667,0.02083333333333333,0.04166666666666666,0.1041666666666667,0.0625,0.0,0.04166666666666666,0.04166666666666666,0.0,0.04166666666666666,0.0,0.04166666666666666,0.08333333333333333,0.0625,0.02083333333333333,-0.7854166666666668
0.05128205128205128,0.1025641025641026,0.05128205128205128,0.0,0.2051282051282051,0.02564102564102564,0.0,0.1794871794871795,0.05128205128205128,0.02564102564102564,0.02564102564102564,0.02564102564102564,0.0,0.05128205128205128,0.02564102564102564,0.02564102564102564,0.02564102564102564,0.02564102564102564,0.1025641025641026,-0.341025641025641
0.025,0.1,0.025,0.0,0.2,0.0,0.0,0.1,0.1,0.0,0.075,0.05,0.0,0.05,0.025,0.075,0.075,0.0,0.075,-0.3725000000000001
0.07692307692307693,0.03846153846153846,0.03846153846153846,0.07692307692307693,0.1153846153846154,0.01923076923076923,0.01923076923076923,0.1153846153846154,0.01923076923076923,0.01923076923076923,0.09615384615384616,0.1153846153846154,0.0,0.0576923076923077,0.0,0.07692307692307693,0.03846153846153846,0.01923076923076923,0.0,-0.3346153846153846
0.02564102564102564,0.1282051282051282,0.0,0.02564102564102564,0.1538461538461539,0.0,0.0,0.07692307692307693,0.0,0.05128205128205128,0.1025641025641026,0.1282051282051282,0.0,0.1025641025641026,0.02564102564102564,0.1282051282051282,0.02564102564102564,0.0,0.02564102564102564,-0.05384615384615388
0.02857142857142857,0.1142857142857143,0.02857142857142857,0.0,0.1714285714285714,0.02857142857142857,0.02857142857142857,0.08571428571428572,0.0,0.02857142857142857,0.08571428571428572,0.08571428571428572,0.0,0.08571428571428572,0.02857142857142857,0.08571428571428572,0.05714285714285714,0.0,0.0,-0.162857142857143
0.09210526315789473,0.0,0.02631578947368421,0.05263157894736842,0.0,0.1052631578947368,0.09210526315789473,0.03947368421052631,0.0,0.0131578947368421,0.1052631578947368,0.1184210526315789,0.0,0.07894736842105263,0.03947368421052631,0.07894736842105263,0.07894736842105263,0.0,0.03947368421052631,-0.8315789473684212
0.2702702702702703,0.1081081081081081,0.02702702702702703,0.02702702702702703,0.0,0.05405405405405406,0.05405405405405406,0.08108108108108109,0.0,0.05405405405405406,0.02702702702702703,0.02702702702702703,0.0,0.02702702702702703,0.05405405405405406,0.02702702702702703,0.02702702702702703,0.02702702702702703,0.0,-0.4351351351351352
0.1388888888888889,0.05555555555555555,0.02777777777777778,0.02777777777777778,0.0,0.05555555555555555,0.02777777777777778,0.1388888888888889,0.0,0.1388888888888889,0.0,0.1388888888888889,0.0,0.02777777777777778,0.02777777777777778,0.0,0.02777777777777778,0.02777777777777778,0.0,-0.4694444444444444
0.1111111111111111,0.08333333333333333,0.02777777777777778,0.02777777777777778,0.0,0.02777777777777778,0.02777777777777778,0.1388888888888889,0.0,0.1111111111111111,0.08333333333333333,0.1666666666666667,0.0,0.02777777777777778,0.02777777777777778,0.02777777777777778,0.0,0.02777777777777778,0.0,-0.4666666666666667
0.1388888888888889,0.05555555555555555,0.05555555555555555,0.0,0.0,0.0,0.05555555555555555,0.1388888888888889,0.0,0.1388888888888889,0.05555555555555555,0.1944444444444444,0.0,0.02777777777777778,0.02777777777777778,0.0,0.0,0.02777777777777778,0.0,-0.3583333333333334
0.3235294117647059,0.0,0.0,0.0,0.0,0.0,0.08823529411764706,0.1470588235294118,0.0,0.02941176470588235,0.05882352941176471,0.1764705882352941,0.0,0.0,0.0,0.05882352941176471,0.0,0.02941176470588235,0.0,-0.1911764705882353
0.2,0.0,0.03333333333333333,0.0,0.0,0.03333333333333333,0.03333333333333333,0.2,0.0,0.03333333333333333,0.1666666666666667,0.1333333333333333,0.03333333333333333,0.0,0.0,0.0,0.03333333333333333,0.03333333333333333,0.0,0.2033333333333333
0.1379310344827586,0.0,0.103448275862069,0.06896551724137931,0.0,0.03448275862068965,0.0,0.103448275862069,0.0,0.03448275862068965,0.103448275862069,0.1379310344827586,0.03448275862068965,0.0,0.0,0.0,0.06896551724137931,0.03448275862068965,0.0,-0.5206896551724138
0.2222222222222222,0.0,0.07407407407407407,0.0,0.0,0.0,0.07407407407407407,0.1481481481481481,0.0,0.03703703703703703,0.07407407407407407,0.1481481481481481,0.03703703703703703,0.03703703703703703,0.0,0.03703703703703703,0.0,0.03703703703703703,0.0,-0.1962962962962963
0.2121212121212121,0.0,0.0,0.0303030303030303,0.06060606060606061,0.0,0.0303030303030303,0.06060606060606061,0.0,0.06060606060606061,0.09090909090909091,0.1818181818181818,0.0303030303030303,0.0,0.0,0.09090909090909091,0.09090909090909091,0.0,0.0,0.1272727272727273
0.1081081081081081,0.0,0.0,0.05405405405405406,0.05405405405405406,0.05405405405405406,0.0,0.1351351351351351,0.0,0.02702702702702703,0.1351351351351351,0.1621621621621622,0.0,0.02702702702702703,0.0,0.05405405405405406,0.08108108108108109,0.0,0.0,-0.1243243243243243
0.125,0.0,0.0,0.0,0.08333333333333333,0.0,0.0,0.04166666666666666,0.0,0.04166666666666666,0.125,0.1666666666666667,0.0,0.125,0.04166666666666666,0.08333333333333333,0.04166666666666666,0.0,0.0,0.6166666666666666
0.125,0.0,0.04166666666666666,0.0,0.08333333333333333,0.0,0.0,0.04166666666666666,0.0,0.125,0.2083333333333333,0.08333333333333333,0.0,0.08333333333333333,0.08333333333333333,0.04166666666666666,0.04166666666666666,0.0,0.04166666666666666,1.283333333333333
0.125,0.04166666666666666,0.0,0.0,0.08333333333333333,0.0,0.0,0.0,0.0,0.1666666666666667,0.04166666666666666,0.125,0.04166666666666666,0.08333333333333333,0.08333333333333333,0.04166666666666666,0.08333333333333333,0.0,0.0,0.7541666666666668
0.2173913043478261,0.04347826086956522,0.0,0.0,0.08695652173913043,0.04347826086956522,0.04347826086956522,0.0,0.04347826086956522,0.04347826086956522,0.0,0.04347826086956522,0.04347826086956522,0.04347826086956522,0.04347826086956522,0.08695652173913043,0.0,0.0,0.04347826086956522,0.004347826086956497
0.1818181818181818,0.0,0.06060606060606061,0.0303030303030303,0.06060606060606061,0.06060606060606061,0.0,0.1212121212121212,0.0,0.06060606060606061,0.1515151515151515,0.1212121212121212,0.0,0.0,0.0,0.09090909090909091,0.0303030303030303,0.0,0.0,0.1818181818181819
0.1212121212121212,0.0,0.0303030303030303,0.0303030303030303,0.06060606060606061,0.06060606060606061,0.0,0.1515151515151515,0.0,0.0303030303030303,0.1818181818181818,0.1515151515151515,0.0303030303030303,0.0,0.0,0.06060606060606061,0.06060606060606061,0.0,0.0,0.08787878787878779
0.08823529411764706,0.0,0.05882352941176471,0.02941176470588235,0.05882352941176471,0.05882352941176471,0.0,0.1176470588235294,0.0,0.02941176470588235,0.2058823529411765,0.1470588235294118,0.0,0.02941176470588235,0.0,0.08823529411764706,0.05882352941176471,0.0,0.0,0.0558823529411764
0.103448275862069,0.0,0.103448275862069,0.03448275862068965,0.06896551724137931,0.06896551724137931,0.0,0.103448275862069,0.0,0.06896551724137931,0.2068965517241379,0.1379310344827586,0.0,0.0,0.0,0.103448275862069,0.0,0.0,0.0,0.06896551724137921
0.1351351351351351,0.0,0.0,0.0,0.05405405405405406,0.02702702702702703,0.05405405405405406,0.1891891891891892,0.0,0.08108108108108109,0.1621621621621622,0.1891891891891892,0.0,0.02702702702702703,0.0,0.02702702702702703,0.0,0.0,0.0,0.3162162162162161
0.1621621621621622,0.0,0.0,0.0,0.05405405405405406,0.02702702702702703,0.05405405405405406,0.1891891891891892,0.0,0.08108108108108109,0.1351351351351351,0.1891891891891892,0.0,0.05405405405405406,0.0,0.02702702702702703,0.0,0.0,0.0,0.3378378378378378
0.04347826086956522,0.02173913043478261,0.04347826086956522,0.04347826086956522,0.04347826086956522,0.0,0.04347826086956522,0.1739130434782609,0.0,0.108695652173913,0.108695652173913,0.1739130434782609,0.02173913043478261,0.02173913043478261,0.0,0.04347826086956522,0.02173913043478261,0.0,0.0,-0.1608695652173913
0.04761904761904762,0.0,0.0,0.0,0.0,0.09523809523809523,0.0,0.2857142857142857,0.0,0.1428571428571428,0.04761904761904762,0.04761904761904762,0.04761904761904762,0.04761904761904762,0.0,0.1428571428571428,0.04761904761904762,0.04761904761904762,0.0,0.3095238095238095
0.21875,0.0,0.0,0.0625,0.0,0.03125,0.0,0.125,0.03125,0.0625,0.09375,0.125,0.03125,0.0,0.0,0.03125,0.0625,0.03125,0.0,0.02812499999999995
0.16,0.0,0.16,0.04,0.0,0.08,0.04,0.08,0.0,0.08,0.16,0.12,0.0,0.0,0.0,0.0,0.0,0.04,0.0,-0.4
0.08823529411764706,0.0,0.02941176470588235,0.05882352941176471,0.05882352941176471,0.0,0.0,0.1470588235294118,0.0,0.05882352941176471,0.1470588235294118,0.1470588235294118,0.0,0.02941176470588235,0.0,0.08823529411764706,0.08823529411764706,0.02941176470588235,0.0,0.1117647058823529
0.1470588235294118,0.0,0.02941176470588235,0.0,0.05882352941176471,0.05882352941176471,0.02941176470588235,0.1176470588235294,0.0,0.02941176470588235,0.1470588235294118,0.1764705882352941,0.0,0.05882352941176471,0.0,0.08823529411764706,0.0,0.0,0.02941176470588235,0.01176470588235296
0.1081081081081081,0.0,0.0,0.05405405405405406,0.05405405405405406,0.05405405405405406,0.0,0.1351351351351351,0.0,0.05405405405405406,0.1081081081081081,0.1621621621621622,0.02702702702702703,0.05405405405405406,0.0,0.08108108108108109,0.05405405405405406,0.0,0.0,0.01891891891891892
0.1818181818181818,0.0,0.0303030303030303,0.0,0.09090909090909091,0.06060606060606061,0.0,0.09090909090909091,0.0,0.0303030303030303,0.1515151515151515,0.1818181818181818,0.0,0.06060606060606061,0.0,0.09090909090909091,0.0,0.0,0.0303030303030303,0.2606060606060607
0.2121212121212121,0.0,0.0303030303030303,0.0303030303030303,0.06060606060606061,0.0,0.0303030303030303,0.06060606060606061,0.0,0.06060606060606061,0.09090909090909091,0.1818181818181818,0.0303030303030303,0.0,0.0,0.09090909090909091,0.06060606060606061,0.0,0.0,0.0424242424242424
0.1212121212121212,0.0,0.0303030303030303,0.0303030303030303,0.06060606060606061,0.06060606060606061,0.0,0.1212121212121212,0.0,0.0303030303030303,0.1515151515151515,0.1515151515151515,0.06060606060606061,0.0,0.0,0.09090909090909091,0.06060606060606061,0.0,0.0,0.01818181818181817
0.1666666666666667,0.0,0.0,0.0,0.08333333333333333,0.0,0.0,0.04166666666666666,0.0,0.08333333333333333,0.125,0.1666666666666667,0.0,0.08333333333333333,0.08333333333333333,0.0,0.04166666666666666,0.0,0.0,0.7624999999999998
0.1515151515151515,0.0,0.0,0.0303030303030303,0.06060606060606061,0.0303030303030303,0.0,0.1212121212121212,0.0,0.0,0.2121212121212121,0.1212121212121212,0.0,0.0303030303030303,0.0,0.1212121212121212,0.09090909090909091,0.0,0.0,0.4212121212121211
0.103448275862069,0.0,0.06896551724137931,0.03448275862068965,0.06896551724137931,0.06896551724137931,0.0,0.103448275862069,0.0,0.03448275862068965,0.1379310344827586,0.1724137931034483,0.0,0.06896551724137931,0.0,0.103448275862069,0.0,0.0,0.0,-0.1689655172413793
0.04347826086956522,0.02173913043478261,0.04347826086956522,0.04347826086956522,0.04347826086956522,0.0,0.04347826086956522,0.1739130434782609,0.0,0.1304347826086956,0.08695652173913043,0.1739130434782609,0.02173913043478261,0.02173913043478261,0.0,0.04347826086956522,0.02173913043478261,0.0,0.0,-0.1456521739130435
0.02173913043478261,0.04347826086956522,0.04347826086956522,0.04347826086956522,0.04347826086956522,0.0,0.04347826086956522,0.1739130434782609,0.0,0.1304347826086956,0.08695652173913043,0.1739130434782609,0.02173913043478261,0.02173913043478261,0.0,0.04347826086956522,0.02173913043478261,0.0,0.0,-0.2826086956521739
0.125,0.04166666666666666,0.04166666666666666,0.0,0.08333333333333333,0.0,0.0,0.04166666666666666,0.0,0.08333333333333333,0.1666666666666667,0.125,0.0,0.1666666666666667,0.08333333333333333,0.0,0.04166666666666666,0.0,0.0,0.9083333333333333
0.04,0.12,0.08,0.0,0.12,0.0,0.0,0.08,0.0,0.08,0.0,0.12,0.0,0.08,0.0,0.12,0.12,0.0,0.0,-0.544
0.04347826086956522,0.08695652173913043,0.04347826086956522,0.0,0.08695652173913043,0.0,0.0,0.04347826086956522,0.0,0.0,0.0,0.1739130434782609,0.04347826086956522,0.1304347826086956,0.04347826086956522,0.1304347826086956,0.08695652173913043,0.0,0.0,-0.7304347826086957
0.05263157894736842,0.1578947368421053,0.0,0.0,0.1052631578947368,0.05263157894736842,0.0,0.05263157894736842,0.0,0.05263157894736842,0.05263157894736842,0.1052631578947368,0.05263157894736842,0.0,0.05263157894736842,0.05263157894736842,0.05263157894736842,0.1052631578947368,0.0,-0.6894736842105263
0.2352941176470588,0.0,0.02941176470588235,0.0,0.0,0.05882352941176471,0.0,0.1176470588235294,0.02941176470588235,0.02941176470588235,0.1470588235294118,0.08823529411764706,0.05882352941176471,0.02941176470588235,0.0,0.02941176470588235,0.1176470588235294,0.02941176470588235,0.0,0.3823529411764706
0.2,0.0,0.03333333333333333,0.0,0.0,0.0,0.03333333333333333,0.1666666666666667,0.0,0.03333333333333333,0.1666666666666667,0.2,0.03333333333333333,0.0,0.0,0.03333333333333333,0.0,0.03333333333333333,0.0,0.07000000000000006
0.2962962962962963,0.0,0.07407407407407407,0.0,0.0,0.0,0.0,0.03703703703703703,0.0,0.0,0.2222222222222222,0.1481481481481481,0.03703703703703703,0.0,0.0,0.0,0.03703703703703703,0.03703703703703703,0.0,0.537037037037037
0.3103448275862069,0.0,0.03448275862068965,0.0,0.0,0.0,0.0,0.06896551724137931,0.0,0.03448275862068965,0.03448275862068965,0.2068965517241379,0.0,0.0,0.0,0.06896551724137931,0.06896551724137931,0.03448275862068965,0.0,-0.2448275862068965
0.0,0.1333333333333333,0.06666666666666667,0.0,0.06666666666666667,0.06666666666666667,0.1333333333333333,0.1333333333333333,0.0,0.0,0.06666666666666667,0.1333333333333333,0.06666666666666667,0.0,0.0,0.0,0.0,0.06666666666666667,0.0,-1.62
0.0,0.2142857142857143,0.07142857142857142,0.0,0.07142857142857142,0.07142857142857142,0.0,0.0,0.0,0.07142857142857142,0.0,0.1428571428571428,0.0,0.0,0.07142857142857142,0.1428571428571428,0.07142857142857142,0.07142857142857142,0.0,-1.864285714285714
0.0,0.1333333333333333,0.06666666666666667,0.0,0.06666666666666667,0.1333333333333333,0.0,0.06666666666666667,0.0,0.0,0.0,0.1333333333333333,0.06666666666666667,0.06666666666666667,0.0,0.0,0.06666666666666667,0.1333333333333333,0.0,-1.533333333333333
0.0,0.09375,0.0625,0.0625,0.0,0.0,0.0,0.0625,0.0,0.0625,0.09375,0.0625,0.03125,0.0625,0.25,0.0,0.03125,0.0,0.09375,-0.8
0.0,0.09375,0.0625,0.0625,0.0,0.0,0.0,0.0625,0.0,0.0625,0.125,0.0625,0.03125,0.0625,0.21875,0.0,0.03125,0.0,0.09375,-0.6312500000000001
0.08695652173913043,0.08695652173913043,0.04347826086956522,0.0,0.1304347826086956,0.02173913043478261,0.0,0.108695652173913,0.02173913043478261,0.06521739130434782,0.04347826086956522,0.04347826086956522,0.0,0.0,0.1304347826086956,0.06521739130434782,0.08695652173913043,0.0,0.04347826086956522,-0.3391304347826087
0.06521739130434782,0.06521739130434782,0.06521739130434782,0.02173913043478261,0.1304347826086956,0.0,0.0,0.08695652173913043,0.0,0.06521739130434782,0.04347826086956522,0.08695652173913043,0.0,0.0,0.108695652173913,0.108695652173913,0.108695652173913,0.0,0.04347826086956522,-0.4630434782608696
0.02631578947368421,0.07894736842105263,0.02631578947368421,0.07894736842105263,0.1052631578947368,0.0,0.02631578947368421,0.1052631578947368,0.0,0.02631578947368421,0.0,0.1052631578947368,0.0,0.07894736842105263,0.05263157894736842,0.1052631578947368,0.1052631578947368,0.0,0.07894736842105263,-0.9631578947368421
0.0,0.2142857142857143,0.07142857142857142,0.0,0.07142857142857142,0.1428571428571428,0.0,0.0,0.0,0.0,0.0,0.1428571428571428,0.07142857142857142,0.07142857142857142,0.0,0.0,0.07142857142857142,0.07142857142857142,0.0,-1.871428571428571
0.0,0.1578947368421053,0.05263157894736842,0.0,0.1052631578947368,0.1052631578947368,0.0,0.05263157894736842,0.0,0.05263157894736842,0.0,0.05263157894736842,0.05263157894736842,0.05263157894736842,0.1052631578947368,0.05263157894736842,0.0,0.05263157894736842,0.0,-1.0
0.0,0.2142857142857143,0.0,0.0,0.07142857142857142,0.07142857142857142,0.0,0.07142857142857142,0.0,0.0,0.07142857142857142,0.2142857142857143,0.07142857142857142,0.07142857142857142,0.0,0.0,0.0,0.1428571428571428,0.0,-1.421428571428571
0.09090909090909091,0.04545454545454546,0.0,0.04545454545454546,0.0,0.09090909090909091,0.1363636363636364,0.1363636363636364,0.0,0.0,0.0,0.09090909090909091,0.0,0.0,0.1818181818181818,0.1363636363636364,0.0,0.0,0.04545454545454546,-1.863636363636364
0.02631578947368421,0.05263157894736842,0.03947368421052631,0.05263157894736842,0.02631578947368421,0.06578947368421052,0.09210526315789473,0.03947368421052631,0.02631578947368421,0.05263157894736842,0.131578947368421,0.07894736842105263,0.03947368421052631,0.0131578947368421,0.06578947368421052,0.07894736842105263,0.05263157894736842,0.0,0.0,-0.7631578947368421
0.05555555555555555,0.05555555555555555,0.05555555555555555,0.0,0.0,0.1666666666666667,0.05555555555555555,0.05555555555555555,0.0,0.0,0.1111111111111111,0.2222222222222222,0.0,0.1111111111111111,0.0,0.1111111111111111,0.0,0.0,0.0,-1.366666666666667
0.06896551724137931,0.1724137931034483,0.0,0.0,0.06896551724137931,0.06896551724137931,0.03448275862068965,0.03448275862068965,0.0,0.03448275862068965,0.03448275862068965,0.06896551724137931,0.03448275862068965,0.0,0.06896551724137931,0.103448275862069,0.06896551724137931,0.06896551724137931,0.03448275862068965,-1.120689655172414
0.06666666666666667,0.1333333333333333,0.0,0.0,0.06666666666666667,0.1333333333333333,0.0,0.06666666666666667,0.0,0.0,0.06666666666666667,0.1333333333333333,0.06666666666666667,0.0,0.0,0.06666666666666667,0.0,0.1333333333333333,0.06666666666666667,-1.206666666666667
0.0,0.1333333333333333,0.0,0.0,0.06666666666666667,0.06666666666666667,0.1333333333333333,0.1333333333333333,0.0,0.0,0.06666666666666667,0.1333333333333333,0.06666666666666667,0.0,0.0,0.0,0.0,0.1333333333333333,0.0,-1.446666666666667
0.0,0.2,0.06666666666666667,0.0,0.06666666666666667,0.1333333333333333,0.0,0.0,0.0,0.06666666666666667,0.0,0.1333333333333333,0.0,0.0,0.06666666666666667,0.06666666666666667,0.06666666666666667,0.1333333333333333,0.0,-1.98
0.0,0.0,0.0,0.07692307692307693,0.0,0.0,0.0,0.3846153846153846,0.0,0.0,0.4615384615384616,0.0,0.0,0.0,0.0,0.0,0.07692307692307693,0.0,0.0,1.276923076923077
0.0,0.0,0.0,0.07692307692307693,0.0,0.0,0.0,0.4615384615384616,0.0,0.0,0.4615384615384616,0.0,0.0,0.0,0.0,0.0,0.0,0.0,0.0,1.3
0.0,0.0,0.07142857142857142,0.07142857142857142,0.0,0.0,0.0,0.2857142857142857,0.0,0.0,0.3571428571428572,0.0,0.07142857142857142,0.0,0.0,0.0,0.07142857142857142,0.0,0.0,0.8285714285714285
0.0,0.0,0.0625,0.0625,0.0,0.0,0.0,0.375,0.0,0.0,0.375,0.0,0.0,0.0,0.0,0.0,0.0,0.0,0.0,0.8374999999999998
0.0625,0.0,0.0625,0.0625,0.0,0.0,0.0,0.375,0.0,0.0625,0.3125,0.0,0.0,0.0625,0.0,0.0,0.0,0.0,0.0,1.16875
0.0,0.0,0.0625,0.0625,0.0,0.0,0.0,0.25,0.0625,0.0,0.3125,0.0,0.0,0.0,0.0,0.0625,0.0,0.0,0.0,0.4
0.0,0.0,0.0,0.0,0.0,0.0,0.0,0.4375,0.0,0.0,0.375,0.0,0.0625,0.0,0.0,0.0625,0.0,0.0,0.0,1.31875
0.0,0.0,0.0,0.0,0.0,0.0,0.0,0.4375,0.0,0.0625,0.3125,0.0,0.0,0.0625,0.0,0.0625,0.0,0.0,0.0,1.41875
0.07142857142857142,0.0,0.0,0.07142857142857142,0.0,0.0,0.07142857142857142,0.1428571428571428,0.0,0.2857142857142857,0.07142857142857142,0.1428571428571428,0.0,0.07142857142857142,0.0,0.07142857142857142,0.0,0.0,0.0,0.7142857142857143
0.05882352941176471,0.0,0.0,0.05882352941176471,0.0,0.0,0.0,0.2352941176470588,0.0,0.05882352941176471,0.1764705882352941,0.1176470588235294,0.0,0.05882352941176471,0.0,0.05882352941176471,0.0,0.0,0.0,0.3999999999999999
0.06666666666666667,0.0,0.0,0.06666666666666667,0.0,0.0,0.0,0.2,0.0,0.06666666666666667,0.1333333333333333,0.1333333333333333,0.0,0.06666666666666667,0.0,0.06666666666666667,0.0,0.0,0.0,0.2266666666666666
0.05882352941176471,0.0,0.0,0.05882352941176471,0.0,0.0,0.0,0.2352941176470588,0.0,0.05882352941176471,0.1764705882352941,0.1176470588235294,0.0,0.05882352941176471,0.0,0.05882352941176471,0.0,0.0,0.0,0.3999999999999999
0.05882352941176471,0.0,0.0,0.05882352941176471,0.0,0.0,0.0,0.2352941176470588,0.0,0.1176470588235294,0.1176470588235294,0.1176470588235294,0.0,0.05882352941176471,0.0,0.05882352941176471,0.0,0.0,0.0,0.4411764705882353
0.06666666666666667,0.0,0.0,0.06666666666666667,0.0,0.0,0.0,0.2,0.0,0.1333333333333333,0.06666666666666667,0.1333333333333333,0.0,0.06666666666666667,0.0,0.0,0.06666666666666667,0.0,0.0,0.28
0.125,0.0,0.0,0.0625,0.0,0.0,0.0,0.1875,0.0625,0.25,0.0,0.125,0.0,0.0625,0.0,0.0625,0.0,0.0,0.0,0.49375
0.0625,0.0,0.0,0.0625,0.0,0.0,0.0,0.125,0.0625,0.25,0.0,0.125,0.0,0.0625,0.0,0.125,0.0,0.0,0.0,0.35625
0.05882352941176471,0.0,0.0,0.05882352941176471,0.0,0.0,0.0,0.2352941176470588,0.0,0.05882352941176471,0.1176470588235294,0.1176470588235294,0.0,0.1176470588235294,0.0,0.05882352941176471,0.0,0.0,0.0,0.3411764705882352
0.05882352941176471,0.0,0.0,0.05882352941176471,0.0,0.0,0.0,0.2352941176470588,0.0,0.1764705882352941,0.1176470588235294,0.1176470588235294,0.0,0.05882352941176471,0.0,0.05882352941176471,0.0,0.0,0.0,0.7058823529411765
0.1111111111111111,0.0,0.0,0.05555555555555555,0.0,0.0,0.0,0.2222222222222222,0.05555555555555555,0.2222222222222222,0.05555555555555555,0.1111111111111111,0.0,0.05555555555555555,0.0,0.05555555555555555,0.0,0.0,0.0,0.6277777777777778
0.1428571428571428,0.0,0.0,0.07142857142857142,0.0,0.0,0.0,0.1428571428571428,0.07142857142857142,0.2142857142857143,0.07142857142857142,0.1428571428571428,0.0,0.07142857142857142,0.0,0.0,0.0,0.0,0.0,0.6
0.08,0.0,0.0,0.04,0.0,0.0,0.0,0.16,0.0,0.08,0.16,0.12,0.04,0.0,0.08,0.12,0.04,0.0,0.0,0.264
0.02631578947368421,0.1052631578947368,0.05263157894736842,0.02631578947368421,0.1578947368421053,0.02631578947368421,0.0,0.1052631578947368,0.05263157894736842,0.1052631578947368,0.02631578947368421,0.02631578947368421,0.02631578947368421,0.05263157894736842,0.07894736842105263,0.05263157894736842,0.02631578947368421,0.02631578947368421,0.0,-0.1526315789473685
0.0,0.0,0.04347826086956522,0.0,0.0,0.04347826086956522,0.0,0.1304347826086956,0.1739130434782609,0.08695652173913043,0.04347826086956522,0.04347826086956522,0.0,0.2173913043478261,0.0,0.04347826086956522,0.0,0.0,0.0,0.04782608695652169
0.0,0.04347826086956522,0.04347826086956522,0.0,0.0,0.04347826086956522,0.0,0.1304347826086956,0.1739130434782609,0.08695652173913043,0.04347826086956522,0.0,0.0,0.2173913043478261,0.0,0.04347826086956522,0.0,0.0,0.0,0.02173913043478256
0.08620689655172414,0.05172413793103448,0.01724137931034483,0.05172413793103448,0.0,0.06896551724137931,0.1206896551724138,0.06896551724137931,0.03448275862068965,0.03448275862068965,0.08620689655172414,0.06896551724137931,0.03448275862068965,0.08620689655172414,0.0,0.06896551724137931,0.05172413793103448,0.01724137931034483,0.03448275862068965,-0.7517241379310345
0.025,0.1,0.0,0.025,0.15,0.0,0.0,0.1,0.0,0.05,0.1,0.125,0.0,0.1,0.025,0.125,0.025,0.025,0.025,0.02749999999999996
0.0392156862745098,0.1176470588235294,0.0392156862745098,0.0196078431372549,0.1176470588235294,0.0,0.0,0.1176470588235294,0.0196078431372549,0.05882352941176471,0.0392156862745098,0.0392156862745098,0.0,0.0392156862745098,0.1568627450980392,0.05882352941176471,0.0196078431372549,0.0,0.05882352941176471,-0.4980392156862746
0.0,0.0,0.04347826086956522,0.0,0.0,0.0,0.0,0.1304347826086956,0.1739130434782609,0.08695652173913043,0.08695652173913043,0.04347826086956522,0.0,0.1739130434782609,0.0,0.04347826086956522,0.0,0.0,0.04347826086956522,0.1869565217391304
0.04166666666666666,0.04166666666666666,0.04166666666666666,0.0,0.0,0.0,0.0,0.1666666666666667,0.125,0.08333333333333333,0.08333333333333333,0.04166666666666666,0.0,0.1666666666666667,0.0,0.04166666666666666,0.0,0.0,0.04166666666666666,0.1833333333333332
0.0,0.02941176470588235,0.02941176470588235,0.0,0.0,0.1176470588235294,0.08823529411764706,0.1470588235294118,0.0,0.08823529411764706,0.1176470588235294,0.2352941176470588,0.0,0.05882352941176471,0.05882352941176471,0.0,0.0,0.0,0.0,-1.017647058823529
0.0,0.25,0.0,0.0,0.0,0.0,0.0,0.05,0.0,0.025,0.05,0.0,0.0,0.125,0.475,0.0,0.0,0.0,0.025,-1.285
0.1025641025641026,0.1794871794871795,0.02564102564102564,0.0,0.0,0.05128205128205128,0.0,0.1794871794871795,0.02564102564102564,0.0,0.07692307692307693,0.1282051282051282,0.0,0.02564102564102564,0.02564102564102564,0.05128205128205128,0.02564102564102564,0.0,0.02564102564102564,-1.315384615384616
0.04761904761904762,0.2380952380952381,0.0,0.0,0.0,0.04761904761904762,0.0,0.09523809523809523,0.04761904761904762,0.0,0.1428571428571428,0.04761904761904762,0.0,0.04761904761904762,0.04761904761904762,0.09523809523809523,0.04761904761904762,0.0,0.0,-1.038095238095238
0.01587301587301587,0.1111111111111111,0.01587301587301587,0.0,0.09523809523809523,0.03174603174603174,0.0,0.1746031746031746,0.01587301587301587,0.04761904761904762,0.03174603174603174,0.03174603174603174,0.0,0.03174603174603174,0.1587301587301587,0.09523809523809523,0.01587301587301587,0.0,0.06349206349206349,-0.6444444444444445
0.01587301587301587,0.1111111111111111,0.01587301587301587,0.0,0.09523809523809523,0.03174603174603174,0.0,0.1746031746031746,0.01587301587301587,0.03174603174603174,0.03174603174603174,0.03174603174603174,0.0,0.03174603174603174,0.1587301587301587,0.09523809523809523,0.01587301587301587,0.0,0.06349206349206349,-0.7158730158730159
0.01612903225806452,0.1129032258064516,0.01612903225806452,0.0,0.0967741935483871,0.03225806451612903,0.0,0.1774193548387097,0.01612903225806452,0.04838709677419355,0.01612903225806452,0.03225806451612903,0.0,0.03225806451612903,0.1451612903225807,0.0967741935483871,0.01612903225806452,0.0,0.06451612903225806,-0.6903225806451614
0.05263157894736842,0.07894736842105263,0.05263157894736842,0.05263157894736842,0.1578947368421053,0.02631578947368421,0.0,0.1052631578947368,0.0,0.02631578947368421,0.05263157894736842,0.05263157894736842,0.0,0.05263157894736842,0.07894736842105263,0.05263157894736842,0.05263157894736842,0.02631578947368421,0.05263157894736842,-0.4052631578947369
0.0,0.0,0.1428571428571428,0.0,0.2857142857142857,0.07142857142857142,0.0,0.1428571428571428,0.0,0.0,0.07142857142857142,0.0,0.0,0.0,0.07142857142857142,0.07142857142857142,0.0,0.1428571428571428,0.0,-0.1214285714285715
0.07692307692307693,0.03846153846153846,0.09615384615384616,0.03846153846153846,0.1730769230769231,0.0576923076923077,0.0576923076923077,0.0576923076923077,0.07692307692307693,0.0,0.01923076923076923,0.07692307692307693,0.0,0.03846153846153846,0.01923076923076923,0.0576923076923077,0.03846153846153846,0.0576923076923077,0.01923076923076923,-1.046153846153846
0.02941176470588235,0.1470588235294118,0.0,0.05882352941176471,0.02941176470588235,0.05882352941176471,0.05882352941176471,0.1470588235294118,0.0,0.1176470588235294,0.1176470588235294,0.1176470588235294,0.0,0.05882352941176471,0.0,0.02941176470588235,0.0,0.02941176470588235,0.0,-0.5794117647058823
0.03636363636363636,0.03636363636363636,0.0,0.05454545454545454,0.1636363636363636,0.07272727272727272,0.01818181818181818,0.1090909090909091,0.05454545454545454,0.0,0.01818181818181818,0.09090909090909091,0.0,0.05454545454545454,0.03636363636363636,0.1272727272727273,0.01818181818181818,0.01818181818181818,0.03636363636363636,-0.7854545454545455
0.0,0.1111111111111111,0.0,0.0,0.0,0.0,0.0,0.07407407407407407,0.03703703703703703,0.03703703703703703,0.1851851851851852,0.2592592592592592,0.0,0.1481481481481481,0.07407407407407407,0.03703703703703703,0.0,0.0,0.0,-0.5222222222222223
0.03571428571428571,0.1428571428571428,0.0,0.0,0.0,0.0,0.0,0.1785714285714286,0.0,0.2142857142857143,0.1071428571428571,0.1071428571428571,0.0,0.0,0.07142857142857142,0.03571428571428571,0.0,0.03571428571428571,0.03571428571428571,0.0821428571428571
0.05714285714285714,0.2571428571428571,0.0,0.05714285714285714,0.0,0.05714285714285714,0.05714285714285714,0.1142857142857143,0.0,0.1428571428571428,0.08571428571428572,0.08571428571428572,0.0,0.05714285714285714,0.0,0.02857142857142857,0.0,0.0,0.0,-0.9285714285714286
0.0,0.3333333333333333,0.0,0.0,0.0,0.05,0.0,0.0,0.0,0.06666666666666667,0.1166666666666667,0.0,0.0,0.0,0.3833333333333334,0.01666666666666667,0.0,0.03333333333333333,0.0,-1.588333333333334
0.1538461538461539,0.0,0.0,0.0,0.0,0.0,0.0,0.1923076923076923,0.1153846153846154,0.0,0.07692307692307693,0.1538461538461539,0.0,0.07692307692307693,0.0,0.03846153846153846,0.03846153846153846,0.03846153846153846,0.03846153846153846,-0.4038461538461539
0.12,0.2,0.0,0.0,0.0,0.0,0.0,0.08,0.12,0.0,0.04,0.16,0.0,0.08,0.0,0.04,0.04,0.04,0.04,-1.496
0.1153846153846154,0.1923076923076923,0.0,0.0,0.0,0.0,0.0,0.1153846153846154,0.1153846153846154,0.0,0.03846153846153846,0.1538461538461539,0.0,0.07692307692307693,0.0,0.03846153846153846,0.03846153846153846,0.03846153846153846,0.03846153846153846,-1.453846153846154
0.12,0.0,0.0,0.0,0.0,0.0,0.0,0.08,0.12,0.0,0.04,0.16,0.0,0.08,0.0,0.24,0.04,0.04,0.04,-0.7560000000000001
0.1153846153846154,0.0,0.0,0.0,0.0,0.0,0.0,0.1153846153846154,0.1153846153846154,0.0,0.03846153846153846,0.1538461538461539,0.0,0.07692307692307693,0.0,0.2307692307692308,0.03846153846153846,0.03846153846153846,0.03846153846153846,-0.7423076923076923
0.078125,0.0,0.046875,0.03125,0.0,0.03125,0.125,0.015625,0.0,0.09375,0.015625,0.046875,0.015625,0.0,0.125,0.09375,0.1875,0.0,0.0,-0.7640625
0.09090909090909091,0.1272727272727273,0.09090909090909091,0.0,0.0,0.07272727272727272,0.0,0.0,0.05454545454545454,0.05454545454545454,0.03636363636363636,0.0,0.0,0.01818181818181818,0.2,0.03636363636363636,0.03636363636363636,0.0,0.09090909090909091,-1.214545454545455
0.03703703703703703,0.03703703703703703,0.0,0.0,0.0,0.1111111111111111,0.0,0.0,0.03703703703703703,0.07407407407407407,0.03703703703703703,0.1851851851851852,0.03703703703703703,0.0,0.1111111111111111,0.0,0.07407407407407407,0.03703703703703703,0.1111111111111111,-1.192592592592593
0.03571428571428571,0.03571428571428571,0.0,0.0,0.0,0.1071428571428571,0.0,0.0,0.03571428571428571,0.07142857142857142,0.07142857142857142,0.1785714285714286,0.03571428571428571,0.0,0.1071428571428571,0.0,0.07142857142857142,0.03571428571428571,0.1071428571428571,-1.014285714285714
0.06060606060606061,0.0303030303030303,0.0,0.0,0.0,0.1212121212121212,0.0,0.0,0.0303030303030303,0.06060606060606061,0.09090909090909091,0.1515151515151515,0.0303030303030303,0.0,0.1212121212121212,0.0,0.06060606060606061,0.0303030303030303,0.1212121212121212,-0.8848484848484849
0.05555555555555555,0.02777777777777778,0.0,0.0,0.0,0.1388888888888889,0.0,0.0,0.02777777777777778,0.05555555555555555,0.08333333333333333,0.1666666666666667,0.02777777777777778,0.02777777777777778,0.1111111111111111,0.0,0.05555555555555555,0.02777777777777778,0.1111111111111111,-0.938888888888889
0.04545454545454546,0.04545454545454546,0.0,0.0,0.0,0.1363636363636364,0.0,0.0,0.02272727272727273,0.06818181818181818,0.09090909090909091,0.1818181818181818,0.02272727272727273,0.02272727272727273,0.09090909090909091,0.02272727272727273,0.04545454545454546,0.02272727272727273,0.1136363636363636,-0.9863636363636363
0.08,0.04,0.04,0.04,0.0,0.12,0.0,0.0,0.04,0.04,0.04,0.12,0.04,0.0,0.12,0.0,0.08,0.04,0.08,-1.312
0.125,0.0,0.0,0.0,0.0,0.25,0.0,0.0,0.0,0.0,0.0,0.125,0.0,0.0,0.125,0.0,0.0,0.0,0.25,-1.6625
0.1666666666666667,0.0,0.0,0.0,0.0,0.0,0.0,0.0,0.0,0.0,0.1666666666666667,0.0,0.0,0.0,0.0,0.1666666666666667,0.3333333333333333,0.0,0.0,0.5666666666666667
0.125,0.0,0.0,0.0,0.0,0.0,0.125,0.0,0.0,0.0,0.125,0.0,0.0,0.0,0.0,0.125,0.25,0.0,0.0,-0.01250000000000001
0.25,0.08333333333333333,0.0,0.0,0.0,0.1666666666666667,0.0,0.0,0.0,0.08333333333333333,0.08333333333333333,0.0,0.0,0.0,0.1666666666666667,0.08333333333333333,0.0,0.0,0.0,-0.15
0.03703703703703703,0.0,0.07407407407407407,0.0,0.0,0.1111111111111111,0.03703703703703703,0.0,0.07407407407407407,0.07407407407407407,0.1481481481481481,0.0,0.0,0.0,0.1851851851851852,0.03703703703703703,0.07407407407407407,0.0,0.03703703703703703,-0.4777777777777778
0.0,0.0,0.0,0.0,0.0,0.2222222222222222,0.1111111111111111,0.1111111111111111,0.1111111111111111,0.1111111111111111,0.1111111111111111,0.1111111111111111,0.0,0.0,0.1111111111111111,0.0,0.0,0.0,0.0,-1.255555555555556
0.0,0.125,0.25,0.0,0.0,0.0,0.125,0.0,0.0,0.0,0.375,0.0,0.0,0.0,0.0,0.0,0.0,0.0,0.0,-0.4500000000000002
0.0,0.0,0.1428571428571428,0.07142857142857142,0.0,0.0,0.1428571428571428,0.07142857142857142,0.0,0.1428571428571428,0.0,0.07142857142857142,0.0,0.0,0.1428571428571428,0.2142857142857143,0.0,0.0,0.0,-1.314285714285715
0.05882352941176471,0.05882352941176471,0.0,0.0,0.0,0.1764705882352941,0.0,0.0,0.0,0.05882352941176471,0.1764705882352941,0.1764705882352941,0.0,0.05882352941176471,0.05882352941176471,0.05882352941176471,0.0,0.0,0.1176470588235294,-0.6588235294117648
0.09523809523809523,0.0,0.0,0.04761904761904762,0.0,0.0,0.2380952380952381,0.0,0.0,0.04761904761904762,0.04761904761904762,0.0,0.0,0.0,0.1428571428571428,0.1428571428571428,0.09523809523809523,0.0,0.0,-0.842857142857143
0.1666666666666667,0.1666666666666667,0.0,0.0,0.1666666666666667,0.0,0.1666666666666667,0.0,0.0,0.1666666666666667,0.1666666666666667,0.0,0.0,0.0,0.0,0.0,0.0,0.0,0.0,0.7666666666666666
0.09523809523809523,0.1666666666666667,0.02380952380952381,0.0,0.07142857142857142,0.04761904761904762,0.02380952380952381,0.02380952380952381,0.0,0.04761904761904762,0.02380952380952381,0.09523809523809523,0.02380952380952381,0.04761904761904762,0.07142857142857142,0.04761904761904762,0.04761904761904762,0.09523809523809523,0.0,-0.9023809523809524
0.125,0.1875,0.0,0.0,0.09375,0.03125,0.03125,0.03125,0.0,0.0625,0.0625,0.09375,0.03125,0.0625,0.03125,0.03125,0.03125,0.0625,0.0,-0.38125
0.0,0.2,0.0,0.0,0.0,0.0,0.0,0.2,0.2,0.0,0.0,0.0,0.2,0.0,0.0,0.0,0.0,0.0,0.2,-1.5
0.0,0.0,0.0,0.0,0.0,0.0,0.0,0.3333333333333333,0.0,0.0,0.3333333333333333,0.0,0.0,0.3333333333333333,0.0,0.0,0.0,0.0,0.0,2.066666666666666
0.2,0.06666666666666667,0.0,0.0,0.0,0.06666666666666667,0.0,0.06666666666666667,0.0,0.0,0.1333333333333333,0.06666666666666667,0.0,0.06666666666666667,0.0,0.1333333333333333,0.0,0.06666666666666667,0.0,0.06666666666666665
0.25,0.0,0.0,0.125,0.0,0.125,0.0,0.0,0.0,0.0625,0.0,0.125,0.0,0.0,0.0625,0.125,0.0,0.0,0.0,-0.83125
0.1,0.1,0.1,0.1,0.0,0.0,0.0,0.1,0.0,0.0,0.2,0.0,0.0,0.1,0.0,0.1,0.0,0.0,0.0,-0.05000000000000006
0.25,0.0,0.0,0.0,0.0,0.0,0.125,0.125,0.0,0.125,0.0,0.125,0.0,0.125,0.0,0.125,0.0,0.0,0.0,0.2875
0.2142857142857143,0.0,0.07142857142857142,0.0,0.0,0.0,0.1428571428571428,0.07142857142857142,0.0,0.1428571428571428,0.0,0.07142857142857142,0.07142857142857142,0.07142857142857142,0.07142857142857142,0.07142857142857142,0.0,0.0,0.0,0.1357142857142857
0.09090909090909091,0.04545454545454546,0.09090909090909091,0.1363636363636364,0.0,0.0,0.0,0.04545454545454546,0.04545454545454546,0.04545454545454546,0.1363636363636364,0.0,0.0,0.04545454545454546,0.04545454545454546,0.09090909090909091,0.09090909090909091,0.0,0.04545454545454546,-0.4181818181818182
0.3333333333333333,0.0,0.0,0.04166666666666666,0.04166666666666666,0.04166666666666666,0.04166666666666666,0.04166666666666666,0.0,0.0,0.08333333333333333,0.0,0.04166666666666666,0.0,0.0,0.08333333333333333,0.0,0.04166666666666666,0.08333333333333333,0.4333333333333333
0.06451612903225806,0.03225806451612903,0.0967741935483871,0.1612903225806452,0.0,0.06451612903225806,0.03225806451612903,0.0967741935483871,0.03225806451612903,0.03225806451612903,0.1612903225806452,0.03225806451612903,0.0,0.03225806451612903,0.0,0.0,0.03225806451612903,0.03225806451612903,0.03225806451612903,-0.7838709677419355
0.0,0.05555555555555555,0.02777777777777778,0.0,0.1666666666666667,0.02777777777777778,0.02777777777777778,0.08333333333333333,0.02777777777777778,0.02777777777777778,0.05555555555555555,0.1944444444444444,0.0,0.0,0.1111111111111111,0.0,0.05555555555555555,0.0,0.05555555555555555,-0.9583333333333334
