length,Nside,Cside,hydrophobic,G,L,P,K,dpc-AP,dpc-YP,dpc-KK,dpc-GP,dde-PH,dde-AP,dde-YP,dde-GP,asdc-AP,asdc-YP,asdc-KK,asdc-GP
8,17,4,0.62,0.125,0.0,0.0,0.0,0.0,0.0,0.0,0.0,0.0,0.0,0.0,0.0,0.0,0.0,0.0,0.0
9,5,9,0.44,0.1111111111111111,0.1111111111111111,0.0,0.0,0.0,0.0,0.0,0.0,0.0,0.0,0.0,0.0,0.0,0.0,0.0,0.0
6,0,4,0.67,0.0,0.0,0.0,0.1666666666666667,0.0,0.0,0.0,0.0,0.0,0.0,0.0,0.0,0.0,0.0,0.0,0.0
11,2,2,0.36,0.09090909090909091,0.0,0.09090909090909091,0.0,0.0,0.0,0.0,0.0,0.0,0.0,0.0,0.0,0.0,0.0,0.0,0.05263157894736842
11,5,17,0.91,0.1818181818181818,0.0,0.2727272727272727,0.0,0.0,0.0,0.0,0.2,0.0,0.0,0.0,0.9457940490750917,0.0,0.0,0.0,0.1052631578947368
6,8,10,0.83,0.1666666666666667,0.0,0.0,0.1666666666666667,0.0,0.0,0.0,0.0,0.0,0.0,0.0,0.0,0.0,0.0,0.0,0.0
5,17,10,1.0,0.2,0.0,0.0,0.0,0.0,0.0,0.0,0.0,0.0,0.0,0.0,0.0,0.0,0.0,0.0,0.0
11,7,2,0.45,0.0,0.0,0.09090909090909091,0.09090909090909091,0.0,0.1,0.0,0.0,0.0,0.0,0.6680565260140084,0.0,0.0,0.05263157894736842,0.0,0.0
9,11,9,0.44,0.1111111111111111,0.2222222222222222,0.0,0.0,0.0,0.0,0.0,0.0,0.0,0.0,0.0,0.0,0.0,0.0,0.0,0.0
8,5,9,0.5,0.125,0.125,0.0,0.125,0.0,0.0,0.0,0.0,0.0,0.0,0.0,0.0,0.0,0.0,0.0,0.0
10,12,0,0.7,0.0,0.0,0.1,0.1,0.0,0.0,0.0,0.0,0.0,0.0,0.0,0.0,0.0,0.0,0.0,0.0
7,17,2,0.57,0.1428571428571428,0.0,0.0,0.0,0.0,0.0,0.0,0.0,0.0,0.0,0.0,0.0,0.0,0.0,0.0,0.0
5,17,4,0.8,0.2,0.0,0.0,0.0,0.0,0.0,0.0,0.0,0.0,0.0,0.0,0.0,0.0,0.0,0.0,0.0
8,5,12,0.5,0.25,0.125,0.125,0.125,0.0,0.0,0.0,0.0,0.0,0.0,0.0,0.0,0.0,0.0,0.0,0.0
11,9,4,0.73,0.1818181818181818,0.1818181818181818,0.09090909090909091,0.09090909090909091,0.0,0.0,0.0,0.0,0.0,0.0,0.0,0.0,0.0,0.0,0.0,0.0
6,8,8,0.5,0.1666666666666667,0.3333333333333333,0.0,0.3333333333333333,0.0,0.0,0.0,0.0,0.0,0.0,0.0,0.0,0.0,0.0,0.0,0.0
7,8,2,0.43,0.1428571428571428,0.2857142857142857,0.0,0.2857142857142857,0.0,0.0,0.0,0.0,0.0,0.0,0.0,0.0,0.0,0.0,0.0,0.0
9,8,9,0.56,0.1111111111111111,0.3333333333333333,0.0,0.2222222222222222,0.0,0.0,0.0,0.0,0.0,0.0,0.0,0.0,0.0,0.0,0.0,0.0
13,9,15,0.69,0.1538461538461539,0.2307692307692308,0.07692307692307693,0.07692307692307693,0.0,0.0,0.0,0.0,0.0,0.0,0.0,0.0,0.0,0.0,0.0,0.0
13,12,4,0.38,0.07692307692307693,0.07692307692307693,0.07692307692307693,0.1538461538461539,0.0,0.0,0.0,0.0,0.0,0.0,0.0,0.0,0.0,0.0,0.04347826086956522,0.0
7,12,10,0.86,0.1428571428571428,0.0,0.2857142857142857,0.0,0.0,0.0,0.0,0.0,0.0,0.0,0.0,0.0,0.0,0.0,0.0,0.09090909090909091
6,7,9,0.5,0.0,0.1666666666666667,0.0,0.0,0.0,0.0,0.0,0.0,0.0,0.0,0.0,0.0,0.0,0.0,0.0,0.0
7,8,9,0.71,0.0,0.2857142857142857,0.2857142857142857,0.1428571428571428,0.0,0.0,0.0,0.0,0.0,0.0,0.0,0.0,0.0,0.0,0.0,0.0
8,16,4,0.75,0.125,0.0,0.0,0.0,0.0,0.0,0.0,0.0,0.0,0.0,0.0,0.0,0.0,0.0,0.0,0.0
8,19,9,0.5,0.0,0.125,0.0,0.0,0.0,0.0,0.0,0.0,0.0,0.0,0.0,0.0,0.0,0.0,0.0,0.0
5,17,6,0.8,0.0,0.2,0.0,0.0,0.0,0.0,0.0,0.0,0.0,0.0,0.0,0.0,0.0,0.0,0.0,0.0
14,0,9,0.5,0.0,0.1428571428571428,0.0,0.07142857142857142,0.0,0.0,0.0,0.0,0.0,0.0,0.0,0.0,0.0,0.0,0.0,0.0
11,19,9,0.36,0.0,0.1818181818181818,0.0,0.09090909090909091,0.0,0.0,0.0,0.0,0.0,0.0,0.0,0.0,0.0,0.0,0.0,0.0
10,17,2,0.5,0.1,0.1,0.0,0.1,0.0,0.0,0.0,0.0,0.0,0.0,0.0,0.0,0.0,0.0,0.0,0.0
10,12,0,0.8,0.0,0.1,0.2,0.0,0.0,0.0,0.0,0.0,0.0,0.0,0.0,0.0,0.0,0.05882352941176471,0.0,0.0
13,13,11,0.54,0.0,0.0,0.07692307692307693,0.0,0.0,0.0,0.0,0.0,0.0,0.0,0.0,0.0,0.0,0.0,0.0,0.0
9,13,9,0.78,0.0,0.3333333333333333,0.0,0.0,0.0,0.0,0.0,0.0,0.0,0.0,0.0,0.0,0.0,0.0,0.0,0.0
7,15,9,0.29,0.0,0.1428571428571428,0.0,0.0,0.0,0.0,0.0,0.0,0.0,0.0,0.0,0.0,0.0,0.0,0.0,0.0
10,16,0,0.5,0.1,0.1,0.0,0.0,0.0,0.0,0.0,0.0,0.0,0.0,0.0,0.0,0.0,0.0,0.0,0.0
6,10,12,1.0,0.0,0.1666666666666667,0.5,0.0,0.0,0.0,0.0,0.0,0.0,0.0,0.0,0.0,0.0,0.0,0.0,0.0
8,10,12,0.75,0.125,0.0,0.25,0.0,0.0,0.0,0.0,0.0,0.0,0.0,0.0,0.0,0.0,0.0,0.0,0.07692307692307693
10,8,2,0.4,0.1,0.1,0.1,0.1,0.0,0.0,0.0,0.0,0.0,0.0,0.0,0.0,0.0,0.0,0.0,0.0
9,19,7,0.44,0.0,0.0,0.1111111111111111,0.1111111111111111,0.0,0.0,0.0,0.0,0.0,0.0,0.0,0.0,0.0,0.0,0.0,0.0
7,12,4,0.71,0.0,0.0,0.1428571428571428,0.1428571428571428,0.0,0.0,0.0,0.0,0.0,0.0,0.0,0.0,0.0,0.0,0.0,0.0
14,9,17,0.5,0.07142857142857142,0.1428571428571428,0.07142857142857142,0.0,0.0,0.0,0.0,0.0,0.0,0.0,0.0,0.0,0.0,0.0,0.0,0.0
8,4,17,0.88,0.0,0.0,0.25,0.0,0.1428571428571428,0.0,0.0,0.0,0.0,0.8003606431765009,0.0,0.0,0.07692307692307693,0.0,0.0,0.0
9,13,3,0.56,0.0,0.1111111111111111,0.2222222222222222,0.1111111111111111,0.0,0.0,0.0,0.0,0.0,0.0,0.0,0.0,0.0,0.0,0.0,0.0
12,15,3,0.5,0.0,0.1666666666666667,0.1666666666666667,0.08333333333333333,0.0,0.0,0.0,0.0,0.0,0.0,0.0,0.0,0.0,0.0,0.0,0.0
14,8,13,0.57,0.0,0.0,0.2857142857142857,0.2142857142857143,0.0,0.07692307692307693,0.0,0.0,0.0,0.0,0.4477401208959666,0.0,0.04,0.04,0.04,0.0
25,5,4,0.6,0.04,0.0,0.2,0.16,0.04166666666666666,0.04166666666666666,0.0,0.0,0.0,0.116569583996785,0.1741515433929318,0.0,0.02127659574468085,0.02127659574468085,0.02127659574468085,0.0
16,16,10,0.69,0.0,0.0625,0.25,0.0,0.0,0.0,0.0,0.0,0.0,0.0,0.0,0.0,0.0,0.0,0.0,0.0
4,4,12,1.0,0.25,0.0,0.5,0.0,0.0,0.0,0.0,0.3333333333333333,0.0,0.0,0.0,2.903253436546509,0.0,0.0,0.0,0.2
8,8,3,0.5,0.0,0.0,0.25,0.125,0.0,0.1428571428571428,0.0,0.0,0.0,0.0,1.148205045268393,0.0,0.07692307692307693,0.07692307692307693,0.0,0.0
9,16,16,0.22,0.0,0.2222222222222222,0.0,0.0,0.0,0.0,0.0,0.0,0.0,0.0,0.0,0.0,0.0,0.0,0.0,0.0
8,11,3,0.62,0.125,0.0,0.125,0.0,0.0,0.0,0.0,0.0,0.0,0.0,0.0,0.0,0.0,0.0,0.0,0.0
3,15,10,0.67,0.0,0.0,0.0,0.0,0.0,0.0,0.0,0.0,0.0,0.0,0.0,0.0,0.0,0.0,0.0,0.0
7,8,3,0.71,0.0,0.1428571428571428,0.2857142857142857,0.1428571428571428,0.0,0.0,0.0,0.0,0.0,0.0,0.0,0.0,0.0,0.0,0.0,0.0
11,15,3,0.55,0.0,0.1818181818181818,0.1818181818181818,0.09090909090909091,0.0,0.0,0.0,0.0,0.0,0.0,0.0,0.0,0.0,0.0,0.0,0.0
8,14,4,0.62,0.0,0.0,0.125,0.0,0.0,0.0,0.0,0.0,0.0,0.0,0.0,0.0,0.0,0.0,0.0,0.0
14,6,4,0.57,0.0,0.0,0.2857142857142857,0.1428571428571428,0.0,0.07692307692307693,0.0,0.0,0.0,0.0,0.4477401208959666,0.0,0.0,0.04,0.0,0.0
16,13,17,0.81,0.125,0.0625,0.25,0.0,0.0,0.0,0.0,0.1333333333333333,0.0,0.0,0.0,0.5091692069946168,0.0,0.0,0.0,0.06896551724137931
17,19,17,0.76,0.1176470588235294,0.05882352941176471,0.2352941176470588,0.0,0.0,0.0,0.0,0.125,0.0,0.0,0.0,0.4611616043536166,0.0,0.0,0.0,0.06451612903225806
20,15,10,0.6,0.0,0.1,0.25,0.0,0.0,0.0,0.0,0.0,0.0,0.0,0.0,0.0,0.0,0.0,0.0,0.0
20,15,8,0.65,0.0,0.1,0.25,0.05,0.05263157894736842,0.0,0.0,0.0,0.0,0.1694573770493589,0.0,0.0,0.02702702702702703,0.0,0.0,0.0
4,17,12,1.0,0.25,0.25,0.25,0.0,0.0,0.0,0.0,0.3333333333333333,0.0,0.0,0.0,2.903253436546509,0.0,0.0,0.0,0.2
6,12,11,0.67,0.1666666666666667,0.0,0.3333333333333333,0.0,0.0,0.0,0.0,0.2,0.0,0.0,0.0,1.337554771413759,0.0,0.0,0.0,0.1111111111111111
5,9,18,0.6,0.0,0.4,0.0,0.0,0.0,0.0,0.0,0.0,0.0,0.0,0.0,0.0,0.0,0.0,0.0,0.0
6,7,13,0.67,0.0,0.1666666666666667,0.3333333333333333,0.0,0.0,0.0,0.0,0.0,0.0,0.0,0.0,0.0,0.0,0.0,0.0,0.0
6,17,12,0.83,0.1666666666666667,0.0,0.3333333333333333,0.0,0.0,0.0,0.0,0.2,0.0,0.0,0.0,1.337554771413759,0.0,0.0,0.0,0.1111111111111111
5,14,3,0.2,0.0,0.2,0.0,0.0,0.0,0.0,0.0,0.0,0.0,0.0,0.0,0.0,0.0,0.0,0.0,0.0
6,4,15,0.33,0.0,0.0,0.0,0.0,0.0,0.0,0.0,0.0,0.0,0.0,0.0,0.0,0.0,0.0,0.0,0.0
6,4,15,0.17,0.0,0.0,0.0,0.0,0.0,0.0,0.0,0.0,0.0,0.0,0.0,0.0,0.0,0.0,0.0,0.0
6,12,12,0.5,0.0,0.0,0.3333333333333333,0.0,0.0,0.0,0.0,0.0,0.0,0.0,0.0,0.0,0.0,0.0,0.0,0.0
6,9,12,0.5,0.0,0.3333333333333333,0.1666666666666667,0.0,0.0,0.0,0.0,0.0,0.0,0.0,0.0,0.0,0.0,0.0,0.0,0.0
7,9,5,0.71,0.1428571428571428,0.1428571428571428,0.1428571428571428,0.0,0.0,0.0,0.0,0.0,0.0,0.0,0.0,0.0,0.0,0.0,0.0,0.0
7,7,8,0.29,0.0,0.0,0.0,0.2857142857142857,0.0,0.0,0.1666666666666667,0.0,0.0,0.0,0.0,0.0,0.0,0.0,0.09090909090909091,0.0
8,9,11,0.38,0.0,0.25,0.0,0.0,0.0,0.0,0.0,0.0,0.0,0.0,0.0,0.0,0.0,0.0,0.0,0.0
8,9,9,0.88,0.0,0.625,0.25,0.0,0.0,0.0,0.0,0.0,0.0,0.0,0.0,0.0,0.0,0.0,0.0,0.0
10,17,12,0.9,0.2,0.1,0.3,0.0,0.0,0.0,0.0,0.2222222222222222,0.0,0.0,0.0,1.110161078994405,0.0,0.0,0.0,0.1176470588235294
4,9,4,0.75,0.0,0.5,0.0,0.0,0.0,0.0,0.0,0.0,0.0,0.0,0.0,0.0,0.0,0.0,0.0,0.0
5,9,19,0.4,0.2,0.2,0.0,0.0,0.0,0.0,0.0,0.0,0.0,0.0,0.0,0.0,0.0,0.0,0.0,0.0
4,4,4,0.5,0.0,0.0,0.0,0.0,0.0,0.0,0.0,0.0,0.0,0.0,0.0,0.0,0.0,0.0,0.0,0.0
5,14,12,0.4,0.0,0.0,0.4,0.2,0.0,0.0,0.0,0.0,0.0,0.0,0.0,0.0,0.0,0.0,0.0,0.0
6,4,12,1.0,0.0,0.0,0.3333333333333333,0.0,0.2,0.0,0.0,0.0,0.0,1.337554771413759,0.0,0.0,0.1111111111111111,0.0,0.0,0.0
6,9,8,0.67,0.0,0.1666666666666667,0.1666666666666667,0.1666666666666667,0.0,0.0,0.0,0.0,0.0,0.0,0.0,0.0,0.0,0.0,0.0,0.0
6,17,9,0.5,0.0,0.3333333333333333,0.0,0.0,0.0,0.0,0.0,0.0,0.0,0.0,0.0,0.0,0.0,0.0,0.0,0.0
7,9,5,0.43,0.1428571428571428,0.1428571428571428,0.0,0.1428571428571428,0.0,0.0,0.0,0.0,0.0,0.0,0.0,0.0,0.0,0.0,0.0,0.0
8,7,3,0.62,0.125,0.0,0.25,0.0,0.0,0.0,0.0,0.0,0.0,0.0,0.0,0.0,0.0,0.0,0.0,0.0
7,17,16,0.29,0.0,0.0,0.0,0.2857142857142857,0.0,0.0,0.0,0.0,0.0,0.0,0.0,0.0,0.0,0.0,0.09090909090909091,0.0
7,9,12,0.43,0.0,0.1428571428571428,0.1428571428571428,0.1428571428571428,0.0,0.0,0.0,0.0,0.0,0.0,0.0,0.0,0.0,0.0,0.0,0.0
4,6,8,0.5,0.0,0.0,0.25,0.25,0.0,0.0,0.0,0.0,0.0,0.0,0.0,0.0,0.0,0.0,0.0,0.0
7,4,3,0.86,0.0,0.0,0.2857142857142857,0.0,0.1666666666666667,0.0,0.0,0.0,0.0,1.013041035632833,0.0,0.0,0.09090909090909091,0.0,0.0,0.0
6,17,3,0.83,0.0,0.0,0.3333333333333333,0.0,0.2,0.0,0.0,0.0,0.0,1.337554771413759,0.0,0.0,0.1111111111111111,0.0,0.0,0.0
5,2,12,0.6,0.0,0.0,0.4,0.0,0.0,0.0,0.0,0.0,0.0,0.0,0.0,0.0,0.0,0.0,0.0,0.0
7,0,16,0.71,0.0,0.0,0.2857142857142857,0.0,0.0,0.0,0.0,0.0,0.0,0.0,0.0,0.0,0.09090909090909091,0.0,0.0,0.0
5,12,16,0.6,0.0,0.0,0.4,0.0,0.0,0.0,0.0,0.0,0.0,0.0,0.0,0.0,0.0,0.0,0.0,0.0
6,16,19,0.5,0.0,0.0,0.1666666666666667,0.1666666666666667,0.0,0.0,0.0,0.0,0.0,0.0,0.0,0.0,0.0,0.0,0.0,0.0
5,17,12,0.8,0.0,0.0,0.4,0.0,0.0,0.25,0.0,0.0,0.0,0.0,2.675538471877458,0.0,0.0,0.1428571428571428,0.0,0.0
4,7,9,1.0,0.0,0.25,0.5,0.0,0.0,0.0,0.0,0.0,0.0,0.0,0.0,0.0,0.0,0.0,0.0,0.0
7,17,15,0.71,0.0,0.0,0.2857142857142857,0.0,0.0,0.0,0.0,0.0,0.0,0.0,0.0,0.0,0.0,0.0,0.0,0.0
8,7,12,0.62,0.0,0.125,0.375,0.0,0.0,0.0,0.0,0.0,0.0,0.0,0.0,0.0,0.0,0.0,0.0,0.0
6,17,3,0.33,0.0,0.0,0.0,0.3333333333333333,0.0,0.0,0.0,0.0,0.0,0.0,0.0,0.0,0.0,0.0,0.1111111111111111,0.0
8,9,15,0.75,0.0,0.5,0.25,0.0,0.0,0.0,0.0,0.0,0.0,0.0,0.0,0.0,0.0,0.0,0.0,0.0
8,5,12,0.88,0.25,0.0,0.375,0.0,0.0,0.0,0.0,0.2857142857142857,0.0,0.0,0.0,1.625559300217166,0.0,0.0,0.0,0.1538461538461539
9,5,7,0.89,0.2222222222222222,0.0,0.3333333333333333,0.0,0.0,0.0,0.0,0.25,0.0,0.0,0.0,1.327595825157151,0.0,0.0,0.0,0.1333333333333333
7,15,16,0.43,0.0,0.0,0.2857142857142857,0.0,0.0,0.0,0.0,0.0,0.0,0.0,0.0,0.0,0.0,0.0,0.0,0.0
19,17,13,0.63,0.0,0.1578947368421053,0.2105263157894737,0.1052631578947368,0.0,0.0,0.0,0.0,0.0,0.0,0.0,0.0,0.02857142857142857,0.0,0.0,0.0
9,0,2,0.44,0.0,0.0,0.2222222222222222,0.2222222222222222,0.0,0.0,0.125,0.0,0.0,0.0,0.0,0.0,0.06666666666666667,0.0,0.06666666666666667,0.0
6,14,12,0.5,0.0,0.1666666666666667,0.1666666666666667,0.0,0.0,0.0,0.0,0.0,0.0,0.0,0.0,0.0,0.0,0.0,0.0,0.0
5,0,8,0.2,0.0,0.0,0.0,0.4,0.0,0.0,0.0,0.0,0.0,0.0,0.0,0.0,0.0,0.0,0.1428571428571428,0.0
5,0,12,0.6,0.0,0.0,0.2,0.0,0.25,0.0,0.0,0.0,0.0,1.877504021287143,0.0,0.0,0.1428571428571428,0.0,0.0,0.0
5,0,17,0.8,0.0,0.2,0.2,0.0,0.25,0.0,0.0,0.0,0.0,1.877504021287143,0.0,0.0,0.1428571428571428,0.0,0.0,0.0
5,0,9,0.6,0.0,0.2,0.0,0.2,0.0,0.0,0.0,0.0,0.0,0.0,0.0,0.0,0.0,0.0,0.0,0.0
8,15,13,0.62,0.0,0.125,0.25,0.125,0.0,0.0,0.0,0.0,0.0,0.0,0.0,0.0,0.0,0.0,0.0,0.0
24,4,3,0.54,0.08333333333333333,0.04166666666666666,0.08333333333333333,0.125,0.04347826086956522,0.0,0.0,0.0,0.0,0.1248497571474939,0.0,0.0,0.02222222222222222,0.0,0.02222222222222222,0.0
25,9,8,0.4,0.08,0.04,0.12,0.04,0.04166666666666666,0.0,0.0,0.0,0.0,0.116569583996785,0.0,0.0,0.02127659574468085,0.0,0.0,0.0
6,14,7,0.5,0.0,0.0,0.3333333333333333,0.1666666666666667,0.0,0.0,0.0,0.0,0.0,0.0,0.0,0.0,0.0,0.0,0.0,0.0
4,14,6,0.25,0.0,0.0,0.25,0.25,0.0,0.0,0.0,0.0,0.0,0.0,0.0,0.0,0.0,0.0,0.0,0.0
5,6,6,0.4,0.0,0.0,0.2,0.2,0.0,0.0,0.0,0.0,0.0,0.0,0.0,0.0,0.0,0.0,0.0,0.0
4,16,13,0.25,0.0,0.0,0.0,0.0,0.0,0.0,0.0,0.0,0.0,0.0,0.0,0.0,0.0,0.0,0.0,0.0
3,6,8,0.0,0.0,0.0,0.0,0.3333333333333333,0.0,0.0,0.0,0.0,0.0,0.0,0.0,0.0,0.0,0.0,0.0,0.0
8,9,12,0.88,0.125,0.125,0.375,0.0,0.0,0.1428571428571428,0.0,0.1428571428571428,0.0,0.0,1.148205045268393,0.8003606431765009,0.0,0.07692307692307693,0.0,0.07692307692307693
6,16,13,0.17,0.0,0.0,0.0,0.0,0.0,0.0,0.0,0.0,0.0,0.0,0.0,0.0,0.0,0.0,0.0,0.0
9,9,7,0.89,0.1111111111111111,0.1111111111111111,0.3333333333333333,0.0,0.0,0.125,0.0,0.125,0.0,0.0,0.9377401515398738,0.6521809953226201,0.0,0.06666666666666667,0.0,0.06666666666666667
3,13,13,0.33,0.0,0.0,0.3333333333333333,0.0,0.0,0.0,0.0,0.0,0.0,0.0,0.0,0.0,0.0,0.0,0.0,0.0
3,17,13,0.67,0.0,0.0,0.3333333333333333,0.0,0.0,0.0,0.0,0.0,0.0,0.0,0.0,0.0,0.0,0.0,0.0,0.0
3,7,13,0.67,0.0,0.0,0.3333333333333333,0.0,0.0,0.0,0.0,0.0,0.0,0.0,0.0,0.0,0.0,0.0,0.0,0.0
13,8,13,0.54,0.0,0.0,0.2307692307692308,0.07692307692307693,0.0,0.08333333333333333,0.0,0.0,0.0,0.0,0.5059745510527226,0.0,0.04347826086956522,0.04347826086956522,0.0,0.0
11,0,7,0.64,0.0,0.0,0.2727272727272727,0.0,0.0,0.1,0.0,0.0,0.0,0.0,0.6680565260140084,0.0,0.05263157894736842,0.05263157894736842,0.0,0.0
18,19,17,0.72,0.1111111111111111,0.05555555555555555,0.2222222222222222,0.0,0.0,0.0,0.0,0.1176470588235294,0.0,0.0,0.0,0.4201377217713816,0.0,0.0,0.0,0.06060606060606061
14,9,4,0.71,0.1428571428571428,0.1428571428571428,0.2142857142857143,0.0,0.0,0.0,0.0,0.1538461538461539,0.0,0.0,0.0,0.6338833996611352,0.0,0.0,0.0,0.08
15,9,4,0.73,0.1333333333333333,0.2,0.2,0.0,0.0,0.0,0.0,0.1428571428571428,0.0,0.0,0.0,0.5659404381849304,0.0,0.0,0.0,0.07407407407407407
10,17,9,0.7,0.0,0.4,0.2,0.0,0.0,0.0,0.0,0.0,0.0,0.0,0.0,0.0,0.0,0.0,0.0,0.0
15,2,18,0.6,0.0,0.3333333333333333,0.1333333333333333,0.0,0.0,0.0,0.0,0.0,0.0,0.0,0.0,0.0,0.0,0.0,0.0,0.0
23,8,9,0.39,0.0,0.1739130434782609,0.08695652173913043,0.04347826086956522,0.0,0.04545454545454546,0.0,0.0,0.0,0.0,0.1993309562376894,0.0,0.0,0.02325581395348837,0.0,0.0
23,4,15,0.57,0.08695652173913043,0.04347826086956522,0.08695652173913043,0.1304347826086956,0.04545454545454546,0.0,0.0,0.0,0.0,0.1340950949904482,0.0,0.0,0.02325581395348837,0.0,0.02325581395348837,0.0
14,11,3,0.64,0.0,0.1428571428571428,0.1428571428571428,0.0,0.07692307692307693,0.0,0.0,0.0,0.0,0.3078286401727354,0.0,0.0,0.04,0.0,0.0,0.0
10,9,7,0.9,0.2,0.1,0.3,0.0,0.0,0.0,0.0,0.2222222222222222,0.0,0.0,0.0,1.110161078994405,0.0,0.0,0.0,0.1176470588235294
13,13,7,0.54,0.0,0.0,0.2307692307692308,0.07692307692307693,0.0,0.08333333333333333,0.0,0.0,0.0,0.0,0.5059745510527226,0.0,0.04347826086956522,0.04347826086956522,0.0,0.0
14,9,0,0.36,0.0,0.1428571428571428,0.07142857142857142,0.1428571428571428,0.0,0.0,0.0,0.0,0.0,0.0,0.0,0.0,0.0,0.0,0.0,0.0
11,13,12,0.27,0.09090909090909091,0.0,0.1818181818181818,0.0,0.0,0.0,0.0,0.0,0.0,0.0,0.0,0.0,0.0,0.0,0.0,0.0
11,5,12,0.36,0.09090909090909091,0.0,0.1818181818181818,0.0,0.0,0.0,0.0,0.0,0.0,0.0,0.0,0.0,0.0,0.05263157894736842,0.0,0.0
10,8,12,0.2,0.1,0.0,0.1,0.3,0.0,0.0,0.0,0.0,0.0,0.0,0.0,0.0,0.0,0.0,0.1176470588235294,0.0
10,13,12,0.3,0.0,0.0,0.1,0.1,0.0,0.0,0.0,0.0,0.0,0.0,0.0,0.0,0.0,0.0,0.0,0.0
5,9,15,0.6,0.2,0.2,0.0,0.0,0.0,0.0,0.0,0.0,0.0,0.0,0.0,0.0,0.0,0.0,0.0,0.0
2,4,7,1.0,0.0,0.0,0.0,0.0,0.0,0.0,0.0,0.0,0.0,0.0,0.0,0.0,0.0,0.0,0.0,0.0
19,9,17,0.79,0.1052631578947368,0.1578947368421053,0.2105263157894737,0.0,0.0,0.0,0.0,0.1111111111111111,0.0,0.0,0.0,0.3847566020791888,0.0,0.0,0.0,0.05714285714285714
10,19,14,0.6,0.1,0.1,0.2,0.0,0.0,0.0,0.0,0.1111111111111111,0.0,0.0,0.0,0.544128004872977,0.0,0.0,0.0,0.05882352941176471
15,19,7,0.73,0.1333333333333333,0.06666666666666667,0.2666666666666667,0.0,0.0,0.0,0.0,0.1428571428571428,0.0,0.0,0.0,0.5659404381849304,0.0,0.0,0.0,0.07407407407407407
10,3,4,0.5,0.0,0.3,0.0,0.0,0.0,0.0,0.0,0.0,0.0,0.0,0.0,0.0,0.0,0.0,0.0,0.0
11,4,8,0.82,0.09090909090909091,0.0,0.1818181818181818,0.09090909090909091,0.1,0.0,0.0,0.0,0.0,0.4625065378682232,0.0,0.0,0.05263157894736842,0.0,0.0,0.0
15,14,17,0.47,0.06666666666666667,0.06666666666666667,0.2,0.1333333333333333,0.0,0.0,0.0,0.0,0.0,0.0,0.0,0.0,0.0,0.0,0.0,0.03703703703703703
22,14,14,0.45,0.04545454545454546,0.1818181818181818,0.1363636363636364,0.09090909090909091,0.0,0.0,0.0,0.0,0.0,0.0,0.0,0.0,0.0,0.0,0.0,0.02439024390243903
13,19,4,0.69,0.1538461538461539,0.07692307692307693,0.2307692307692308,0.0,0.0,0.0,0.0,0.1666666666666667,0.0,0.0,0.0,0.7163281859162193,0.0,0.0,0.0,0.08695652173913043
6,2,6,0.17,0.0,0.0,0.1666666666666667,0.0,0.0,0.0,0.0,0.0,1.91030777304933,0.0,0.0,0.0,0.0,0.0,0.0,0.0
9,9,7,0.33,0.0,0.2222222222222222,0.0,0.0,0.0,0.0,0.0,0.0,0.0,0.0,0.0,0.0,0.0,0.0,0.0,0.0
6,19,9,0.5,0.1666666666666667,0.1666666666666667,0.1666666666666667,0.0,0.0,0.2,0.0,0.0,0.0,0.0,1.91030777304933,0.0,0.0,0.1111111111111111,0.0,0.0
13,6,12,0.69,0.0,0.07692307692307693,0.3076923076923077,0.0,0.0,0.0,0.0,0.0,1.025348704009186,0.0,0.0,0.0,0.04347826086956522,0.0,0.0,0.0
8,19,13,0.38,0.0,0.0,0.0,0.0,0.0,0.0,0.0,0.0,0.0,0.0,0.0,0.0,0.0,0.0,0.0,0.0
11,2,17,0.36,0.0,0.09090909090909091,0.0,0.0,0.0,0.0,0.0,0.0,0.0,0.0,0.0,0.0,0.0,0.0,0.0,0.0
5,19,5,0.4,0.2,0.0,0.2,0.0,0.0,0.25,0.0,0.0,0.0,0.0,2.675538471877458,0.0,0.0,0.1428571428571428,0.0,0.0
5,0,15,0.4,0.0,0.0,0.0,0.0,0.0,0.0,0.0,0.0,0.0,0.0,0.0,0.0,0.0,0.0,0.0,0.0
7,15,8,0.29,0.0,0.0,0.0,0.1428571428571428,0.0,0.0,0.0,0.0,0.0,0.0,0.0,0.0,0.0,0.0,0.0,0.0
9,6,15,0.33,0.0,0.0,0.1111111111111111,0.1111111111111111,0.0,0.0,0.0,0.0,0.0,0.0,0.0,0.0,0.0,0.0,0.0,0.0
9,16,17,0.44,0.0,0.0,0.0,0.0,0.0,0.0,0.0,0.0,0.0,0.0,0.0,0.0,0.0,0.0,0.0,0.0
10,11,11,0.6,0.0,0.1,0.2,0.0,0.0,0.0,0.0,0.0,0.0,0.0,0.0,0.0,0.05882352941176471,0.0,0.0,0.0
9,15,9,0.67,0.0,0.2222222222222222,0.3333333333333333,0.0,0.0,0.0,0.0,0.0,0.0,0.0,0.0,0.0,0.0,0.0,0.0,0.0
16,13,17,0.81,0.125,0.0625,0.25,0.0,0.0,0.0,0.0,0.1333333333333333,0.0,0.0,0.0,0.5091692069946168,0.0,0.0,0.0,0.06896551724137931
9,19,15,0.56,0.0,0.1111111111111111,0.1111111111111111,0.0,0.0,0.0,0.0,0.0,0.0,0.0,0.0,0.0,0.0,0.06666666666666667,0.0,0.0
13,12,17,0.46,0.0,0.0,0.07692307692307693,0.0,0.0,0.0,0.0,0.0,0.0,0.0,0.0,0.0,0.0,0.0,0.0,0.0
6,5,0,0.83,0.1666666666666667,0.1666666666666667,0.0,0.0,0.0,0.0,0.0,0.0,0.0,0.0,0.0,0.0,0.0,0.0,0.0,0.0
12,2,9,0.67,0.0,0.4166666666666667,0.1666666666666667,0.0,0.0,0.0,0.0,0.0,0.0,0.0,0.0,0.0,0.0,0.0,0.0,0.0
5,3,1,0.2,0.2,0.0,0.0,0.0,0.0,0.0,0.0,0.0,0.0,0.0,0.0,0.0,0.0,0.0,0.0,0.0
8,16,8,0.38,0.0,0.0,0.0,0.125,0.0,0.0,0.0,0.0,0.0,0.0,0.0,0.0,0.0,0.0,0.0,0.0
8,12,17,0.62,0.0,0.125,0.375,0.0,0.0,0.0,0.0,0.0,0.0,0.0,0.0,0.0,0.0,0.0,0.0,0.0
9,17,11,0.67,0.1111111111111111,0.0,0.2222222222222222,0.0,0.0,0.0,0.0,0.0,0.0,0.0,0.0,0.0,0.0,0.0,0.0,0.06666666666666667
6,15,11,0.5,0.0,0.0,0.3333333333333333,0.0,0.0,0.0,0.0,0.0,0.0,0.0,0.0,0.0,0.0,0.0,0.0,0.0
10,9,0,0.6,0.0,0.1,0.3,0.1,0.0,0.1111111111111111,0.0,0.0,0.0,0.0,0.7841562911864778,0.0,0.05882352941176471,0.05882352941176471,0.0,0.0
15,3,17,0.87,0.1333333333333333,0.06666666666666667,0.2666666666666667,0.0,0.0,0.0,0.0,0.1428571428571428,0.0,0.0,0.0,0.5659404381849304,0.0,0.0,0.0,0.07407407407407407
18,10,4,0.61,0.0,0.0,0.2777777777777778,0.1666666666666667,0.05882352941176471,0.05882352941176471,0.0,0.0,0.0,0.2020997213932351,0.2967620140225105,0.0,0.0303030303030303,0.0303030303030303,0.0303030303030303,0.0
11,10,4,0.73,0.0,0.0,0.3636363636363636,0.09090909090909091,0.0,0.1,0.0,0.0,0.0,0.0,0.6680565260140084,0.0,0.0,0.05263157894736842,0.0,0.0
24,15,9,0.67,0.0,0.125,0.2916666666666667,0.0,0.0,0.0,0.0,0.0,0.0,0.0,0.0,0.0,0.0,0.0,0.0,0.0
23,18,9,0.7,0.0,0.1304347826086956,0.3043478260869565,0.0,0.0,0.0,0.0,0.0,0.0,0.0,0.0,0.0,0.0,0.0,0.0,0.0
8,7,12,0.62,0.0,0.0,0.5,0.0,0.0,0.0,0.0,0.0,0.0,0.0,0.0,0.0,0.0,0.0,0.0,0.0
5,12,12,1.0,0.0,0.0,0.6,0.0,0.0,0.0,0.0,0.0,0.0,0.0,0.0,0.0,0.0,0.0,0.0,0.0
5,12,12,0.6,0.0,0.0,0.4,0.2,0.0,0.0,0.0,0.0,0.0,0.0,0.0,0.0,0.0,0.0,0.0,0.0
6,9,14,0.33,0.0,0.1666666666666667,0.1666666666666667,0.1666666666666667,0.0,0.0,0.0,0.0,0.0,0.0,0.0,0.0,0.0,0.0,0.0,0.0
8,2,13,0.5,0.0,0.0,0.125,0.125,0.0,0.0,0.0,0.0,0.0,0.0,0.0,0.0,0.0,0.0,0.0,0.0
8,16,12,0.62,0.0,0.0,0.25,0.0,0.0,0.0,0.0,0.0,0.0,0.0,0.0,0.0,0.0,0.0,0.0,0.0
5,8,13,0.6,0.0,0.0,0.2,0.2,0.0,0.0,0.0,0.0,0.0,0.0,0.0,0.0,0.1428571428571428,0.0,0.0,0.0
12,14,0,0.33,0.0,0.0,0.1666666666666667,0.25,0.0,0.0,0.0,0.0,0.0,0.0,0.0,0.0,0.0,0.0,0.0,0.0
8,14,6,0.38,0.0,0.0,0.25,0.25,0.0,0.0,0.0,0.0,0.0,0.0,0.0,0.0,0.0,0.0,0.0,0.0
8,15,12,0.25,0.0,0.0,0.25,0.125,0.0,0.0,0.0,0.0,0.0,0.0,0.0,0.0,0.0,0.0,0.0,0.0
8,11,19,0.5,0.0,0.125,0.25,0.0,0.0,0.1428571428571428,0.0,0.0,0.0,0.0,1.148205045268393,0.0,0.0,0.07692307692307693,0.0,0.0
8,19,3,0.5,0.0,0.0,0.25,0.0,0.0,0.1428571428571428,0.0,0.0,0.0,0.0,1.148205045268393,0.0,0.0,0.07692307692307693,0.0,0.0
6,5,8,0.67,0.1666666666666667,0.0,0.1666666666666667,0.3333333333333333,0.0,0.0,0.0,0.0,0.0,0.0,0.0,0.0,0.0,0.0,0.1111111111111111,0.1111111111111111
7,5,3,0.57,0.1428571428571428,0.0,0.1428571428571428,0.2857142857142857,0.0,0.0,0.0,0.0,0.0,0.0,0.0,0.0,0.0,0.0,0.09090909090909091,0.09090909090909091
9,8,13,0.56,0.0,0.0,0.1111111111111111,0.1111111111111111,0.0,0.0,0.0,0.0,0.0,0.0,0.0,0.0,0.0,0.0,0.0,0.0
13,5,6,0.54,0.07692307692307693,0.0,0.1538461538461539,0.2307692307692308,0.0,0.0,0.0,0.0,0.0,0.0,0.0,0.0,0.0,0.0,0.04347826086956522,0.04347826086956522
6,8,13,0.67,0.0,0.0,0.1666666666666667,0.1666666666666667,0.0,0.0,0.0,0.0,0.0,0.0,0.0,0.0,0.1111111111111111,0.0,0.0,0.0
6,3,4,0.5,0.0,0.3333333333333333,0.0,0.0,0.0,0.0,0.0,0.0,0.0,0.0,0.0,0.0,0.0,0.0,0.0,0.0
11,9,11,0.73,0.09090909090909091,0.09090909090909091,0.2727272727272727,0.0,0.0,0.1,0.0,0.1,0.0,0.0,0.6680565260140084,0.4625065378682232,0.0,0.05263157894736842,0.0,0.05263157894736842
2,7,7,1.0,0.0,0.0,0.0,0.0,0.0,0.0,0.0,0.0,0.0,0.0,0.0,0.0,0.0,0.0,0.0,0.0
2,7,2,0.5,0.0,0.0,0.0,0.0,0.0,0.0,0.0,0.0,0.0,0.0,0.0,0.0,0.0,0.0,0.0,0.0
3,9,19,0.67,0.0,0.3333333333333333,0.0,0.0,0.0,0.0,0.0,0.0,0.0,0.0,0.0,0.0,0.0,0.0,0.0,0.0
8,9,12,0.75,0.0,0.125,0.25,0.125,0.0,0.0,0.0,0.0,0.0,0.0,0.0,0.0,0.07692307692307693,0.0,0.0,0.0
4,9,4,0.75,0.0,0.25,0.25,0.0,0.0,0.0,0.0,0.0,4.128194019844228,0.0,0.0,0.0,0.0,0.0,0.0,0.0
4,15,12,0.5,0.0,0.0,0.5,0.0,0.0,0.3333333333333333,0.0,0.0,0.0,0.0,4.128194019844228,0.0,0.0,0.2,0.0,0.0
9,4,4,0.89,0.0,0.0,0.2222222222222222,0.0,0.125,0.0,0.0,0.0,0.0,0.6521809953226201,0.0,0.0,0.06666666666666667,0.0,0.0,0.0
9,8,3,0.33,0.0,0.1111111111111111,0.1111111111111111,0.3333333333333333,0.0,0.0,0.125,0.0,0.0,0.0,0.0,0.0,0.0,0.0,0.1333333333333333,0.0
7,17,16,0.43,0.0,0.0,0.1428571428571428,0.2857142857142857,0.0,0.0,0.0,0.0,0.0,0.0,0.0,0.0,0.0,0.0,0.09090909090909091,0.0
6,17,3,0.5,0.0,0.0,0.1666666666666667,0.3333333333333333,0.0,0.0,0.0,0.0,0.0,0.0,0.0,0.0,0.0,0.0,0.1111111111111111,0.0
4,8,8,0.25,0.0,0.0,0.0,0.5,0.0,0.0,0.0,0.0,0.0,0.0,0.0,0.0,0.0,0.0,0.0,0.0
7,8,13,0.29,0.0,0.0,0.1428571428571428,0.2857142857142857,0.0,0.0,0.1666666666666667,0.0,0.0,0.0,0.0,0.0,0.0,0.0,0.09090909090909091,0.0
6,17,19,0.33,0.0,0.0,0.1666666666666667,0.0,0.0,0.0,0.0,0.0,0.0,0.0,0.0,0.0,0.0,0.0,0.0,0.0
3,4,3,0.67,0.0,0.0,0.3333333333333333,0.0,0.0,0.0,0.0,0.0,0.0,0.0,0.0,0.0,0.0,0.0,0.0,0.0
7,2,19,0.29,0.0,0.0,0.1428571428571428,0.0,0.0,0.0,0.0,0.0,0.0,0.0,0.0,0.0,0.0,0.0,0.0,0.0
6,14,9,0.17,0.0,0.1666666666666667,0.0,0.0,0.0,0.0,0.0,0.0,0.0,0.0,0.0,0.0,0.0,0.0,0.0,0.0
4,0,13,0.75,0.0,0.0,0.25,0.0,0.0,0.0,0.0,0.0,0.0,0.0,0.0,0.0,0.2,0.0,0.0,0.0
10,16,19,0.4,0.0,0.0,0.2,0.1,0.0,0.0,0.0,0.0,0.0,0.0,0.0,0.0,0.05882352941176471,0.0,0.0,0.0
9,2,5,0.44,0.1111111111111111,0.1111111111111111,0.1111111111111111,0.0,0.0,0.0,0.0,0.0,0.0,0.0,0.0,0.0,0.0,0.0,0.0,0.0
8,8,9,0.38,0.0,0.125,0.125,0.25,0.0,0.0,0.1428571428571428,0.0,0.0,0.0,0.0,0.0,0.0,0.0,0.07692307692307693,0.0
13,17,17,0.92,0.1538461538461539,0.07692307692307693,0.2307692307692308,0.0,0.0,0.0,0.0,0.1666666666666667,0.0,0.0,0.0,0.7163281859162193,0.0,0.0,0.0,0.08695652173913043
2,15,11,0.0,0.0,0.0,0.0,0.0,0.0,0.0,0.0,0.0,0.0,0.0,0.0,0.0,0.0,0.0,0.0,0.0
5,12,9,0.6,0.0,0.2,0.2,0.0,0.0,0.0,0.0,0.0,0.0,0.0,0.0,0.0,0.0,0.0,0.0,0.0
7,17,9,0.57,0.0,0.4285714285714285,0.0,0.0,0.0,0.0,0.0,0.0,0.0,0.0,0.0,0.0,0.0,0.0,0.0,0.0
6,8,13,0.67,0.0,0.1666666666666667,0.1666666666666667,0.1666666666666667,0.0,0.0,0.0,0.0,0.0,0.0,0.0,0.0,0.1111111111111111,0.0,0.0,0.0
8,15,3,0.38,0.0,0.25,0.0,0.0,0.0,0.0,0.0,0.0,0.0,0.0,0.0,0.0,0.0,0.0,0.0,0.0
7,8,19,0.43,0.0,0.0,0.1428571428571428,0.1428571428571428,0.0,0.0,0.0,0.0,0.0,0.0,0.0,0.0,0.0,0.09090909090909091,0.0,0.0
9,0,9,0.67,0.0,0.1111111111111111,0.1111111111111111,0.0,0.0,0.0,0.0,0.0,0.0,0.0,0.0,0.0,0.0,0.0,0.0,0.0
10,0,13,0.6,0.0,0.1,0.1,0.0,0.0,0.0,0.0,0.0,0.0,0.0,0.0,0.0,0.0,0.0,0.0,0.0
7,13,11,0.43,0.0,0.1428571428571428,0.0,0.0,0.0,0.0,0.0,0.0,0.0,0.0,0.0,0.0,0.0,0.0,0.0,0.0
17,0,11,0.41,0.0,0.0,0.1764705882352941,0.1764705882352941,0.0,0.0,0.0625,0.0,0.0,0.0,0.0,0.0,0.03225806451612903,0.0,0.03225806451612903,0.0
5,11,4,0.6,0.0,0.4,0.0,0.0,0.0,0.0,0.0,0.0,0.0,0.0,0.0,0.0,0.0,0.0,0.0,0.0
7,4,9,0.43,0.0,0.1428571428571428,0.0,0.0,0.0,0.0,0.0,0.0,0.0,0.0,0.0,0.0,0.0,0.0,0.0,0.0
7,8,18,0.57,0.0,0.1428571428571428,0.1428571428571428,0.1428571428571428,0.0,0.0,0.0,0.0,0.0,0.0,0.0,0.0,0.0,0.0,0.0,0.0
8,3,2,0.12,0.0,0.0,0.0,0.25,0.0,0.0,0.1428571428571428,0.0,0.0,0.0,0.0,0.0,0.0,0.0,0.07692307692307693,0.0
8,3,3,0.0,0.0,0.0,0.0,0.0,0.0,0.0,0.0,0.0,0.0,0.0,0.0,0.0,0.0,0.0,0.0,0.0
8,9,9,0.75,0.0,0.25,0.375,0.0,0.0,0.0,0.0,0.0,0.0,0.0,0.0,0.0,0.0,0.0,0.0,0.0
7,17,12,0.86,0.0,0.1428571428571428,0.4285714285714285,0.0,0.0,0.0,0.0,0.0,0.0,0.0,0.0,0.0,0.0,0.0,0.0,0.0
8,17,3,0.75,0.0,0.125,0.375,0.0,0.0,0.0,0.0,0.0,0.0,0.0,0.0,0.0,0.0,0.0,0.0,0.0
7,4,9,0.71,0.0,0.1428571428571428,0.2857142857142857,0.0,0.0,0.0,0.0,0.0,0.0,0.0,0.0,0.0,0.0,0.0,0.0,0.0
9,7,11,0.56,0.0,0.2222222222222222,0.0,0.0,0.0,0.0,0.0,0.0,0.0,0.0,0.0,0.0,0.0,0.0,0.0,0.0
10,17,8,0.9,0.2,0.0,0.2,0.1,0.1111111111111111,0.0,0.0,0.0,0.0,0.544128004872977,0.0,0.0,0.05882352941176471,0.0,0.0,0.0
6,6,9,0.83,0.0,0.5,0.3333333333333333,0.0,0.0,0.0,0.0,0.0,0.0,0.0,0.0,0.0,0.0,0.0,0.0,0.0
3,12,13,0.67,0.0,0.0,0.6666666666666666,0.0,0.0,0.0,0.0,0.0,0.0,0.0,0.0,0.0,0.0,0.0,0.0,0.0
3,11,3,0.0,0.0,0.0,0.0,0.0,0.0,0.0,0.0,0.0,0.0,0.0,0.0,0.0,0.0,0.0,0.0,0.0
16,0,19,0.44,0.0,0.0625,0.125,0.0625,0.0,0.06666666666666667,0.0,0.0,0.0,0.0,0.3596489234741682,0.0,0.0,0.06896551724137931,0.0,0.0
4,9,16,0.75,0.0,0.25,0.0,0.0,0.0,0.0,0.0,0.0,0.0,0.0,0.0,0.0,0.0,0.0,0.0,0.0
3,4,5,1.0,0.3333333333333333,0.0,0.0,0.0,0.0,0.0,0.0,0.0,0.0,0.0,0.0,0.0,0.0,0.0,0.0,0.0
11,12,9,0.73,0.09090909090909091,0.2727272727272727,0.1818181818181818,0.0,0.1,0.0,0.0,0.0,0.0,0.4625065378682232,0.0,0.0,0.05263157894736842,0.0,0.0,0.0
10,3,12,0.7,0.0,0.1,0.2,0.0,0.0,0.0,0.0,0.0,0.0,0.0,0.0,0.0,0.05882352941176471,0.0,0.0,0.0
11,13,0,0.73,0.09090909090909091,0.1818181818181818,0.1818181818181818,0.0,0.0,0.0,0.0,0.0,0.0,0.0,0.0,0.0,0.0,0.0,0.0,0.0
4,7,4,0.75,0.0,0.0,0.25,0.0,0.0,0.0,0.0,0.0,0.0,0.0,0.0,0.0,0.0,0.0,0.0,0.0
3,17,7,0.67,0.0,0.0,0.0,0.0,0.0,0.0,0.0,0.0,0.0,0.0,0.0,0.0,0.0,0.0,0.0,0.0
2,7,6,0.5,0.0,0.0,0.0,0.0,0.0,0.0,0.0,0.0,0.0,0.0,0.0,0.0,0.0,0.0,0.0,0.0
3,5,12,0.67,0.3333333333333333,0.0,0.3333333333333333,0.0,0.0,0.5,0.0,0.0,0.0,0.0,7.600387774580766,0.0,0.0,0.3333333333333333,0.0,0.3333333333333333
2,6,7,0.5,0.0,0.0,0.0,0.0,0.0,0.0,0.0,0.0,0.0,0.0,0.0,0.0,0.0,0.0,0.0,0.0
3,6,19,0.33,0.0,0.0,0.3333333333333333,0.0,0.0,0.0,0.0,0.0,0.0,0.0,0.0,0.0,0.0,0.0,0.0,0.0
4,6,6,0.5,0.25,0.0,0.25,0.0,0.0,0.0,0.0,0.0,0.0,0.0,0.0,0.0,0.0,0.0,0.0,0.0
2,9,7,1.0,0.0,0.5,0.0,0.0,0.0,0.0,0.0,0.0,0.0,0.0,0.0,0.0,0.0,0.0,0.0,0.0
3,15,19,0.33,0.0,0.0,0.3333333333333333,0.0,0.0,0.0,0.0,0.0,0.0,0.0,0.0,0.0,0.0,0.0,0.0,0.0
3,19,6,0.33,0.0,0.0,0.3333333333333333,0.0,0.0,0.5,0.0,0.0,7.600387774580766,0.0,7.600387774580766,0.0,0.0,0.3333333333333333,0.0,0.0
8,9,11,0.5,0.125,0.125,0.25,0.125,0.0,0.0,0.0,0.0,0.0,0.0,0.0,0.0,0.0,0.0,0.0,0.0
6,9,0,0.83,0.0,0.1666666666666667,0.1666666666666667,0.0,0.0,0.0,0.0,0.0,0.0,0.0,0.0,0.0,0.0,0.0,0.0,0.0
5,7,12,0.6,0.0,0.0,0.2,0.2,0.0,0.0,0.0,0.0,0.0,0.0,0.0,0.0,0.0,0.1428571428571428,0.0,0.0
4,3,3,0.25,0.0,0.25,0.0,0.0,0.0,0.0,0.0,0.0,0.0,0.0,0.0,0.0,0.0,0.0,0.0,0.0
8,4,15,0.62,0.125,0.0,0.125,0.0,0.0,0.0,0.0,0.0,0.0,0.0,0.0,0.0,0.0,0.0,0.0,0.0
7,5,18,0.71,0.1428571428571428,0.1428571428571428,0.1428571428571428,0.0,0.0,0.0,0.0,0.0,0.0,0.0,0.0,0.0,0.0,0.0,0.0,0.0
12,9,18,0.67,0.25,0.1666666666666667,0.08333333333333333,0.08333333333333333,0.0,0.0,0.0,0.0,0.0,0.0,0.0,0.0,0.0,0.0,0.0,0.0
18,17,12,0.72,0.05555555555555555,0.05555555555555555,0.3888888888888889,0.0,0.0,0.05882352941176471,0.0,0.05882352941176471,0.0,0.0,0.2967620140225105,0.2020997213932351,0.0,0.0303030303030303,0.0,0.0303030303030303
23,17,12,0.65,0.04347826086956522,0.08695652173913043,0.3478260869565217,0.0,0.0,0.04545454545454546,0.0,0.04545454545454546,0.0,0.0,0.1993309562376894,0.1340950949904482,0.0,0.02325581395348837,0.0,0.02325581395348837
5,9,12,0.4,0.0,0.2,0.2,0.0,0.0,0.0,0.0,0.0,0.0,0.0,0.0,0.0,0.0,0.0,0.0,0.0
8,12,2,0.38,0.125,0.0,0.125,0.125,0.0,0.0,0.0,0.0,0.0,0.0,0.0,0.0,0.0,0.0,0.0,0.0
13,4,2,0.38,0.07692307692307693,0.0,0.07692307692307693,0.07692307692307693,0.0,0.0,0.0,0.0,0.0,0.0,0.0,0.0,0.0,0.0,0.0,0.0
17,16,0,0.35,0.05882352941176471,0.05882352941176471,0.05882352941176471,0.05882352941176471,0.0,0.0,0.0,0.0,0.0,0.0,0.0,0.0,0.0,0.03225806451612903,0.0,0.0
10,6,18,0.3,0.0,0.0,0.1,0.1,0.0,0.0,0.0,0.0,0.0,0.0,0.0,0.0,0.0,0.0,0.0,0.0
9,6,8,0.22,0.0,0.0,0.1111111111111111,0.1111111111111111,0.0,0.0,0.0,0.0,0.0,0.0,0.0,0.0,0.0,0.0,0.0,0.0
6,2,8,0.33,0.0,0.0,0.1666666666666667,0.1666666666666667,0.0,0.0,0.0,0.0,0.0,0.0,0.0,0.0,0.0,0.0,0.0,0.0
3,18,2,0.67,0.3333333333333333,0.0,0.0,0.0,0.0,0.0,0.0,0.0,0.0,0.0,0.0,0.0,0.0,0.0,0.0,0.0
6,12,19,0.33,0.0,0.0,0.1666666666666667,0.1666666666666667,0.0,0.0,0.0,0.0,0.0,0.0,0.0,0.0,0.0,0.0,0.0,0.0
5,7,2,0.4,0.2,0.0,0.0,0.2,0.0,0.0,0.0,0.0,0.0,0.0,0.0,0.0,0.0,0.0,0.0,0.0
5,7,2,0.6,0.2,0.0,0.0,0.2,0.0,0.0,0.0,0.0,0.0,0.0,0.0,0.0,0.0,0.0,0.0,0.0
4,8,18,0.5,0.0,0.0,0.0,0.25,0.0,0.0,0.0,0.0,0.0,0.0,0.0,0.0,0.0,0.0,0.0,0.0
3,17,8,0.33,0.0,0.0,0.0,0.3333333333333333,0.0,0.0,0.0,0.0,0.0,0.0,0.0,0.0,0.0,0.0,0.0,0.0
6,8,19,0.33,0.0,0.0,0.0,0.1666666666666667,0.0,0.0,0.0,0.0,0.0,0.0,0.0,0.0,0.0,0.0,0.0,0.0
7,15,19,0.57,0.0,0.1428571428571428,0.1428571428571428,0.0,0.1666666666666667,0.0,0.0,0.0,0.0,1.013041035632833,0.0,0.0,0.09090909090909091,0.0,0.0,0.0
3,9,12,0.67,0.0,0.3333333333333333,0.3333333333333333,0.0,0.0,0.0,0.0,0.0,0.0,0.0,0.0,0.0,0.0,0.0,0.0,0.0
5,10,15,0.6,0.0,0.4,0.0,0.0,0.0,0.0,0.0,0.0,0.0,0.0,0.0,0.0,0.0,0.0,0.0,0.0
5,11,12,0.4,0.0,0.0,0.2,0.0,0.0,0.0,0.0,0.0,0.0,0.0,0.0,0.0,0.0,0.0,0.0,0.0
9,7,13,0.33,0.0,0.0,0.1111111111111111,0.0,0.0,0.0,0.0,0.0,0.0,0.0,0.0,0.0,0.0,0.0,0.0,0.0
4,11,5,0.75,0.25,0.25,0.0,0.0,0.0,0.0,0.0,0.0,0.0,0.0,0.0,0.0,0.0,0.0,0.0,0.0
4,17,19,0.5,0.25,0.0,0.0,0.0,0.0,0.0,0.0,0.0,0.0,0.0,0.0,0.0,0.0,0.0,0.0,0.0
8,17,2,0.62,0.0,0.0,0.25,0.125,0.0,0.0,0.0,0.0,0.0,0.0,0.0,0.0,0.0,0.0,0.0,0.0
10,4,4,0.5,0.0,0.1,0.1,0.0,0.0,0.0,0.0,0.0,0.0,0.0,0.0,0.0,0.0,0.05882352941176471,0.0,0.0
7,4,3,0.57,0.0,0.1428571428571428,0.1428571428571428,0.0,0.0,0.0,0.0,0.0,0.0,0.0,0.0,0.0,0.0,0.0,0.0,0.0
3,8,4,0.67,0.0,0.0,0.0,0.3333333333333333,0.0,0.0,0.0,0.0,0.0,0.0,0.0,0.0,0.0,0.0,0.0,0.0
3,10,14,0.33,0.0,0.0,0.0,0.3333333333333333,0.0,0.0,0.0,0.0,0.0,0.0,0.0,0.0,0.0,0.0,0.0,0.0
3,0,8,0.67,0.0,0.0,0.0,0.3333333333333333,0.0,0.0,0.0,0.0,0.0,0.0,0.0,0.0,0.0,0.0,0.0,0.0
3,0,4,0.67,0.0,0.0,0.0,0.3333333333333333,0.0,0.0,0.0,0.0,0.0,0.0,0.0,0.0,0.0,0.0,0.0,0.0
16,11,14,0.31,0.125,0.0625,0.0,0.0,0.0,0.0,0.0,0.0,0.0,0.0,0.0,0.0,0.0,0.0,0.0,0.0
4,17,14,0.75,0.25,0.0,0.0,0.0,0.0,0.0,0.0,0.0,0.0,0.0,0.0,0.0,0.0,0.0,0.0,0.0
4,0,9,0.75,0.0,0.5,0.0,0.0,0.0,0.0,0.0,0.0,0.0,0.0,0.0,0.0,0.0,0.0,0.0,0.0
2,9,9,1.0,0.0,1.0,0.0,0.0,0.0,0.0,0.0,0.0,0.0,0.0,0.0,0.0,0.0,0.0,0.0,0.0
10,5,12,0.8,0.3,0.0,0.3,0.0,0.1111111111111111,0.0,0.0,0.1111111111111111,0.0,0.544128004872977,0.0,0.544128004872977,0.05882352941176471,0.0,0.0,0.05882352941176471
10,2,12,0.8,0.2,0.0,0.4,0.0,0.1111111111111111,0.0,0.0,0.1111111111111111,0.0,0.544128004872977,0.0,0.544128004872977,0.05882352941176471,0.0,0.0,0.1176470588235294
4,8,16,0.25,0.0,0.25,0.0,0.25,0.0,0.0,0.0,0.0,0.0,0.0,0.0,0.0,0.0,0.0,0.0,0.0
6,16,17,0.67,0.1666666666666667,0.1666666666666667,0.0,0.0,0.0,0.0,0.0,0.0,0.0,0.0,0.0,0.0,0.0,0.0,0.0,0.0
5,17,10,0.6,0.0,0.2,0.0,0.0,0.0,0.0,0.0,0.0,0.0,0.0,0.0,0.0,0.0,0.0,0.0,0.0
6,10,17,1.0,0.0,0.1666666666666667,0.0,0.0,0.0,0.0,0.0,0.0,0.0,0.0,0.0,0.0,0.0,0.0,0.0,0.0
7,5,12,0.57,0.1428571428571428,0.1428571428571428,0.1428571428571428,0.0,0.0,0.0,0.0,0.0,0.0,0.0,0.0,0.0,0.0,0.0,0.0,0.0
3,9,13,0.33,0.0,0.3333333333333333,0.0,0.0,0.0,0.0,0.0,0.0,0.0,0.0,0.0,0.0,0.0,0.0,0.0,0.0
3,19,11,0.33,0.0,0.0,0.0,0.0,0.0,0.0,0.0,0.0,0.0,0.0,0.0,0.0,0.0,0.0,0.0,0.0
5,9,10,0.8,0.0,0.2,0.0,0.0,0.0,0.0,0.0,0.0,0.0,0.0,0.0,0.0,0.0,0.0,0.0,0.0
7,19,8,0.57,0.1428571428571428,0.2857142857142857,0.0,0.1428571428571428,0.0,0.0,0.0,0.0,0.0,0.0,0.0,0.0,0.0,0.0,0.0,0.0
18,0,6,0.56,0.1111111111111111,0.1666666666666667,0.1111111111111111,0.0,0.0,0.0,0.0,0.0,0.0,0.0,0.0,0.0,0.0303030303030303,0.0,0.0,0.0
12,9,9,0.83,0.08333333333333333,0.1666666666666667,0.4166666666666667,0.08333333333333333,0.0,0.0,0.0,0.0,0.0,0.0,0.0,0.0,0.0,0.0,0.0,0.04761904761904762
5,6,16,0.6,0.0,0.4,0.0,0.0,0.0,0.0,0.0,0.0,0.0,0.0,0.0,0.0,0.0,0.0,0.0,0.0
6,10,6,0.5,0.0,0.0,0.0,0.0,0.0,0.0,0.0,0.0,0.0,0.0,0.0,0.0,0.0,0.0,0.0,0.0
6,14,12,0.67,0.1666666666666667,0.1666666666666667,0.1666666666666667,0.0,0.0,0.0,0.0,0.2,0.0,0.0,0.0,1.337554771413759,0.1111111111111111,0.0,0.0,0.1111111111111111
5,3,12,0.6,0.0,0.2,0.2,0.0,0.25,0.0,0.0,0.0,0.0,1.877504021287143,0.0,0.0,0.1428571428571428,0.0,0.0,0.0
9,19,14,0.44,0.0,0.1111111111111111,0.1111111111111111,0.0,0.0,0.0,0.0,0.0,0.9377401515398738,0.0,0.0,0.0,0.06666666666666667,0.0,0.0,0.0
4,9,19,0.5,0.0,0.25,0.25,0.0,0.0,0.0,0.0,0.0,0.0,0.0,0.0,0.0,0.0,0.0,0.0,0.0
5,3,17,0.8,0.2,0.2,0.0,0.0,0.0,0.0,0.0,0.0,0.0,0.0,0.0,0.0,0.0,0.0,0.0,0.0
6,11,10,0.5,0.0,0.0,0.0,0.1666666666666667,0.0,0.0,0.0,0.0,0.0,0.0,0.0,0.0,0.0,0.0,0.0,0.0
6,9,11,0.83,0.0,0.1666666666666667,0.1666666666666667,0.0,0.2,0.0,0.0,0.0,0.0,1.337554771413759,0.0,0.0,0.1111111111111111,0.0,0.0,0.0
5,16,18,0.4,0.0,0.2,0.0,0.0,0.0,0.0,0.0,0.0,0.0,0.0,0.0,0.0,0.0,0.0,0.0,0.0
3,6,4,0.67,0.0,0.3333333333333333,0.0,0.0,0.0,0.0,0.0,0.0,0.0,0.0,0.0,0.0,0.0,0.0,0.0,0.0
4,19,18,0.75,0.25,0.25,0.0,0.0,0.0,0.0,0.0,0.0,0.0,0.0,0.0,0.0,0.0,0.0,0.0,0.0
4,12,4,0.75,0.25,0.0,0.25,0.0,0.0,0.0,0.0,0.0,0.0,0.0,0.0,0.0,0.0,0.0,0.0,0.0
5,17,4,1.0,0.0,0.0,0.2,0.0,0.0,0.0,0.0,0.0,0.0,0.0,0.0,0.0,0.1428571428571428,0.0,0.0,0.0
5,9,6,0.4,0.0,0.2,0.2,0.0,0.0,0.0,0.0,0.0,2.675538471877458,0.0,0.0,0.0,0.0,0.1428571428571428,0.0,0.0
5,9,6,0.4,0.0,0.2,0.2,0.0,0.0,0.0,0.0,0.0,2.675538471877458,0.0,0.0,0.0,0.0,0.1428571428571428,0.0,0.0
4,6,12,0.75,0.0,0.5,0.25,0.0,0.0,0.0,0.0,0.0,0.0,0.0,0.0,0.0,0.0,0.0,0.0,0.0
4,7,9,0.75,0.0,0.5,0.0,0.0,0.0,0.0,0.0,0.0,0.0,0.0,0.0,0.0,0.0,0.0,0.0,0.0
4,17,12,0.5,0.0,0.0,0.25,0.0,0.0,0.0,0.0,0.0,0.0,0.0,0.0,0.0,0.0,0.0,0.0,0.0
4,6,12,0.5,0.0,0.0,0.25,0.0,0.0,0.0,0.0,0.0,0.0,0.0,0.0,0.0,0.0,0.0,0.0,0.0
9,5,3,0.56,0.1111111111111111,0.2222222222222222,0.1111111111111111,0.0,0.0,0.0,0.0,0.0,0.0,0.0,0.0,0.0,0.0,0.0,0.0,0.0
10,7,9,0.8,0.2,0.3,0.1,0.0,0.0,0.0,0.0,0.0,0.0,0.0,0.0,0.0,0.0,0.0,0.0,0.0
3,8,17,0.33,0.0,0.0,0.0,0.3333333333333333,0.0,0.0,0.0,0.0,0.0,0.0,0.0,0.0,0.0,0.0,0.0,0.0
7,9,14,0.43,0.0,0.2857142857142857,0.0,0.0,0.0,0.0,0.0,0.0,0.0,0.0,0.0,0.0,0.0,0.0,0.0,0.0
6,9,4,0.5,0.0,0.3333333333333333,0.0,0.0,0.0,0.0,0.0,0.0,0.0,0.0,0.0,0.0,0.0,0.0,0.0,0.0
6,15,18,0.5,0.1666666666666667,0.0,0.0,0.0,0.0,0.0,0.0,0.0,0.0,0.0,0.0,0.0,0.0,0.0,0.0,0.0
5,0,6,0.4,0.0,0.0,0.0,0.0,0.0,0.0,0.0,0.0,0.0,0.0,0.0,0.0,0.0,0.0,0.0,0.0
7,9,3,0.43,0.1428571428571428,0.2857142857142857,0.0,0.1428571428571428,0.0,0.0,0.0,0.0,0.0,0.0,0.0,0.0,0.0,0.0,0.0,0.0
5,14,12,0.6,0.0,0.0,0.2,0.0,0.0,0.0,0.0,0.0,0.0,0.0,0.0,0.0,0.0,0.0,0.0,0.0
13,13,12,0.46,0.1538461538461539,0.0,0.2307692307692308,0.07692307692307693,0.0,0.0,0.0,0.08333333333333333,0.5059745510527226,0.0,0.0,0.3486789197377017,0.0,0.0,0.0,0.08695652173913043
9,5,14,0.44,0.1111111111111111,0.0,0.1111111111111111,0.1111111111111111,0.0,0.0,0.0,0.0,0.0,0.0,0.0,0.0,0.0,0.0,0.0,0.0
8,17,17,0.5,0.125,0.0,0.125,0.125,0.0,0.0,0.0,0.0,0.0,0.0,0.0,0.0,0.0,0.0,0.0,0.0
4,12,5,1.0,0.25,0.0,0.25,0.0,0.0,0.0,0.0,0.0,0.0,0.0,0.0,0.0,0.0,0.0,0.0,0.0
8,5,5,0.75,0.375,0.0,0.125,0.0,0.0,0.0,0.0,0.0,0.0,0.0,0.0,0.0,0.0,0.0,0.0,0.07692307692307693
4,9,0,0.75,0.0,0.25,0.0,0.0,0.0,0.0,0.0,0.0,0.0,0.0,0.0,0.0,0.0,0.0,0.0,0.0
8,14,8,0.5,0.0,0.125,0.0,0.125,0.0,0.0,0.0,0.0,0.0,0.0,0.0,0.0,0.0,0.0,0.0,0.0
11,10,4,0.82,0.0,0.09090909090909091,0.2727272727272727,0.09090909090909091,0.0,0.0,0.0,0.0,0.0,0.0,0.0,0.0,0.0,0.0,0.0,0.0
4,17,12,1.0,0.0,0.0,0.25,0.0,0.3333333333333333,0.0,0.0,0.0,0.0,2.903253436546509,0.0,0.0,0.4,0.0,0.0,0.0
4,12,12,1.0,0.0,0.25,0.5,0.0,0.3333333333333333,0.0,0.0,0.0,0.0,2.903253436546509,0.0,0.0,0.2,0.0,0.0,0.0
3,0,0,1.0,0.0,0.0,0.0,0.0,0.0,0.0,0.0,0.0,0.0,0.0,0.0,0.0,0.0,0.0,0.0,0.0
4,0,12,0.75,0.0,0.0,0.25,0.0,0.0,0.0,0.0,0.0,0.0,0.0,0.0,0.0,0.2,0.0,0.0,0.0
3,0,12,0.67,0.0,0.0,0.3333333333333333,0.0,0.0,0.0,0.0,0.0,0.0,0.0,0.0,0.0,0.3333333333333333,0.0,0.0,0.0
4,0,16,0.75,0.0,0.0,0.0,0.0,0.0,0.0,0.0,0.0,0.0,0.0,0.0,0.0,0.0,0.0,0.0,0.0
2,17,0,1.0,0.0,0.0,0.0,0.0,0.0,0.0,0.0,0.0,0.0,0.0,0.0,0.0,0.0,0.0,0.0,0.0
7,0,5,0.86,0.2857142857142857,0.0,0.1428571428571428,0.0,0.0,0.0,0.0,0.0,0.0,0.0,0.0,0.0,0.09090909090909091,0.0,0.0,0.0
6,4,5,0.67,0.1666666666666667,0.0,0.0,0.0,0.0,0.0,0.0,0.0,0.0,0.0,0.0,0.0,0.0,0.0,0.0,0.0
7,15,12,0.71,0.1428571428571428,0.0,0.1428571428571428,0.0,0.0,0.0,0.0,0.0,0.0,0.0,0.0,0.0,0.0,0.0,0.0,0.09090909090909091
10,5,0,0.9,0.5,0.0,0.2,0.0,0.0,0.0,0.0,0.1111111111111111,0.0,0.0,0.0,0.544128004872977,0.0,0.0,0.0,0.1176470588235294
8,18,9,0.62,0.25,0.125,0.125,0.0,0.0,0.0,0.0,0.1428571428571428,0.0,0.0,0.0,0.8003606431765009,0.0,0.0,0.0,0.07692307692307693
8,5,13,0.62,0.375,0.0,0.25,0.0,0.0,0.0,0.0,0.2857142857142857,0.0,0.0,0.0,1.625559300217166,0.0,0.0,0.0,0.1538461538461539
7,15,5,0.71,0.4285714285714285,0.0,0.1428571428571428,0.0,0.0,0.0,0.0,0.0,0.0,0.0,0.0,0.0,0.0,0.0,0.0,0.0
4,0,19,0.5,0.0,0.0,0.0,0.0,0.0,0.0,0.0,0.0,0.0,0.0,0.0,0.0,0.0,0.0,0.0,0.0
6,16,11,0.67,0.1666666666666667,0.0,0.3333333333333333,0.0,0.0,0.0,0.0,0.2,0.0,0.0,0.0,1.337554771413759,0.0,0.0,0.0,0.1111111111111111
4,15,13,0.5,0.0,0.25,0.25,0.0,0.0,0.0,0.0,0.0,0.0,0.0,0.0,0.0,0.0,0.0,0.0,0.0
4,15,8,0.25,0.0,0.0,0.25,0.25,0.0,0.0,0.0,0.0,0.0,0.0,0.0,0.0,0.0,0.0,0.0,0.0
26,17,14,0.62,0.03846153846153846,0.1538461538461539,0.03846153846153846,0.0,0.04,0.0,0.0,0.0,0.0,0.1091201024611579,0.0,0.0,0.02040816326530612,0.0,0.0,0.0
8,7,8,0.5,0.0,0.0,0.0,0.125,0.0,0.0,0.0,0.0,0.0,0.0,0.0,0.0,0.0,0.0,0.0,0.0
6,14,9,0.33,0.0,0.3333333333333333,0.0,0.0,0.0,0.0,0.0,0.0,0.0,0.0,0.0,0.0,0.0,0.0,0.0,0.0
4,10,9,0.75,0.0,0.25,0.0,0.0,0.0,0.0,0.0,0.0,0.0,0.0,0.0,0.0,0.0,0.0,0.0,0.0
2,8,17,0.5,0.0,0.0,0.0,0.5,0.0,0.0,0.0,0.0,0.0,0.0,0.0,0.0,0.0,0.0,0.0,0.0
18,19,17,0.56,0.0,0.1111111111111111,0.1666666666666667,0.0,0.0,0.05882352941176471,0.0,0.0,0.0,0.0,0.2967620140225105,0.0,0.0,0.0303030303030303,0.0,0.0
20,3,9,0.5,0.0,0.1,0.2,0.05,0.0,0.05263157894736842,0.0,0.0,0.0,0.0,0.2500395326083078,0.0,0.0,0.02702702702702703,0.0,0.0
22,15,16,0.68,0.04545454545454546,0.1363636363636364,0.3181818181818182,0.0,0.0,0.04761904761904762,0.0,0.04761904761904762,0.0,0.0,0.2142193993607565,0.1444693216018378,0.0,0.02439024390243903,0.0,0.02439024390243903
21,9,16,0.71,0.04761904761904762,0.1428571428571428,0.3333333333333333,0.0,0.0,0.05,0.0,0.05,0.0,0.0,0.2310040063783165,0.1561735710511602,0.0,0.02564102564102564,0.0,0.02564102564102564
5,19,15,0.6,0.4,0.0,0.0,0.0,0.0,0.0,0.0,0.0,0.0,0.0,0.0,0.0,0.0,0.0,0.0,0.0
5,15,14,0.2,0.0,0.0,0.2,0.0,0.0,0.0,0.0,0.0,0.0,0.0,0.0,0.0,0.0,0.0,0.0,0.0
8,5,9,0.75,0.125,0.125,0.125,0.0,0.0,0.0,0.0,0.0,0.0,0.0,0.0,0.0,0.0,0.07692307692307693,0.0,0.0
14,13,12,0.57,0.07142857142857142,0.07142857142857142,0.1428571428571428,0.0,0.0,0.07692307692307693,0.0,0.0,0.0,0.0,0.4477401208959666,0.0,0.04,0.08,0.0,0.0
30,13,18,0.4,0.03333333333333333,0.03333333333333333,0.1333333333333333,0.03333333333333333,0.03448275862068965,0.0,0.0,0.0,0.0,0.08565775035007982,0.0,0.0,0.01754385964912281,0.0,0.0,0.0
7,5,8,0.14,0.1428571428571428,0.0,0.0,0.1428571428571428,0.0,0.0,0.0,0.0,0.0,0.0,0.0,0.0,0.0,0.0,0.0,0.0
4,5,11,0.25,0.25,0.0,0.0,0.0,0.0,0.0,0.0,0.0,0.0,0.0,0.0,0.0,0.0,0.0,0.0,0.0
7,8,13,0.57,0.0,0.0,0.2857142857142857,0.1428571428571428,0.0,0.1666666666666667,0.0,0.0,0.0,0.0,1.450062043371467,0.0,0.09090909090909091,0.09090909090909091,0.0,0.0
6,0,13,0.67,0.0,0.0,0.3333333333333333,0.0,0.0,0.2,0.0,0.0,0.0,0.0,1.91030777304933,0.0,0.1111111111111111,0.1111111111111111,0.0,0.0
5,13,9,0.4,0.0,0.4,0.0,0.0,0.0,0.0,0.0,0.0,0.0,0.0,0.0,0.0,0.0,0.0,0.0,0.0
15,8,9,0.4,0.0,0.1333333333333333,0.1333333333333333,0.06666666666666667,0.0,0.07142857142857142,0.0,0.0,0.0,0.0,0.3997489764652268,0.0,0.0,0.03703703703703703,0.0,0.0
18,12,3,0.56,0.0,0.1666666666666667,0.2222222222222222,0.05555555555555555,0.0,0.0,0.0,0.0,0.0,0.0,0.0,0.0,0.0,0.0,0.0,0.0
28,9,8,0.68,0.03571428571428571,0.1071428571428571,0.25,0.03571428571428571,0.0,0.0,0.0,0.0,0.0,0.0,0.0,0.0,0.0,0.0,0.0,0.0
54,9,15,0.35,0.01851851851851852,0.05555555555555555,0.09259259259259259,0.07407407407407407,0.0,0.01886792452830189,0.01886792452830189,0.01886792452830189,0.0,0.0,0.04957898992637832,0.03058212957811376,0.0,0.009523809523809525,0.009523809523809525,0.009523809523809525
82,9,8,0.46,0.02439024390243903,0.07317073170731707,0.1463414634146341,0.06097560975609756,0.0,0.01234567901234568,0.01234567901234568,0.01234567901234568,0.0,0.0,0.02445837299733104,0.01366249818093964,0.0,0.006211180124223602,0.006211180124223602,0.006211180124223602
27,2,15,0.52,0.03703703703703703,0.07407407407407407,0.1851851851851852,0.03703703703703703,0.0,0.03846153846153846,0.0,0.03846153846153846,0.0,0.0,0.1537484193967254,0.1023899531733767,0.0,0.0196078431372549,0.0,0.0196078431372549
7,9,16,0.71,0.0,0.1428571428571428,0.1428571428571428,0.0,0.0,0.1666666666666667,0.0,0.0,0.0,0.0,1.450062043371467,0.0,0.0,0.09090909090909091,0.0,0.0
5,17,8,0.8,0.0,0.0,0.4,0.2,0.0,0.0,0.0,0.0,0.0,0.0,0.0,0.0,0.0,0.0,0.0,0.0
5,3,8,0.6,0.0,0.0,0.4,0.2,0.25,0.0,0.0,0.0,0.0,1.877504021287143,0.0,0.0,0.2857142857142857,0.0,0.0,0.0
6,12,8,0.83,0.0,0.0,0.5,0.1666666666666667,0.2,0.0,0.0,0.0,0.0,1.337554771413759,0.0,0.0,0.3333333333333333,0.0,0.0,0.0
6,0,9,0.83,0.0,0.1666666666666667,0.1666666666666667,0.0,0.0,0.0,0.0,0.0,0.0,0.0,0.0,0.0,0.1111111111111111,0.0,0.0,0.0
11,11,16,0.18,0.0,0.0,0.0,0.0,0.0,0.0,0.0,0.0,0.0,0.0,0.0,0.0,0.0,0.0,0.0,0.0
5,0,12,0.4,0.0,0.0,0.2,0.2,0.0,0.0,0.0,0.0,0.0,0.0,0.0,0.0,0.0,0.0,0.0,0.0
3,8,17,0.67,0.0,0.0,0.3333333333333333,0.3333333333333333,0.0,0.0,0.0,0.0,0.0,0.0,0.0,0.0,0.0,0.0,0.0,0.0
4,0,9,1.0,0.0,0.25,0.25,0.0,0.3333333333333333,0.0,0.0,0.0,0.0,2.903253436546509,0.0,0.0,0.4,0.0,0.0,0.0
4,0,0,1.0,0.0,0.25,0.25,0.0,0.3333333333333333,0.0,0.0,0.0,0.0,2.903253436546509,0.0,0.0,0.2,0.0,0.0,0.0
3,7,3,0.67,0.0,0.0,0.0,0.0,0.0,0.0,0.0,0.0,0.0,0.0,0.0,0.0,0.0,0.0,0.0,0.0
2,4,3,0.5,0.0,0.0,0.0,0.0,0.0,0.0,0.0,0.0,0.0,0.0,0.0,0.0,0.0,0.0,0.0,0.0
5,0,3,0.8,0.0,0.2,0.2,0.0,0.25,0.0,0.0,0.0,0.0,1.877504021287143,0.0,0.0,0.1428571428571428,0.0,0.0,0.0
3,17,17,0.67,0.0,0.0,0.0,0.0,0.0,0.0,0.0,0.0,0.0,0.0,0.0,0.0,0.0,0.0,0.0,0.0
6,7,5,0.83,0.1666666666666667,0.3333333333333333,0.1666666666666667,0.0,0.0,0.0,0.0,0.0,0.0,0.0,0.0,0.0,0.0,0.0,0.0,0.0
3,9,19,0.33,0.0,0.3333333333333333,0.0,0.3333333333333333,0.0,0.0,0.0,0.0,0.0,0.0,0.0,0.0,0.0,0.0,0.0,0.0
3,9,0,0.67,0.0,0.3333333333333333,0.0,0.0,0.0,0.0,0.0,0.0,0.0,0.0,0.0,0.0,0.0,0.0,0.0,0.0
5,10,19,0.8,0.0,0.2,0.2,0.0,0.0,0.0,0.0,0.0,0.0,0.0,0.0,0.0,0.0,0.0,0.0,0.0
8,9,19,0.38,0.125,0.125,0.0,0.0,0.0,0.0,0.0,0.0,0.0,0.0,0.0,0.0,0.0,0.0,0.0,0.0
2,19,14,0.0,0.0,0.0,0.0,0.0,0.0,0.0,0.0,0.0,0.0,0.0,0.0,0.0,0.0,0.0,0.0,0.0
4,19,0,0.25,0.0,0.0,0.0,0.0,0.0,0.0,0.0,0.0,0.0,0.0,0.0,0.0,0.0,0.0,0.0,0.0
5,17,16,0.4,0.0,0.0,0.0,0.0,0.0,0.0,0.0,0.0,0.0,0.0,0.0,0.0,0.0,0.0,0.0,0.0
10,7,9,0.6,0.1,0.2,0.1,0.0,0.0,0.0,0.0,0.0,0.0,0.0,0.0,0.0,0.0,0.0,0.0,0.0
14,4,2,0.5,0.2142857142857143,0.0,0.0,0.0,0.0,0.0,0.0,0.0,0.0,0.0,0.0,0.0,0.0,0.0,0.0,0.0
6,19,13,0.5,0.0,0.0,0.1666666666666667,0.0,0.2,0.0,0.0,0.0,0.0,1.337554771413759,0.0,0.0,0.1111111111111111,0.1111111111111111,0.0,0.0
4,19,12,0.5,0.0,0.0,0.25,0.0,0.3333333333333333,0.0,0.0,0.0,0.0,2.903253436546509,0.0,0.0,0.2,0.2,0.0,0.0
21,5,12,0.43,0.09523809523809523,0.04761904761904762,0.1428571428571428,0.1428571428571428,0.0,0.0,0.0,0.0,0.0,0.0,0.0,0.0,0.0,0.0,0.02564102564102564,0.0
14,14,0,0.57,0.0,0.2142857142857143,0.07142857142857142,0.0,0.0,0.0,0.0,0.0,0.0,0.0,0.0,0.0,0.0,0.0,0.0,0.0
17,14,6,0.35,0.05882352941176471,0.1176470588235294,0.0,0.0,0.0,0.0,0.0,0.0,0.0,0.0,0.0,0.0,0.0,0.0,0.0,0.0
6,6,14,0.17,0.0,0.0,0.0,0.0,0.0,0.0,0.0,0.0,0.0,0.0,0.0,0.0,0.0,0.0,0.0,0.0
5,0,7,0.8,0.0,0.0,0.0,0.0,0.0,0.0,0.0,0.0,0.0,0.0,0.0,0.0,0.0,0.0,0.0,0.0
4,17,5,1.0,0.25,0.0,0.25,0.0,0.0,0.0,0.0,0.0,0.0,0.0,0.0,0.0,0.0,0.0,0.0,0.0
5,17,5,0.8,0.4,0.0,0.2,0.0,0.0,0.25,0.0,0.0,0.0,0.0,2.675538471877458,0.0,0.0,0.1428571428571428,0.0,0.0
3,14,14,0.33,0.0,0.0,0.3333333333333333,0.0,0.0,0.0,0.0,0.0,0.0,0.0,0.0,0.0,0.0,0.0,0.0,0.0
3,3,14,0.33,0.0,0.0,0.3333333333333333,0.0,0.0,0.0,0.0,0.0,0.0,0.0,0.0,0.0,0.0,0.0,0.0,0.0
3,12,14,0.33,0.0,0.0,0.3333333333333333,0.0,0.0,0.0,0.0,0.0,0.0,0.0,0.0,0.0,0.0,0.0,0.0,0.0
4,0,12,1.0,0.25,0.25,0.25,0.0,0.0,0.0,0.0,0.0,0.0,0.0,0.0,0.0,0.0,0.0,0.0,0.2
3,5,14,0.67,0.3333333333333333,0.0,0.3333333333333333,0.0,0.0,0.0,0.0,0.5,0.0,0.0,0.0,5.356850969652425,0.0,0.0,0.0,0.3333333333333333
3,11,14,0.33,0.0,0.0,0.0,0.0,0.0,0.0,0.0,0.0,0.0,0.0,0.0,0.0,0.0,0.0,0.0,0.0
3,12,14,0.67,0.3333333333333333,0.0,0.3333333333333333,0.0,0.0,0.0,0.0,0.0,0.0,0.0,0.0,0.0,0.0,0.0,0.0,0.0
5,10,7,1.0,0.0,0.0,0.2,0.0,0.0,0.0,0.0,0.0,0.0,0.0,0.0,0.0,0.0,0.0,0.0,0.0
5,11,0,0.8,0.0,0.0,0.2,0.0,0.0,0.0,0.0,0.0,0.0,0.0,0.0,0.0,0.0,0.0,0.0,0.0
5,17,7,0.8,0.0,0.2,0.2,0.0,0.0,0.0,0.0,0.0,0.0,0.0,0.0,0.0,0.0,0.0,0.0,0.0
11,3,12,0.73,0.09090909090909091,0.09090909090909091,0.4545454545454545,0.09090909090909091,0.0,0.0,0.0,0.0,0.0,0.0,0.0,0.0,0.0,0.0,0.0,0.05263157894736842
11,3,12,0.91,0.1818181818181818,0.09090909090909091,0.5454545454545454,0.0,0.0,0.0,0.0,0.1,0.0,0.0,0.0,0.4625065378682232,0.0,0.0,0.0,0.1578947368421053
5,5,0,0.8,0.6,0.0,0.0,0.0,0.0,0.0,0.0,0.0,0.0,0.0,0.0,0.0,0.0,0.0,0.0,0.0
6,2,0,0.67,0.1666666666666667,0.0,0.0,0.0,0.0,0.0,0.0,0.0,0.0,0.0,0.0,0.0,0.0,0.0,0.0,0.0
9,8,4,0.22,0.1111111111111111,0.0,0.0,0.1111111111111111,0.0,0.0,0.0,0.0,0.0,0.0,0.0,0.0,0.0,0.0,0.0,0.0
9,5,4,0.67,0.2222222222222222,0.0,0.2222222222222222,0.0,0.0,0.0,0.0,0.0,0.0,0.0,0.0,0.0,0.0,0.0,0.0,0.06666666666666667
5,9,16,0.4,0.0,0.4,0.0,0.0,0.0,0.0,0.0,0.0,0.0,0.0,0.0,0.0,0.0,0.0,0.0,0.0
9,8,9,0.33,0.0,0.1111111111111111,0.1111111111111111,0.1111111111111111,0.0,0.125,0.0,0.0,0.0,0.0,0.9377401515398738,0.0,0.0,0.06666666666666667,0.0,0.0
6,3,9,0.33,0.0,0.1666666666666667,0.1666666666666667,0.0,0.0,0.2,0.0,0.0,0.0,0.0,1.91030777304933,0.0,0.0,0.1111111111111111,0.0,0.0
8,0,16,0.62,0.125,0.0,0.125,0.0,0.0,0.0,0.0,0.1428571428571428,0.0,0.0,0.0,0.8003606431765009,0.0,0.0,0.0,0.07692307692307693
4,15,3,0.5,0.0,0.0,0.0,0.0,0.0,0.0,0.0,0.0,0.0,0.0,0.0,0.0,0.0,0.0,0.0,0.0
4,2,11,0.5,0.0,0.25,0.0,0.0,0.0,0.0,0.0,0.0,0.0,0.0,0.0,0.0,0.0,0.0,0.0,0.0
3,15,17,0.67,0.0,0.0,0.0,0.0,0.0,0.0,0.0,0.0,0.0,0.0,0.0,0.0,0.0,0.0,0.0,0.0
5,11,3,0.4,0.0,0.0,0.0,0.0,0.0,0.0,0.0,0.0,0.0,0.0,0.0,0.0,0.0,0.0,0.0,0.0
7,5,12,0.86,0.1428571428571428,0.4285714285714285,0.2857142857142857,0.0,0.0,0.0,0.0,0.0,0.0,0.0,0.0,0.0,0.0,0.0,0.0,0.09090909090909091
3,11,12,0.67,0.0,0.3333333333333333,0.3333333333333333,0.0,0.0,0.0,0.0,0.0,0.0,0.0,0.0,0.0,0.0,0.0,0.0,0.0
4,8,12,0.5,0.0,0.25,0.25,0.25,0.0,0.0,0.0,0.0,0.0,0.0,0.0,0.0,0.0,0.0,0.0,0.0
16,15,15,0.75,0.125,0.0625,0.125,0.0,0.06666666666666667,0.0,0.0,0.0,0.0,0.2461008066576313,0.0,0.0,0.06896551724137931,0.0,0.0,0.0
10,8,5,0.2,0.1,0.0,0.0,0.5,0.0,0.0,0.3333333333333333,0.0,0.0,0.0,0.0,0.0,0.0,0.0,0.2352941176470588,0.0
3,5,19,0.33,0.3333333333333333,0.0,0.0,0.3333333333333333,0.0,0.0,0.0,0.0,0.0,0.0,0.0,0.0,0.0,0.0,0.0,0.0
4,15,19,0.0,0.0,0.0,0.0,0.25,0.0,0.0,0.0,0.0,0.0,0.0,0.0,0.0,0.0,0.0,0.0,0.0
3,0,19,0.33,0.0,0.0,0.0,0.3333333333333333,0.0,0.0,0.0,0.0,0.0,0.0,0.0,0.0,0.0,0.0,0.0,0.0
4,8,19,0.25,0.0,0.0,0.0,0.5,0.0,0.0,0.3333333333333333,0.0,0.0,0.0,0.0,0.0,0.0,0.0,0.2,0.0
4,8,19,0.25,0.0,0.0,0.0,0.5,0.0,0.0,0.0,0.0,0.0,0.0,0.0,0.0,0.0,0.0,0.2,0.0
7,9,8,0.57,0.0,0.4285714285714285,0.0,0.2857142857142857,0.0,0.0,0.1666666666666667,0.0,0.0,0.0,0.0,0.0,0.0,0.0,0.09090909090909091,0.0
6,7,8,0.5,0.0,0.0,0.0,0.3333333333333333,0.0,0.0,0.0,0.0,0.0,0.0,0.0,0.0,0.0,0.0,0.1111111111111111,0.0
6,7,8,0.5,0.0,0.3333333333333333,0.0,0.3333333333333333,0.0,0.0,0.0,0.0,0.0,0.0,0.0,0.0,0.0,0.0,0.1111111111111111,0.0
7,9,8,0.57,0.0,0.1428571428571428,0.0,0.2857142857142857,0.0,0.0,0.0,0.0,0.0,0.0,0.0,0.0,0.0,0.0,0.0,0.0
6,17,12,0.5,0.0,0.0,0.1666666666666667,0.1666666666666667,0.0,0.2,0.0,0.0,0.0,0.0,1.91030777304933,0.0,0.0,0.1111111111111111,0.0,0.0
6,10,12,0.83,0.0,0.0,0.1666666666666667,0.0,0.0,0.0,0.0,0.0,0.0,0.0,0.0,0.0,0.0,0.0,0.0,0.0
6,17,14,0.33,0.0,0.1666666666666667,0.0,0.0,0.0,0.0,0.0,0.0,0.0,0.0,0.0,0.0,0.0,0.0,0.0,0.0
4,17,15,0.75,0.0,0.0,0.0,0.0,0.0,0.0,0.0,0.0,0.0,0.0,0.0,0.0,0.0,0.0,0.0,0.0
4,16,19,0.5,0.0,0.0,0.25,0.0,0.3333333333333333,0.0,0.0,0.0,0.0,2.903253436546509,0.0,0.0,0.2,0.0,0.0,0.0
4,16,19,0.5,0.0,0.0,0.25,0.0,0.0,0.0,0.0,0.0,0.0,0.0,0.0,0.0,0.0,0.0,0.0,0.0
5,16,5,0.8,0.2,0.0,0.2,0.0,0.0,0.0,0.0,0.0,0.0,0.0,0.0,0.0,0.0,0.0,0.0,0.0
5,2,11,0.4,0.2,0.0,0.0,0.0,0.0,0.0,0.0,0.0,0.0,0.0,0.0,0.0,0.0,0.0,0.0,0.0
5,16,15,0.4,0.2,0.2,0.0,0.0,0.0,0.0,0.0,0.0,0.0,0.0,0.0,0.0,0.0,0.0,0.0,0.0
11,5,4,0.91,0.3636363636363636,0.09090909090909091,0.2727272727272727,0.0,0.0,0.0,0.0,0.0,0.0,0.0,0.0,0.0,0.0,0.0,0.0,0.1578947368421053
8,5,12,1.0,0.375,0.125,0.375,0.0,0.1428571428571428,0.0,0.0,0.1428571428571428,0.0,0.8003606431765009,0.0,0.8003606431765009,0.07692307692307693,0.0,0.0,0.2307692307692308
16,5,5,0.88,0.4375,0.0,0.25,0.0,0.06666666666666667,0.0,0.0,0.1333333333333333,0.0,0.2461008066576313,0.0,0.5091692069946168,0.06896551724137931,0.0,0.0,0.1379310344827586
13,5,5,0.69,0.3846153846153846,0.1538461538461539,0.1538461538461539,0.0,0.0,0.0,0.0,0.0,0.0,0.0,0.0,0.0,0.0,0.0,0.0,0.08695652173913043
13,5,5,0.77,0.3846153846153846,0.0,0.2307692307692308,0.0,0.0,0.0,0.0,0.1666666666666667,0.0,0.0,0.0,0.7163281859162193,0.0,0.0,0.0,0.1304347826086956
4,19,12,0.5,0.0,0.0,0.25,0.25,0.0,0.0,0.0,0.0,0.0,0.0,0.0,0.0,0.0,0.0,0.0,0.0
6,8,8,0.67,0.1666666666666667,0.0,0.1666666666666667,0.3333333333333333,0.0,0.0,0.0,0.2,0.0,0.0,0.0,1.337554771413759,0.1111111111111111,0.0,0.0,0.1111111111111111
5,4,1,0.8,0.0,0.2,0.2,0.0,0.0,0.0,0.0,0.0,0.0,0.0,0.0,0.0,0.1428571428571428,0.0,0.0,0.0
5,3,14,0.4,0.2,0.0,0.2,0.0,0.0,0.0,0.0,0.0,0.0,0.0,0.0,0.0,0.0,0.0,0.0,0.1428571428571428
5,0,8,0.6,0.0,0.0,0.2,0.2,0.25,0.0,0.0,0.0,0.0,1.877504021287143,0.0,0.0,0.1428571428571428,0.0,0.0,0.0
6,5,10,0.83,0.3333333333333333,0.0,0.1666666666666667,0.0,0.0,0.0,0.0,0.2,0.0,0.0,0.0,1.337554771413759,0.0,0.0,0.0,0.1111111111111111
8,16,5,0.5,0.125,0.125,0.0,0.0,0.0,0.0,0.0,0.0,0.0,0.0,0.0,0.0,0.0,0.0,0.0,0.0
13,9,9,0.62,0.0,0.2307692307692308,0.07692307692307693,0.0,0.0,0.0,0.0,0.0,0.0,0.0,0.0,0.0,0.0,0.0,0.0,0.0
5,5,12,0.8,0.6,0.0,0.2,0.0,0.0,0.0,0.0,0.25,0.0,0.0,0.0,1.877504021287143,0.0,0.0,0.0,0.2857142857142857
2,11,15,0.0,0.0,0.0,0.0,0.0,0.0,0.0,0.0,0.0,0.0,0.0,0.0,0.0,0.0,0.0,0.0,0.0
3,9,17,0.67,0.0,0.3333333333333333,0.0,0.0,0.0,0.0,0.0,0.0,0.0,0.0,0.0,0.0,0.0,0.0,0.0,0.0
3,9,2,0.33,0.0,0.3333333333333333,0.0,0.0,0.0,0.0,0.0,0.0,0.0,0.0,0.0,0.0,0.0,0.0,0.0,0.0
4,10,13,0.25,0.0,0.0,0.0,0.0,0.0,0.0,0.0,0.0,0.0,0.0,0.0,0.0,0.0,0.0,0.0,0.0
5,13,11,0.2,0.0,0.0,0.0,0.0,0.0,0.0,0.0,0.0,0.0,0.0,0.0,0.0,0.0,0.0,0.0,0.0
6,12,9,0.33,0.0,0.1666666666666667,0.1666666666666667,0.0,0.0,0.0,0.0,0.0,0.0,0.0,0.0,0.0,0.0,0.0,0.0,0.0
2,3,2,0.0,0.0,0.0,0.0,0.0,0.0,0.0,0.0,0.0,0.0,0.0,0.0,0.0,0.0,0.0,0.0,0.0
5,3,0,0.2,0.0,0.0,0.0,0.0,0.0,0.0,0.0,0.0,0.0,0.0,0.0,0.0,0.0,0.0,0.0,0.0
2,10,6,0.5,0.0,0.0,0.0,0.0,0.0,0.0,0.0,0.0,0.0,0.0,0.0,0.0,0.0,0.0,0.0,0.0
3,14,8,0.33,0.0,0.0,0.0,0.3333333333333333,0.0,0.0,0.0,0.0,0.0,0.0,0.0,0.0,0.0,0.0,0.0,0.0
4,14,9,0.75,0.0,0.25,0.5,0.0,0.0,0.0,0.0,0.0,0.0,0.0,0.0,0.0,0.0,0.0,0.0,0.0
5,15,6,0.2,0.0,0.0,0.0,0.0,0.0,0.0,0.0,0.0,0.0,0.0,0.0,0.0,0.0,0.0,0.0,0.0
5,9,14,0.4,0.0,0.2,0.0,0.0,0.0,0.0,0.0,0.0,0.0,0.0,0.0,0.0,0.0,0.0,0.0,0.0
6,14,11,0.33,0.0,0.0,0.0,0.1666666666666667,0.0,0.0,0.0,0.0,0.0,0.0,0.0,0.0,0.0,0.0,0.0,0.0
9,9,12,0.67,0.1111111111111111,0.2222222222222222,0.1111111111111111,0.0,0.0,0.0,0.0,0.0,0.0,0.0,0.0,0.0,0.0,0.0,0.0,0.0
14,6,4,0.57,0.0,0.0,0.2857142857142857,0.1428571428571428,0.0,0.07692307692307693,0.0,0.0,0.0,0.0,0.4477401208959666,0.0,0.0,0.04,0.0,0.0
6,13,8,0.5,0.0,0.5,0.0,0.3333333333333333,0.0,0.0,0.0,0.0,0.0,0.0,0.0,0.0,0.0,0.0,0.1111111111111111,0.0
9,9,3,0.56,0.1111111111111111,0.1111111111111111,0.0,0.0,0.0,0.0,0.0,0.0,0.0,0.0,0.0,0.0,0.0,0.0,0.0,0.0
12,5,8,0.58,0.08333333333333333,0.0,0.1666666666666667,0.25,0.0,0.0,0.0,0.0,0.0,0.0,0.0,0.0,0.0,0.0,0.04761904761904762,0.04761904761904762
5,7,11,0.8,0.0,0.0,0.2,0.0,0.0,0.0,0.0,0.0,0.0,0.0,0.0,0.0,0.0,0.0,0.0,0.0
7,5,17,1.0,0.1428571428571428,0.1428571428571428,0.2857142857142857,0.0,0.0,0.0,0.0,0.1666666666666667,0.0,0.0,0.0,1.013041035632833,0.0,0.0,0.0,0.09090909090909091
10,16,13,0.6,0.1,0.1,0.3,0.0,0.0,0.0,0.0,0.1111111111111111,0.0,0.0,0.0,0.544128004872977,0.0,0.0,0.0,0.05882352941176471
3,19,4,0.67,0.0,0.0,0.3333333333333333,0.0,0.0,0.5,0.0,0.0,0.0,0.0,7.600387774580766,0.0,0.0,0.3333333333333333,0.0,0.0
5,6,13,0.6,0.0,0.0,0.2,0.0,0.0,0.0,0.0,0.0,0.0,0.0,0.0,0.0,0.0,0.0,0.0,0.0
11,18,8,0.73,0.0,0.09090909090909091,0.1818181818181818,0.09090909090909091,0.0,0.0,0.0,0.0,0.0,0.0,0.0,0.0,0.05263157894736842,0.0,0.0,0.0
7,19,0,0.43,0.0,0.0,0.1428571428571428,0.0,0.0,0.0,0.0,0.0,0.0,0.0,0.0,0.0,0.0,0.0,0.0,0.0
13,14,13,0.46,0.07692307692307693,0.07692307692307693,0.2307692307692308,0.1538461538461539,0.0,0.0,0.0,0.0,0.0,0.0,0.0,0.0,0.0,0.0,0.0,0.04347826086956522
11,10,4,0.73,0.0,0.0,0.3636363636363636,0.09090909090909091,0.0,0.1,0.0,0.0,0.0,0.0,0.6680565260140084,0.0,0.0,0.05263157894736842,0.0,0.0
5,17,19,0.6,0.2,0.0,0.0,0.0,0.0,0.0,0.0,0.0,0.0,0.0,0.0,0.0,0.0,0.0,0.0,0.0
6,9,14,0.67,0.0,0.1666666666666667,0.1666666666666667,0.0,0.0,0.0,0.0,0.0,0.0,0.0,0.0,0.0,0.0,0.0,0.0,0.0
6,4,12,0.83,0.0,0.0,0.3333333333333333,0.0,0.0,0.0,0.0,0.0,0.0,0.0,0.0,0.0,0.0,0.0,0.0,0.0
5,13,12,0.6,0.0,0.2,0.2,0.0,0.0,0.0,0.0,0.0,0.0,0.0,0.0,0.0,0.0,0.0,0.0,0.0
4,17,12,0.75,0.0,0.0,0.5,0.0,0.0,0.0,0.0,0.0,0.0,0.0,0.0,0.0,0.0,0.0,0.0,0.0
6,3,12,0.5,0.0,0.3333333333333333,0.1666666666666667,0.0,0.0,0.0,0.0,0.0,0.0,0.0,0.0,0.0,0.0,0.0,0.0,0.0
7,9,12,0.57,0.0,0.4285714285714285,0.1428571428571428,0.0,0.0,0.0,0.0,0.0,0.0,0.0,0.0,0.0,0.0,0.0,0.0,0.0
10,9,12,0.5,0.0,0.4,0.1,0.0,0.0,0.0,0.0,0.0,0.0,0.0,0.0,0.0,0.0,0.0,0.0,0.0
4,3,12,0.75,0.0,0.25,0.25,0.0,0.0,0.0,0.0,0.0,0.0,0.0,0.0,0.0,0.0,0.0,0.0,0.0
5,13,12,0.6,0.0,0.2,0.2,0.0,0.0,0.0,0.0,0.0,0.0,0.0,0.0,0.0,0.0,0.0,0.0,0.0
4,9,12,0.75,0.0,0.5,0.25,0.0,0.0,0.0,0.0,0.0,0.0,0.0,0.0,0.0,0.0,0.0,0.0,0.0
6,3,12,0.67,0.0,0.1666666666666667,0.3333333333333333,0.0,0.0,0.2,0.0,0.0,0.0,0.0,1.91030777304933,0.0,0.0,0.1111111111111111,0.0,0.0
8,3,12,0.62,0.0,0.125,0.375,0.0,0.0,0.1428571428571428,0.0,0.0,0.0,0.0,1.148205045268393,0.0,0.0,0.07692307692307693,0.0,0.0
4,8,12,0.5,0.0,0.0,0.25,0.25,0.3333333333333333,0.0,0.0,0.0,0.0,2.903253436546509,0.0,0.0,0.2,0.0,0.0,0.0
5,13,12,0.4,0.0,0.0,0.2,0.2,0.25,0.0,0.0,0.0,0.0,1.877504021287143,0.0,0.0,0.1428571428571428,0.0,0.0,0.0
6,12,12,0.83,0.0,0.0,0.3333333333333333,0.0,0.0,0.0,0.0,0.0,0.0,0.0,0.0,0.0,0.0,0.0,0.0,0.0
7,11,12,0.71,0.0,0.0,0.2857142857142857,0.0,0.0,0.0,0.0,0.0,0.0,0.0,0.0,0.0,0.0,0.0,0.0,0.0
8,0,12,0.75,0.0,0.0,0.25,0.0,0.0,0.0,0.0,0.0,0.0,0.0,0.0,0.0,0.07692307692307693,0.0,0.0,0.0
5,12,12,0.8,0.0,0.0,0.6,0.0,0.25,0.0,0.0,0.0,0.0,1.877504021287143,0.0,0.0,0.1428571428571428,0.0,0.0,0.0
5,3,12,0.4,0.0,0.0,0.2,0.2,0.25,0.0,0.0,0.0,0.0,1.877504021287143,0.0,0.0,0.1428571428571428,0.0,0.0,0.0
8,17,5,0.5,0.25,0.0,0.125,0.0,0.0,0.0,0.0,0.0,0.0,0.0,0.0,0.0,0.0,0.0,0.0,0.07692307692307693
7,5,5,0.43,0.2857142857142857,0.0,0.1428571428571428,0.0,0.0,0.0,0.0,0.0,0.0,0.0,0.0,0.0,0.0,0.0,0.0,0.09090909090909091
6,14,5,0.33,0.1666666666666667,0.0,0.1666666666666667,0.0,0.0,0.0,0.0,0.0,0.0,0.0,0.0,0.0,0.0,0.0,0.0,0.0
5,12,5,0.4,0.2,0.0,0.2,0.0,0.0,0.0,0.0,0.0,0.0,0.0,0.0,0.0,0.0,0.0,0.0,0.0
4,14,5,0.25,0.25,0.0,0.0,0.0,0.0,0.0,0.0,0.0,0.0,0.0,0.0,0.0,0.0,0.0,0.0,0.0
4,5,14,0.5,0.25,0.0,0.25,0.0,0.0,0.0,0.0,0.0,0.0,0.0,0.0,0.0,0.0,0.0,0.0,0.2
6,7,4,0.5,0.0,0.0,0.0,0.0,0.0,0.0,0.0,0.0,0.0,0.0,0.0,0.0,0.0,0.0,0.0,0.0
5,18,4,0.4,0.0,0.0,0.0,0.0,0.0,0.0,0.0,0.0,0.0,0.0,0.0,0.0,0.0,0.0,0.0,0.0
4,18,16,0.25,0.0,0.0,0.0,0.0,0.0,0.0,0.0,0.0,0.0,0.0,0.0,0.0,0.0,0.0,0.0,0.0
4,6,4,0.25,0.0,0.0,0.0,0.0,0.0,0.0,0.0,0.0,0.0,0.0,0.0,0.0,0.0,0.0,0.0,0.0
5,19,12,0.6,0.2,0.2,0.2,0.0,0.0,0.25,0.0,0.0,0.0,0.0,2.675538471877458,0.0,0.0,0.1428571428571428,0.0,0.0
4,5,12,0.75,0.25,0.25,0.25,0.0,0.0,0.3333333333333333,0.0,0.0,0.0,0.0,4.128194019844228,0.0,0.0,0.2,0.0,0.0
3,2,5,0.33,0.3333333333333333,0.0,0.0,0.0,0.0,0.0,0.0,0.0,0.0,0.0,0.0,0.0,0.0,0.0,0.0,0.0
6,10,8,0.67,0.0,0.0,0.1666666666666667,0.1666666666666667,0.0,0.0,0.0,0.0,0.0,0.0,0.0,0.0,0.0,0.0,0.0,0.0
5,7,8,0.6,0.0,0.0,0.2,0.2,0.0,0.0,0.0,0.0,0.0,0.0,0.0,0.0,0.0,0.0,0.0,0.0
4,12,8,0.5,0.0,0.0,0.25,0.25,0.0,0.0,0.0,0.0,0.0,0.0,0.0,0.0,0.0,0.0,0.0,0.0
2,12,19,0.5,0.0,0.0,0.5,0.0,0.0,0.0,0.0,0.0,0.0,0.0,0.0,0.0,0.0,0.0,0.0,0.0
2,13,19,0.0,0.0,0.0,0.0,0.0,0.0,0.0,0.0,0.0,0.0,0.0,0.0,0.0,0.0,0.0,0.0,0.0
4,9,12,1.0,0.0,0.25,0.75,0.0,0.0,0.0,0.0,0.0,0.0,0.0,0.0,0.0,0.0,0.0,0.0,0.0
6,6,17,0.83,0.0,0.1666666666666667,0.5,0.0,0.0,0.0,0.0,0.0,0.0,0.0,0.0,0.0,0.0,0.0,0.0,0.0
6,9,6,0.83,0.0,0.1666666666666667,0.5,0.0,0.0,0.0,0.0,0.0,0.0,0.0,0.0,0.0,0.0,0.0,0.0,0.0
8,2,18,0.75,0.25,0.0,0.125,0.0,0.0,0.0,0.0,0.0,0.0,0.0,0.0,0.0,0.0,0.0,0.0,0.0
5,16,4,0.6,0.0,0.0,0.2,0.0,0.0,0.0,0.0,0.0,0.0,0.0,0.0,0.0,0.0,0.0,0.0,0.0
8,0,3,0.25,0.0,0.0,0.0,0.125,0.0,0.0,0.0,0.0,0.0,0.0,0.0,0.0,0.0,0.0,0.0,0.0
5,5,3,0.8,0.4,0.0,0.0,0.0,0.0,0.0,0.0,0.0,0.0,0.0,0.0,0.0,0.0,0.0,0.0,0.0
5,19,8,0.6,0.0,0.0,0.0,0.2,0.0,0.0,0.0,0.0,0.0,0.0,0.0,0.0,0.0,0.0,0.0,0.0
7,12,13,0.43,0.0,0.0,0.2857142857142857,0.1428571428571428,0.0,0.0,0.0,0.0,0.0,0.0,0.0,0.0,0.0,0.0,0.0,0.0
9,7,16,0.78,0.1111111111111111,0.0,0.3333333333333333,0.0,0.0,0.0,0.0,0.0,0.0,0.0,0.0,0.0,0.0,0.0,0.0,0.06666666666666667
10,3,14,0.3,0.0,0.1,0.1,0.0,0.0,0.0,0.0,0.0,0.0,0.0,0.0,0.0,0.0,0.0,0.0,0.0
2,19,13,0.0,0.0,0.0,0.0,0.0,0.0,0.0,0.0,0.0,0.0,0.0,0.0,0.0,0.0,0.0,0.0,0.0
4,7,13,0.25,0.0,0.0,0.0,0.0,0.0,0.0,0.0,0.0,0.0,0.0,0.0,0.0,0.0,0.0,0.0,0.0
5,14,13,0.6,0.2,0.2,0.0,0.0,0.0,0.0,0.0,0.0,0.0,0.0,0.0,0.0,0.0,0.0,0.0,0.0
3,14,9,0.67,0.0,0.3333333333333333,0.0,0.0,0.0,0.0,0.0,0.0,0.0,0.0,0.0,0.0,0.0,0.0,0.0,0.0
2,16,8,0.0,0.0,0.0,0.0,0.5,0.0,0.0,0.0,0.0,0.0,0.0,0.0,0.0,0.0,0.0,0.0,0.0
2,3,12,0.5,0.0,0.0,0.5,0.0,0.0,0.0,0.0,0.0,0.0,0.0,0.0,0.0,0.0,0.0,0.0,0.0
7,4,8,0.71,0.1428571428571428,0.0,0.0,0.1428571428571428,0.0,0.0,0.0,0.0,0.0,0.0,0.0,0.0,0.0,0.0,0.0,0.0
6,0,6,0.67,0.0,0.1666666666666667,0.1666666666666667,0.0,0.0,0.0,0.0,0.0,1.91030777304933,0.0,0.0,0.0,0.0,0.0,0.0,0.0
13,9,4,0.54,0.07692307692307693,0.07692307692307693,0.1538461538461539,0.07692307692307693,0.0,0.0,0.0,0.0,0.5059745510527226,0.0,0.0,0.0,0.0,0.04347826086956522,0.0,0.04347826086956522
6,17,16,0.67,0.0,0.0,0.1666666666666667,0.0,0.0,0.2,0.0,0.0,0.0,0.0,1.91030777304933,0.0,0.0,0.1111111111111111,0.0,0.0
5,3,14,0.2,0.0,0.2,0.0,0.0,0.0,0.0,0.0,0.0,0.0,0.0,0.0,0.0,0.0,0.0,0.0,0.0
11,9,13,0.55,0.1818181818181818,0.1818181818181818,0.0,0.0,0.0,0.0,0.0,0.0,0.0,0.0,0.0,0.0,0.0,0.0,0.0,0.0
2,4,17,1.0,0.0,0.0,0.0,0.0,0.0,0.0,0.0,0.0,0.0,0.0,0.0,0.0,0.0,0.0,0.0,0.0
5,1,12,0.6,0.0,0.2,0.2,0.0,0.0,0.0,0.0,0.0,0.0,0.0,0.0,0.0,0.0,0.0,0.0,0.0
4,17,12,0.75,0.0,0.25,0.25,0.0,0.0,0.0,0.0,0.0,0.0,0.0,0.0,0.0,0.0,0.0,0.0,0.0
4,4,9,0.75,0.0,0.25,0.0,0.0,0.0,0.0,0.0,0.0,0.0,0.0,0.0,0.0,0.0,0.0,0.0,0.0
3,1,9,0.67,0.0,0.3333333333333333,0.0,0.0,0.0,0.0,0.0,0.0,0.0,0.0,0.0,0.0,0.0,0.0,0.0,0.0
2,17,9,1.0,0.0,0.5,0.0,0.0,0.0,0.0,0.0,0.0,0.0,0.0,0.0,0.0,0.0,0.0,0.0,0.0
5,7,0,1.0,0.0,0.0,0.2,0.0,0.0,0.0,0.0,0.0,0.0,0.0,0.0,0.0,0.0,0.0,0.0,0.0
5,4,4,1.0,0.0,0.0,0.2,0.0,0.0,0.0,0.0,0.0,0.0,0.0,0.0,0.0,0.0,0.0,0.0,0.0
4,17,4,1.0,0.0,0.0,0.25,0.0,0.0,0.0,0.0,0.0,0.0,0.0,0.0,0.0,0.0,0.0,0.0,0.0
3,17,0,1.0,0.0,0.0,0.3333333333333333,0.0,0.0,0.0,0.0,0.0,0.0,0.0,0.0,0.0,0.0,0.0,0.0,0.0
7,4,15,0.43,0.0,0.0,0.0,0.0,0.0,0.0,0.0,0.0,0.0,0.0,0.0,0.0,0.0,0.0,0.0,0.0
2,13,17,0.5,0.0,0.0,0.0,0.0,0.0,0.0,0.0,0.0,0.0,0.0,0.0,0.0,0.0,0.0,0.0,0.0
3,0,19,0.67,0.0,0.0,0.0,0.0,0.0,0.0,0.0,0.0,0.0,0.0,0.0,0.0,0.0,0.0,0.0,0.0
15,7,4,0.53,0.06666666666666667,0.0,0.06666666666666667,0.06666666666666667,0.0,0.0,0.0,0.0,0.0,0.0,0.0,0.0,0.0,0.0,0.0,0.0
10,9,4,0.6,0.0,0.1,0.1,0.0,0.0,0.1111111111111111,0.0,0.0,0.0,0.0,0.7841562911864778,0.0,0.0,0.05882352941176471,0.0,0.0
4,13,12,0.75,0.25,0.0,0.25,0.0,0.0,0.0,0.0,0.3333333333333333,0.0,0.0,0.0,2.903253436546509,0.0,0.0,0.0,0.2
4,2,12,0.5,0.25,0.0,0.25,0.0,0.0,0.0,0.0,0.3333333333333333,0.0,0.0,0.0,2.903253436546509,0.0,0.0,0.0,0.2
4,9,14,0.75,0.0,0.75,0.0,0.0,0.0,0.0,0.0,0.0,0.0,0.0,0.0,0.0,0.0,0.0,0.0,0.0
4,9,14,0.5,0.25,0.25,0.0,0.0,0.0,0.0,0.0,0.0,0.0,0.0,0.0,0.0,0.0,0.0,0.0,0.0
4,9,14,0.75,0.0,0.5,0.0,0.0,0.0,0.0,0.0,0.0,0.0,0.0,0.0,0.0,0.0,0.0,0.0,0.0
6,9,4,1.0,0.1666666666666667,0.3333333333333333,0.1666666666666667,0.0,0.0,0.0,0.0,0.0,0.0,0.0,0.0,0.0,0.1111111111111111,0.0,0.0,0.0
7,11,9,0.57,0.1428571428571428,0.1428571428571428,0.1428571428571428,0.1428571428571428,0.0,0.0,0.0,0.0,0.0,0.0,0.0,0.0,0.0,0.0,0.0,0.0
5,9,14,0.8,0.0,0.8,0.0,0.0,0.0,0.0,0.0,0.0,0.0,0.0,0.0,0.0,0.0,0.0,0.0,0.0
5,17,14,0.8,0.4,0.0,0.2,0.0,0.0,0.0,0.0,0.25,0.0,0.0,0.0,1.877504021287143,0.0,0.0,0.0,0.2857142857142857
5,7,9,0.8,0.0,0.2,0.2,0.0,0.0,0.0,0.0,0.0,0.0,0.0,0.0,0.0,0.0,0.0,0.0,0.0
3,17,18,0.67,0.0,0.0,0.0,0.0,0.0,0.0,0.0,0.0,0.0,0.0,0.0,0.0,0.0,0.0,0.0,0.0
3,6,18,0.33,0.0,0.0,0.0,0.0,0.0,0.0,0.0,0.0,0.0,0.0,0.0,0.0,0.0,0.0,0.0,0.0
3,2,18,0.33,0.0,0.0,0.0,0.0,0.0,0.0,0.0,0.0,0.0,0.0,0.0,0.0,0.0,0.0,0.0,0.0
3,16,18,0.33,0.0,0.0,0.0,0.0,0.0,0.0,0.0,0.0,0.0,0.0,0.0,0.0,0.0,0.0,0.0,0.0
3,17,18,1.0,0.0,0.0,0.0,0.0,0.0,0.0,0.0,0.0,0.0,0.0,0.0,0.0,0.0,0.0,0.0,0.0
3,12,18,1.0,0.0,0.0,0.3333333333333333,0.0,0.0,0.0,0.0,0.0,0.0,0.0,0.0,0.0,0.0,0.0,0.0,0.0
6,12,8,0.67,0.1666666666666667,0.1666666666666667,0.3333333333333333,0.3333333333333333,0.0,0.0,0.2,0.0,0.0,0.0,0.0,0.0,0.0,0.0,0.1111111111111111,0.1111111111111111
7,0,19,0.71,0.0,0.2857142857142857,0.2857142857142857,0.0,0.0,0.0,0.0,0.0,0.0,0.0,0.0,0.0,0.0,0.0,0.0,0.0
8,17,6,0.75,0.125,0.125,0.125,0.0,0.0,0.0,0.0,0.0,1.148205045268393,0.0,0.0,0.0,0.0,0.0,0.0,0.07692307692307693
7,17,11,0.71,0.0,0.1428571428571428,0.4285714285714285,0.0,0.0,0.1666666666666667,0.0,0.0,0.0,0.0,1.450062043371467,0.0,0.0,0.09090909090909091,0.0,0.0
17,11,13,0.71,0.0,0.05882352941176471,0.2941176470588235,0.0,0.0,0.0,0.0,0.0,0.0,0.0,0.0,0.0,0.0,0.0,0.0,0.0
4,16,12,0.5,0.0,0.0,0.25,0.0,0.0,0.0,0.0,0.0,0.0,0.0,0.0,0.0,0.0,0.0,0.0,0.0
9,7,4,0.78,0.0,0.0,0.1111111111111111,0.0,0.125,0.0,0.0,0.0,0.0,0.6521809953226201,0.0,0.0,0.06666666666666667,0.0,0.0,0.0
9,17,19,0.67,0.1111111111111111,0.0,0.1111111111111111,0.0,0.0,0.0,0.0,0.125,0.0,0.0,0.0,0.6521809953226201,0.0,0.0,0.0,0.06666666666666667
15,9,12,0.87,0.1333333333333333,0.2666666666666667,0.06666666666666667,0.0,0.07142857142857142,0.0,0.0,0.0,0.0,0.2741886550751872,0.0,0.0,0.03703703703703703,0.0,0.0,0.0
2,13,1,0.0,0.0,0.0,0.0,0.0,0.0,0.0,0.0,0.0,0.0,0.0,0.0,0.0,0.0,0.0,0.0,0.0
2,1,13,0.0,0.0,0.0,0.0,0.0,0.0,0.0,0.0,0.0,0.0,0.0,0.0,0.0,0.0,0.0,0.0,0.0
5,5,17,0.8,0.2,0.0,0.2,0.0,0.0,0.0,0.0,0.25,0.0,0.0,0.0,1.877504021287143,0.0,0.0,0.0,0.1428571428571428
4,12,17,0.75,0.0,0.0,0.25,0.0,0.0,0.0,0.0,0.0,0.0,0.0,0.0,0.0,0.0,0.0,0.0,0.0
3,18,19,0.33,0.0,0.0,0.0,0.0,0.0,0.0,0.0,0.0,0.0,0.0,0.0,0.0,0.0,0.0,0.0,0.0
4,4,0,1.0,0.0,0.5,0.0,0.0,0.0,0.0,0.0,0.0,0.0,0.0,0.0,0.0,0.0,0.0,0.0,0.0
3,18,8,0.67,0.0,0.0,0.0,0.3333333333333333,0.0,0.0,0.0,0.0,0.0,0.0,0.0,0.0,0.0,0.0,0.0,0.0
5,7,9,1.0,0.0,0.2,0.0,0.0,0.0,0.0,0.0,0.0,0.0,0.0,0.0,0.0,0.0,0.0,0.0,0.0
4,4,9,0.75,0.0,0.25,0.25,0.0,0.0,0.0,0.0,0.0,0.0,0.0,0.0,0.0,0.0,0.0,0.0,0.0
3,12,9,1.0,0.0,0.3333333333333333,0.3333333333333333,0.0,0.0,0.0,0.0,0.0,0.0,0.0,0.0,0.0,0.0,0.0,0.0,0.0
3,4,5,1.0,0.3333333333333333,0.0,0.0,0.0,0.0,0.0,0.0,0.0,0.0,0.0,0.0,0.0,0.0,0.0,0.0,0.0
4,13,19,0.25,0.0,0.0,0.0,0.0,0.0,0.0,0.0,0.0,0.0,0.0,0.0,0.0,0.0,0.0,0.0,0.0
6,18,0,0.5,0.0,0.1666666666666667,0.0,0.0,0.0,0.0,0.0,0.0,0.0,0.0,0.0,0.0,0.0,0.0,0.0,0.0
8,0,9,0.75,0.125,0.125,0.125,0.0,0.0,0.0,0.0,0.0,0.0,0.0,0.0,0.0,0.07692307692307693,0.0,0.0,0.0
5,3,17,0.6,0.0,0.2,0.2,0.0,0.0,0.0,0.0,0.0,0.0,0.0,0.0,0.0,0.0,0.0,0.0,0.0
4,2,7,0.5,0.0,0.0,0.25,0.0,0.0,0.0,0.0,0.0,4.128194019844228,0.0,0.0,0.0,0.0,0.0,0.0,0.0
3,0,14,0.33,0.0,0.0,0.0,0.0,0.0,0.0,0.0,0.0,0.0,0.0,0.0,0.0,0.0,0.0,0.0,0.0
7,3,13,0.29,0.0,0.1428571428571428,0.0,0.0,0.0,0.0,0.0,0.0,0.0,0.0,0.0,0.0,0.0,0.0,0.0,0.0
5,18,3,0.4,0.0,0.0,0.0,0.0,0.0,0.0,0.0,0.0,0.0,0.0,0.0,0.0,0.0,0.0,0.0,0.0
3,10,15,0.33,0.0,0.0,0.0,0.0,0.0,0.0,0.0,0.0,0.0,0.0,0.0,0.0,0.0,0.0,0.0,0.0
3,0,9,0.67,0.0,0.3333333333333333,0.0,0.0,0.0,0.0,0.0,0.0,0.0,0.0,0.0,0.0,0.0,0.0,0.0,0.0
3,12,12,0.67,0.0,0.0,0.6666666666666666,0.0,0.0,0.0,0.0,0.0,0.0,0.0,0.0,0.0,0.0,0.0,0.0,0.0
3,5,19,0.33,0.3333333333333333,0.0,0.0,0.0,0.0,0.0,0.0,0.0,0.0,0.0,0.0,0.0,0.0,0.0,0.0,0.0
4,0,1,0.5,0.0,0.25,0.0,0.0,0.0,0.0,0.0,0.0,0.0,0.0,0.0,0.0,0.0,0.0,0.0,0.0
4,14,12,0.25,0.0,0.0,0.25,0.0,0.0,0.0,0.0,0.0,0.0,0.0,0.0,0.0,0.0,0.2,0.0,0.0
6,8,15,0.5,0.0,0.3333333333333333,0.1666666666666667,0.1666666666666667,0.0,0.0,0.0,0.0,0.0,0.0,0.0,0.0,0.0,0.0,0.0,0.0
5,3,16,0.4,0.0,0.2,0.0,0.0,0.0,0.0,0.0,0.0,0.0,0.0,0.0,0.0,0.0,0.0,0.0,0.0
4,8,9,0.75,0.0,0.5,0.25,0.25,0.0,0.0,0.0,0.0,0.0,0.0,0.0,0.0,0.0,0.0,0.0,0.0
3,16,9,0.33,0.0,0.3333333333333333,0.0,0.0,0.0,0.0,0.0,0.0,0.0,0.0,0.0,0.0,0.0,0.0,0.0,0.0
4,17,17,0.5,0.0,0.0,0.0,0.0,0.0,0.0,0.0,0.0,0.0,0.0,0.0,0.0,0.0,0.0,0.0,0.0
4,3,13,0.5,0.0,0.0,0.25,0.0,0.0,0.0,0.0,0.0,0.0,0.0,0.0,0.0,0.0,0.0,0.0,0.0
3,2,9,0.33,0.0,0.3333333333333333,0.0,0.0,0.0,0.0,0.0,0.0,0.0,0.0,0.0,0.0,0.0,0.0,0.0,0.0
3,9,3,0.33,0.0,0.3333333333333333,0.0,0.0,0.0,0.0,0.0,0.0,0.0,0.0,0.0,0.0,0.0,0.0,0.0,0.0
5,17,8,0.6,0.0,0.2,0.0,0.2,0.0,0.0,0.0,0.0,0.0,0.0,0.0,0.0,0.0,0.0,0.0,0.0
6,7,12,0.67,0.3333333333333333,0.0,0.1666666666666667,0.0,0.0,0.0,0.0,0.2,0.0,0.0,0.0,1.337554771413759,0.0,0.0,0.0,0.1111111111111111
9,5,17,0.78,0.3333333333333333,0.0,0.1111111111111111,0.0,0.0,0.0,0.0,0.125,0.0,0.0,0.0,0.6521809953226201,0.0,0.0,0.0,0.06666666666666667
12,5,12,0.92,0.4166666666666667,0.08333333333333333,0.1666666666666667,0.0,0.0,0.0,0.0,0.09090909090909091,0.0,0.0,0.0,0.3990920846129089,0.0,0.0,0.0,0.09523809523809523
8,12,4,1.0,0.25,0.125,0.25,0.0,0.0,0.0,0.0,0.0,0.0,0.0,0.0,0.0,0.0,0.0,0.0,0.0
7,12,12,0.86,0.2857142857142857,0.0,0.4285714285714285,0.0,0.0,0.0,0.0,0.1666666666666667,1.450062043371467,0.0,0.0,1.013041035632833,0.0,0.0,0.0,0.1818181818181818
10,17,6,0.4,0.1,0.0,0.0,0.0,0.0,0.0,0.0,0.0,0.0,0.0,0.0,0.0,0.0,0.0,0.0,0.0
9,9,6,0.44,0.2222222222222222,0.1111111111111111,0.0,0.0,0.0,0.0,0.0,0.0,0.0,0.0,0.0,0.0,0.0,0.0,0.0,0.0
10,17,8,0.8,0.3,0.0,0.0,0.1,0.0,0.0,0.0,0.0,0.0,0.0,0.0,0.0,0.0,0.0,0.0,0.0
9,4,0,0.67,0.1111111111111111,0.0,0.1111111111111111,0.0,0.125,0.0,0.0,0.0,0.0,0.6521809953226201,0.0,0.0,0.06666666666666667,0.0,0.0,0.0
9,15,12,0.33,0.0,0.0,0.1111111111111111,0.3333333333333333,0.0,0.0,0.125,0.0,0.0,0.0,0.0,0.0,0.0,0.0,0.1333333333333333,0.0
10,6,3,0.3,0.3,0.0,0.0,0.0,0.0,0.0,0.0,0.0,0.0,0.0,0.0,0.0,0.0,0.0,0.0,0.0
11,18,3,0.55,0.2727272727272727,0.09090909090909091,0.09090909090909091,0.0,0.0,0.0,0.0,0.0,0.0,0.0,0.0,0.0,0.0,0.0,0.0,0.05263157894736842
19,18,14,0.42,0.05263157894736842,0.0,0.0,0.0,0.0,0.0,0.0,0.0,0.0,0.0,0.0,0.0,0.0,0.0,0.0,0.0
9,4,14,0.56,0.0,0.1111111111111111,0.0,0.0,0.0,0.0,0.0,0.0,0.0,0.0,0.0,0.0,0.0,0.0,0.0,0.0
17,11,8,0.35,0.0,0.05882352941176471,0.05882352941176471,0.1176470588235294,0.0,0.0,0.0,0.0,0.0,0.0,0.0,0.0,0.0,0.0,0.0,0.0
4,8,14,0.0,0.0,0.0,0.0,0.25,0.0,0.0,0.0,0.0,0.0,0.0,0.0,0.0,0.0,0.0,0.0,0.0
5,9,8,0.6,0.0,0.2,0.0,0.2,0.0,0.0,0.0,0.0,0.0,0.0,0.0,0.0,0.0,0.0,0.0,0.0
11,5,4,0.73,0.1818181818181818,0.09090909090909091,0.2727272727272727,0.09090909090909091,0.0,0.0,0.0,0.2,0.0,0.0,0.0,0.9457940490750917,0.0,0.0,0.0,0.1052631578947368
10,18,9,0.6,0.1,0.1,0.2,0.1,0.0,0.0,0.0,0.1111111111111111,0.0,0.0,0.0,0.544128004872977,0.0,0.05882352941176471,0.0,0.05882352941176471
5,0,9,0.8,0.0,0.2,0.0,0.2,0.0,0.0,0.0,0.0,0.0,0.0,0.0,0.0,0.0,0.0,0.0,0.0
5,16,14,0.6,0.2,0.2,0.0,0.0,0.0,0.0,0.0,0.0,0.0,0.0,0.0,0.0,0.0,0.0,0.0,0.0
4,19,14,0.5,0.0,0.25,0.0,0.0,0.0,0.0,0.0,0.0,0.0,0.0,0.0,0.0,0.0,0.0,0.0,0.0
9,9,8,0.44,0.0,0.2222222222222222,0.1111111111111111,0.1111111111111111,0.0,0.0,0.0,0.0,0.0,0.0,0.0,0.0,0.0,0.0,0.0,0.0
10,3,19,0.6,0.1,0.3,0.2,0.0,0.0,0.0,0.0,0.0,0.0,0.0,0.0,0.0,0.0,0.0,0.0,0.0
10,7,8,0.4,0.0,0.0,0.0,0.1,0.0,0.0,0.0,0.0,0.0,0.0,0.0,0.0,0.0,0.0,0.0,0.0
8,17,5,0.88,0.375,0.0,0.25,0.0,0.0,0.0,0.0,0.1428571428571428,0.0,0.0,0.0,0.8003606431765009,0.0,0.0,0.0,0.1538461538461539
4,12,0,0.75,0.0,0.0,0.25,0.0,0.0,0.0,0.0,0.0,0.0,0.0,0.0,0.0,0.0,0.0,0.0,0.0
4,12,5,0.75,0.25,0.25,0.25,0.0,0.0,0.0,0.0,0.0,0.0,0.0,0.0,0.0,0.0,0.0,0.0,0.0
3,11,0,0.67,0.0,0.0,0.0,0.0,0.0,0.0,0.0,0.0,0.0,0.0,0.0,0.0,0.0,0.0,0.0,0.0
3,11,5,0.67,0.3333333333333333,0.3333333333333333,0.0,0.0,0.0,0.0,0.0,0.0,0.0,0.0,0.0,0.0,0.0,0.0,0.0,0.0
3,0,12,1.0,0.0,0.0,0.6666666666666666,0.0,0.5,0.0,0.0,0.0,0.0,5.356850969652425,0.0,0.0,0.6666666666666666,0.0,0.0,0.0
3,9,8,0.67,0.0,0.3333333333333333,0.0,0.3333333333333333,0.0,0.0,0.0,0.0,0.0,0.0,0.0,0.0,0.0,0.0,0.0,0.0
3,5,8,0.33,0.3333333333333333,0.0,0.0,0.3333333333333333,0.0,0.0,0.0,0.0,0.0,0.0,0.0,0.0,0.0,0.0,0.0,0.0
3,16,19,0.33,0.3333333333333333,0.0,0.0,0.0,0.0,0.0,0.0,0.0,0.0,0.0,0.0,0.0,0.0,0.0,0.0,0.0
3,3,1,0.0,0.0,0.0,0.0,0.0,0.0,0.0,0.0,0.0,0.0,0.0,0.0,0.0,0.0,0.0,0.0,0.0
3,5,8,0.67,0.3333333333333333,0.3333333333333333,0.0,0.3333333333333333,0.0,0.0,0.0,0.0,0.0,0.0,0.0,0.0,0.0,0.0,0.0,0.0
3,19,5,0.33,0.3333333333333333,0.0,0.0,0.0,0.0,0.0,0.0,0.0,0.0,0.0,0.0,0.0,0.0,0.0,0.0,0.0
11,17,13,0.73,0.0,0.09090909090909091,0.2727272727272727,0.09090909090909091,0.0,0.0,0.0,0.0,0.0,0.0,0.0,0.0,0.05263157894736842,0.0,0.0,0.0
23,16,3,0.65,0.04347826086956522,0.04347826086956522,0.2173913043478261,0.08695652173913043,0.0,0.0,0.0,0.0,0.0,0.0,0.0,0.0,0.0,0.0,0.02325581395348837,0.02325581395348837
11,17,13,0.73,0.0,0.09090909090909091,0.2727272727272727,0.09090909090909091,0.0,0.0,0.0,0.0,0.0,0.0,0.0,0.0,0.0,0.0,0.0,0.0
10,2,4,0.4,0.0,0.1,0.1,0.1,0.0,0.0,0.0,0.0,0.0,0.0,0.0,0.0,0.0,0.0,0.0,0.0
10,6,18,0.7,0.0,0.3,0.2,0.0,0.0,0.0,0.0,0.0,0.0,0.0,0.0,0.0,0.0,0.0,0.0,0.0
9,9,0,0.89,0.1111111111111111,0.1111111111111111,0.0,0.0,0.0,0.0,0.0,0.0,0.0,0.0,0.0,0.0,0.0,0.0,0.0,0.0
6,17,4,0.83,0.0,0.0,0.1666666666666667,0.0,0.0,0.0,0.0,0.0,0.0,0.0,0.0,0.0,0.1111111111111111,0.0,0.0,0.0
7,9,9,0.86,0.2857142857142857,0.2857142857142857,0.0,0.0,0.0,0.0,0.0,0.0,0.0,0.0,0.0,0.0,0.0,0.0,0.0,0.0
8,7,17,0.88,0.0,0.0,0.125,0.0,0.0,0.0,0.0,0.0,0.0,0.0,0.0,0.0,0.07692307692307693,0.0,0.0,0.0
7,0,14,0.57,0.0,0.1428571428571428,0.1428571428571428,0.0,0.0,0.0,0.0,0.0,0.0,0.0,0.0,0.0,0.0,0.0,0.0,0.0
6,14,9,0.83,0.1666666666666667,0.1666666666666667,0.0,0.0,0.0,0.0,0.0,0.0,0.0,0.0,0.0,0.0,0.0,0.0,0.0,0.0
9,5,17,0.67,0.3333333333333333,0.0,0.0,0.0,0.0,0.0,0.0,0.0,0.0,0.0,0.0,0.0,0.0,0.0,0.0,0.0
5,5,0,0.8,0.4,0.0,0.0,0.0,0.0,0.0,0.0,0.0,0.0,0.0,0.0,0.0,0.0,0.0,0.0,0.0
2,9,17,1.0,0.0,0.5,0.0,0.0,0.0,0.0,0.0,0.0,0.0,0.0,0.0,0.0,0.0,0.0,0.0,0.0
4,4,4,0.5,0.0,0.0,0.0,0.0,0.0,0.0,0.0,0.0,0.0,0.0,0.0,0.0,0.0,0.0,0.0,0.0
4,11,12,0.5,0.0,0.0,0.5,0.0,0.0,0.0,0.0,0.0,0.0,0.0,0.0,0.0,0.0,0.0,0.0,0.0
7,4,8,0.43,0.0,0.0,0.0,0.1428571428571428,0.0,0.0,0.0,0.0,0.0,0.0,0.0,0.0,0.0,0.0,0.0,0.0
3,0,13,0.67,0.0,0.0,0.0,0.0,0.0,0.0,0.0,0.0,0.0,0.0,0.0,0.0,0.0,0.0,0.0,0.0
3,11,9,0.33,0.0,0.3333333333333333,0.0,0.0,0.0,0.0,0.0,0.0,0.0,0.0,0.0,0.0,0.0,0.0,0.0,0.0
4,0,13,0.5,0.0,0.25,0.0,0.0,0.0,0.0,0.0,0.0,0.0,0.0,0.0,0.0,0.0,0.0,0.0,0.0
6,17,15,0.83,0.0,0.3333333333333333,0.1666666666666667,0.0,0.0,0.0,0.0,0.0,0.0,0.0,0.0,0.0,0.0,0.0,0.0,0.0
6,17,11,0.67,0.0,0.3333333333333333,0.1666666666666667,0.0,0.0,0.0,0.0,0.0,0.0,0.0,0.0,0.0,0.0,0.0,0.0,0.0
4,6,16,0.25,0.0,0.25,0.0,0.0,0.0,0.0,0.0,0.0,0.0,0.0,0.0,0.0,0.0,0.0,0.0,0.0
3,5,0,1.0,0.3333333333333333,0.0,0.0,0.0,0.0,0.0,0.0,0.0,0.0,0.0,0.0,0.0,0.0,0.0,0.0,0.0
7,7,19,0.29,0.0,0.1428571428571428,0.0,0.0,0.0,0.0,0.0,0.0,0.0,0.0,0.0,0.0,0.0,0.0,0.0,0.0
3,0,12,1.0,0.0,0.0,0.3333333333333333,0.0,0.0,0.0,0.0,0.0,0.0,0.0,0.0,0.0,0.3333333333333333,0.0,0.0,0.0
4,16,12,0.5,0.25,0.0,0.25,0.0,0.0,0.0,0.0,0.3333333333333333,0.0,0.0,0.0,2.903253436546509,0.0,0.0,0.0,0.2
8,16,19,0.25,0.125,0.0,0.0,0.0,0.0,0.0,0.0,0.0,0.0,0.0,0.0,0.0,0.0,0.0,0.0,0.0
9,5,13,0.44,0.1111111111111111,0.0,0.0,0.0,0.0,0.0,0.0,0.0,0.0,0.0,0.0,0.0,0.0,0.0,0.0,0.0
11,5,2,0.82,0.3636363636363636,0.0,0.2727272727272727,0.0,0.0,0.0,0.0,0.2,0.0,0.0,0.0,0.9457940490750917,0.0,0.0,0.0,0.1578947368421053
10,19,14,0.5,0.1,0.0,0.0,0.1,0.0,0.0,0.0,0.0,0.0,0.0,0.0,0.0,0.0,0.0,0.0,0.0
8,5,0,0.62,0.125,0.0,0.0,0.125,0.0,0.0,0.0,0.0,0.0,0.0,0.0,0.0,0.0,0.0,0.0,0.0
8,5,0,0.88,0.125,0.0,0.25,0.125,0.0,0.0,0.0,0.0,0.0,0.0,0.0,0.0,0.07692307692307693,0.0,0.0,0.07692307692307693
3,12,14,0.67,0.0,0.0,0.3333333333333333,0.0,0.0,0.0,0.0,0.0,0.0,0.0,0.0,0.0,0.0,0.0,0.0,0.0
7,0,19,0.71,0.1428571428571428,0.1428571428571428,0.1428571428571428,0.0,0.0,0.0,0.0,0.1666666666666667,0.0,0.0,0.0,1.013041035632833,0.0,0.0,0.0,0.09090909090909091
6,8,0,0.67,0.0,0.0,0.3333333333333333,0.3333333333333333,0.0,0.0,0.0,0.0,0.0,0.0,0.0,0.0,0.0,0.0,0.0,0.0
6,9,10,0.83,0.0,0.1666666666666667,0.3333333333333333,0.0,0.2,0.0,0.0,0.0,0.0,1.337554771413759,0.0,0.0,0.2222222222222222,0.0,0.0,0.0
5,3,13,0.6,0.0,0.2,0.0,0.0,0.0,0.0,0.0,0.0,0.0,0.0,0.0,0.0,0.0,0.0,0.0,0.0
5,3,9,0.6,0.0,0.2,0.2,0.0,0.0,0.0,0.0,0.0,0.0,0.0,0.0,0.0,0.0,0.0,0.0,0.0
3,15,17,0.67,0.0,0.0,0.3333333333333333,0.0,0.0,0.0,0.0,0.0,0.0,0.0,0.0,0.0,0.0,0.0,0.0,0.0
3,17,7,1.0,0.0,0.0,0.3333333333333333,0.0,0.0,0.0,0.0,0.0,0.0,0.0,0.0,0.0,0.0,0.0,0.0,0.0
4,7,14,0.5,0.0,0.0,0.0,0.0,0.0,0.0,0.0,0.0,0.0,0.0,0.0,0.0,0.0,0.0,0.0,0.0
3,18,8,0.33,0.0,0.0,0.0,0.3333333333333333,0.0,0.0,0.0,0.0,0.0,0.0,0.0,0.0,0.0,0.0,0.0,0.0
5,17,7,0.8,0.0,0.0,0.0,0.0,0.0,0.0,0.0,0.0,0.0,0.0,0.0,0.0,0.0,0.0,0.0,0.0
8,16,4,0.62,0.125,0.0,0.0,0.125,0.0,0.0,0.0,0.0,0.0,0.0,0.0,0.0,0.0,0.0,0.0,0.0
6,13,13,0.5,0.0,0.5,0.0,0.0,0.0,0.0,0.0,0.0,0.0,0.0,0.0,0.0,0.0,0.0,0.0,0.0
8,16,8,0.62,0.125,0.0,0.0,0.125,0.0,0.0,0.0,0.0,0.0,0.0,0.0,0.0,0.0,0.0,0.0,0.0
8,4,17,0.75,0.125,0.0,0.25,0.0,0.0,0.0,0.0,0.1428571428571428,0.0,0.0,0.0,0.8003606431765009,0.0,0.0,0.0,0.07692307692307693
9,4,0,0.78,0.1111111111111111,0.0,0.2222222222222222,0.0,0.0,0.0,0.0,0.125,0.0,0.0,0.0,0.6521809953226201,0.0,0.0,0.0,0.06666666666666667
6,18,8,0.83,0.3333333333333333,0.0,0.0,0.1666666666666667,0.0,0.0,0.0,0.0,0.0,0.0,0.0,0.0,0.0,0.0,0.0,0.0
8,13,14,0.5,0.0,0.0,0.0,0.0,0.0,0.0,0.0,0.0,0.0,0.0,0.0,0.0,0.0,0.0,0.0,0.0
12,9,14,0.67,0.08333333333333333,0.25,0.1666666666666667,0.0,0.0,0.0,0.0,0.09090909090909091,0.0,0.0,0.0,0.3990920846129089,0.0,0.0,0.0,0.04761904761904762
10,5,14,0.6,0.4,0.0,0.1,0.1,0.0,0.0,0.0,0.0,0.0,0.0,0.0,0.0,0.0,0.0,0.0,0.05882352941176471
9,17,6,0.56,0.2222222222222222,0.0,0.1111111111111111,0.0,0.0,0.0,0.0,0.125,0.0,0.0,0.0,0.6521809953226201,0.0,0.0,0.0,0.06666666666666667
8,9,9,0.88,0.375,0.25,0.0,0.0,0.0,0.0,0.0,0.0,0.0,0.0,0.0,0.0,0.0,0.0,0.0,0.0
7,8,8,0.29,0.0,0.1428571428571428,0.0,0.2857142857142857,0.0,0.0,0.0,0.0,0.0,0.0,0.0,0.0,0.0,0.0,0.0,0.0
7,4,14,0.71,0.1428571428571428,0.1428571428571428,0.1428571428571428,0.0,0.0,0.0,0.0,0.0,0.0,0.0,0.0,0.0,0.0,0.0,0.0,0.09090909090909091
6,10,14,0.67,0.0,0.3333333333333333,0.0,0.0,0.0,0.0,0.0,0.0,0.0,0.0,0.0,0.0,0.0,0.0,0.0,0.0
9,0,14,0.78,0.1111111111111111,0.0,0.1111111111111111,0.0,0.0,0.0,0.0,0.0,0.0,0.0,0.0,0.0,0.0,0.0,0.0,0.0
7,12,16,0.57,0.1428571428571428,0.0,0.1428571428571428,0.1428571428571428,0.0,0.0,0.0,0.0,0.0,0.0,0.0,0.0,0.0,0.0,0.0,0.0
7,12,17,1.0,0.0,0.1428571428571428,0.2857142857142857,0.0,0.0,0.0,0.0,0.0,0.0,0.0,0.0,0.0,0.0,0.0,0.0,0.0
7,7,8,0.29,0.0,0.0,0.1428571428571428,0.1428571428571428,0.0,0.0,0.0,0.0,0.0,0.0,0.0,0.0,0.0,0.0,0.0,0.0
6,12,13,0.33,0.0,0.0,0.1666666666666667,0.0,0.0,0.0,0.0,0.0,1.91030777304933,0.0,0.0,0.0,0.0,0.0,0.0,0.0
7,7,4,0.71,0.1428571428571428,0.0,0.0,0.0,0.0,0.0,0.0,0.0,0.0,0.0,0.0,0.0,0.0,0.0,0.0,0.0
7,0,8,0.57,0.0,0.0,0.4285714285714285,0.2857142857142857,0.1666666666666667,0.0,0.0,0.0,0.0,1.013041035632833,0.0,0.0,0.09090909090909091,0.0,0.0,0.0
6,9,10,0.83,0.0,0.1666666666666667,0.3333333333333333,0.0,0.0,0.0,0.0,0.0,0.0,0.0,0.0,0.0,0.0,0.0,0.0,0.0
2,3,11,0.0,0.0,0.0,0.0,0.0,0.0,0.0,0.0,0.0,0.0,0.0,0.0,0.0,0.0,0.0,0.0,0.0
3,0,17,1.0,0.0,0.0,0.0,0.0,0.0,0.0,0.0,0.0,0.0,0.0,0.0,0.0,0.0,0.0,0.0,0.0
7,4,8,0.86,0.1428571428571428,0.0,0.1428571428571428,0.1428571428571428,0.0,0.0,0.0,0.0,0.0,0.0,0.0,0.0,0.0,0.0,0.0,0.0
6,9,18,0.83,0.0,0.1666666666666667,0.1666666666666667,0.0,0.0,0.2,0.0,0.0,0.0,0.0,1.91030777304933,0.0,0.0,0.1111111111111111,0.0,0.0
8,5,14,0.62,0.125,0.0,0.0,0.0,0.0,0.0,0.0,0.0,0.0,0.0,0.0,0.0,0.0,0.0,0.0,0.0
11,7,14,0.82,0.3636363636363636,0.0,0.09090909090909091,0.0,0.0,0.0,0.0,0.0,0.0,0.0,0.0,0.0,0.0,0.0,0.0,0.0
8,6,9,0.62,0.125,0.25,0.0,0.0,0.0,0.0,0.0,0.0,0.0,0.0,0.0,0.0,0.0,0.0,0.0,0.0
11,4,14,0.82,0.1818181818181818,0.0,0.2727272727272727,0.0,0.0,0.0,0.0,0.1,0.0,0.0,0.0,0.4625065378682232,0.0,0.0,0.0,0.1052631578947368
8,12,14,0.38,0.0,0.0,0.375,0.0,0.0,0.0,0.0,0.0,0.0,0.0,0.0,0.0,0.0,0.07692307692307693,0.0,0.0
9,0,18,0.89,0.1111111111111111,0.0,0.1111111111111111,0.0,0.0,0.0,0.0,0.0,0.0,0.0,0.0,0.0,0.06666666666666667,0.0,0.0,0.0
7,6,14,0.57,0.1428571428571428,0.1428571428571428,0.0,0.0,0.0,0.0,0.0,0.0,0.0,0.0,0.0,0.0,0.0,0.0,0.0,0.0
8,9,14,0.75,0.25,0.125,0.125,0.0,0.0,0.0,0.0,0.0,0.0,0.0,0.0,0.0,0.0,0.0,0.0,0.07692307692307693
10,10,14,0.8,0.2,0.0,0.3,0.0,0.0,0.0,0.0,0.1111111111111111,0.0,0.0,0.0,0.544128004872977,0.0,0.0,0.0,0.1176470588235294
12,0,14,0.58,0.1666666666666667,0.08333333333333333,0.0,0.0,0.0,0.0,0.0,0.0,0.0,0.0,0.0,0.0,0.0,0.0,0.0,0.0
7,7,14,0.43,0.1428571428571428,0.1428571428571428,0.0,0.0,0.0,0.0,0.0,0.0,0.0,0.0,0.0,0.0,0.0,0.0,0.0,0.0
7,15,18,0.71,0.2857142857142857,0.0,0.0,0.0,0.0,0.0,0.0,0.0,0.0,0.0,0.0,0.0,0.0,0.0,0.0,0.0
8,0,18,0.75,0.0,0.0,0.25,0.0,0.1428571428571428,0.0,0.0,0.0,0.0,0.8003606431765009,0.0,0.0,0.1538461538461539,0.0,0.0,0.0
6,7,16,0.33,0.0,0.0,0.0,0.0,0.0,0.0,0.0,0.0,0.0,0.0,0.0,0.0,0.0,0.0,0.0,0.0
8,0,12,0.75,0.125,0.0,0.375,0.0,0.1428571428571428,0.0,0.0,0.1428571428571428,0.0,0.8003606431765009,0.0,0.8003606431765009,0.1538461538461539,0.0,0.0,0.07692307692307693
10,0,12,0.8,0.0,0.0,0.5,0.0,0.3333333333333333,0.0,0.0,0.0,0.0,1.676194153115833,0.0,0.0,0.1764705882352941,0.0,0.0,0.0
7,3,18,0.71,0.0,0.1428571428571428,0.0,0.0,0.0,0.0,0.0,0.0,0.0,0.0,0.0,0.0,0.0,0.0,0.0,0.0
7,14,1,0.29,0.2857142857142857,0.0,0.0,0.0,0.0,0.0,0.0,0.0,0.0,0.0,0.0,0.0,0.0,0.0,0.0,0.0
6,9,1,0.33,0.0,0.1666666666666667,0.0,0.0,0.0,0.0,0.0,0.0,0.0,0.0,0.0,0.0,0.0,0.0,0.0,0.0
7,6,6,0.14,0.1428571428571428,0.0,0.0,0.0,0.0,0.0,0.0,0.0,0.0,0.0,0.0,0.0,0.0,0.0,0.0,0.0
8,1,13,0.5,0.125,0.0,0.125,0.0,0.0,0.0,0.0,0.0,0.0,0.0,0.0,0.0,0.07692307692307693,0.0,0.0,0.0
8,19,12,0.5,0.25,0.125,0.125,0.0,0.0,0.0,0.0,0.0,0.0,0.0,0.0,0.0,0.0,0.0,0.0,0.0
8,19,9,0.5,0.25,0.125,0.125,0.0,0.0,0.0,0.0,0.0,0.0,0.0,0.0,0.0,0.0,0.0,0.0,0.0
6,19,4,0.33,0.0,0.0,0.0,0.0,0.0,0.0,0.0,0.0,0.0,0.0,0.0,0.0,0.0,0.0,0.0,0.0
7,18,1,0.57,0.1428571428571428,0.0,0.0,0.0,0.0,0.0,0.0,0.0,0.0,0.0,0.0,0.0,0.0,0.0,0.0,0.0
6,3,6,0.17,0.0,0.0,0.0,0.0,0.0,0.0,0.0,0.0,0.0,0.0,0.0,0.0,0.0,0.0,0.0,0.0
9,19,15,0.33,0.0,0.0,0.1111111111111111,0.0,0.0,0.0,0.0,0.0,0.0,0.0,0.0,0.0,0.06666666666666667,0.0,0.0,0.0
6,2,2,0.33,0.0,0.0,0.1666666666666667,0.0,0.0,0.0,0.0,0.0,1.91030777304933,0.0,0.0,0.0,0.0,0.0,0.0,0.0
7,9,19,0.29,0.0,0.1428571428571428,0.0,0.0,0.0,0.0,0.0,0.0,0.0,0.0,0.0,0.0,0.0,0.0,0.0,0.0
6,14,10,0.17,0.0,0.0,0.0,0.0,0.0,0.0,0.0,0.0,0.0,0.0,0.0,0.0,0.0,0.0,0.0,0.0
7,9,11,0.71,0.0,0.2857142857142857,0.1428571428571428,0.0,0.1666666666666667,0.0,0.0,0.0,0.0,1.013041035632833,0.0,0.0,0.09090909090909091,0.0,0.0,0.0
7,14,4,0.86,0.0,0.0,0.4285714285714285,0.0,0.0,0.0,0.0,0.0,0.0,0.0,0.0,0.0,0.0,0.0,0.0,0.0
8,9,12,0.88,0.0,0.25,0.25,0.0,0.1428571428571428,0.0,0.0,0.0,0.0,0.8003606431765009,0.0,0.0,0.07692307692307693,0.0,0.0,0.0
6,9,19,0.33,0.0,0.1666666666666667,0.0,0.0,0.0,0.0,0.0,0.0,0.0,0.0,0.0,0.0,0.0,0.0,0.0,0.0
7,8,16,0.29,0.0,0.0,0.2857142857142857,0.1428571428571428,0.0,0.0,0.0,0.0,0.0,0.0,0.0,0.0,0.0,0.0,0.0,0.0
8,3,2,0.5,0.25,0.0,0.125,0.0,0.1428571428571428,0.0,0.0,0.0,0.0,0.8003606431765009,0.0,0.0,0.07692307692307693,0.0,0.0,0.0
8,9,2,0.75,0.25,0.125,0.125,0.0,0.1428571428571428,0.0,0.0,0.0,0.0,0.8003606431765009,0.0,0.0,0.07692307692307693,0.0,0.0,0.0
6,19,15,0.33,0.0,0.0,0.1666666666666667,0.0,0.0,0.2,0.0,0.0,0.0,0.0,1.91030777304933,0.0,0.1111111111111111,0.1111111111111111,0.0,0.0
6,3,10,0.5,0.1666666666666667,0.0,0.1666666666666667,0.0,0.0,0.0,0.0,0.2,0.0,0.0,0.0,1.337554771413759,0.0,0.0,0.0,0.1111111111111111
6,10,19,0.67,0.0,0.0,0.1666666666666667,0.0,0.2,0.0,0.0,0.0,0.0,1.337554771413759,0.0,0.0,0.1111111111111111,0.0,0.0,0.0
6,17,13,0.83,0.0,0.1666666666666667,0.3333333333333333,0.0,0.0,0.0,0.0,0.0,0.0,0.0,0.0,0.0,0.0,0.0,0.0,0.0
2,6,14,0.0,0.0,0.0,0.0,0.0,0.0,0.0,0.0,0.0,0.0,0.0,0.0,0.0,0.0,0.0,0.0,0.0
3,6,12,0.67,0.0,0.3333333333333333,0.3333333333333333,0.0,0.0,0.0,0.0,0.0,0.0,0.0,0.0,0.0,0.0,0.0,0.0,0.0
2,6,4,0.5,0.0,0.0,0.0,0.0,0.0,0.0,0.0,0.0,0.0,0.0,0.0,0.0,0.0,0.0,0.0,0.0
17,9,4,0.71,0.2352941176470588,0.1176470588235294,0.1764705882352941,0.0,0.0,0.0,0.0,0.0625,0.0,0.0,0.0,0.2223664012086393,0.0,0.0,0.0,0.06451612903225806
9,9,4,0.78,0.1111111111111111,0.1111111111111111,0.3333333333333333,0.0,0.0,0.0,0.0,0.0,0.0,0.0,0.0,0.0,0.0,0.0,0.0,0.06666666666666667
11,7,6,0.82,0.0,0.0,0.2727272727272727,0.0,0.1,0.0,0.0,0.0,0.0,0.4625065378682232,0.0,0.0,0.05263157894736842,0.0,0.0,0.0
13,16,14,0.69,0.1538461538461539,0.0,0.2307692307692308,0.0,0.1666666666666667,0.0,0.0,0.0,0.0,0.7163281859162193,0.0,0.0,0.08695652173913043,0.0,0.0,0.08695652173913043
13,6,2,0.62,0.1538461538461539,0.0,0.07692307692307693,0.0,0.0,0.0,0.0,0.0,0.0,0.0,0.0,0.0,0.0,0.0,0.0,0.0
8,5,0,0.5,0.125,0.0,0.0,0.0,0.0,0.0,0.0,0.0,0.0,0.0,0.0,0.0,0.0,0.0,0.0,0.0
6,16,6,0.5,0.0,0.1666666666666667,0.1666666666666667,0.0,0.0,0.0,0.0,0.0,0.0,0.0,0.0,0.0,0.0,0.1111111111111111,0.0,0.0
8,12,9,1.0,0.0,0.375,0.25,0.0,0.0,0.0,0.0,0.0,0.0,0.0,0.0,0.0,0.0,0.0,0.0,0.0
3,17,19,0.33,0.0,0.0,0.0,0.0,0.0,0.0,0.0,0.0,0.0,0.0,0.0,0.0,0.0,0.0,0.0,0.0
4,9,12,1.0,0.25,0.25,0.25,0.0,0.0,0.0,0.0,0.0,0.0,0.0,0.0,0.0,0.0,0.0,0.0,0.2
7,17,4,1.0,0.0,0.0,0.2857142857142857,0.0,0.0,0.0,0.0,0.0,0.0,0.0,0.0,0.0,0.0,0.0,0.0,0.0
6,15,4,0.67,0.0,0.0,0.1666666666666667,0.0,0.2,0.0,0.0,0.0,0.0,1.337554771413759,0.0,0.0,0.1111111111111111,0.0,0.0,0.0
8,5,5,0.75,0.375,0.0,0.125,0.125,0.0,0.0,0.0,0.0,0.0,0.0,0.0,0.0,0.0,0.0,0.0,0.0
7,9,10,0.86,0.1428571428571428,0.1428571428571428,0.1428571428571428,0.0,0.0,0.0,0.0,0.0,0.0,0.0,0.0,0.0,0.0,0.0,0.0,0.0
10,4,4,0.6,0.1,0.1,0.2,0.0,0.0,0.1111111111111111,0.0,0.0,0.0,0.0,0.7841562911864778,0.0,0.0,0.1176470588235294,0.0,0.0
6,8,4,0.83,0.0,0.0,0.1666666666666667,0.1666666666666667,0.0,0.0,0.0,0.0,0.0,0.0,0.0,0.0,0.0,0.0,0.0,0.0
5,7,14,0.6,0.0,0.0,0.2,0.0,0.0,0.0,0.0,0.0,0.0,0.0,0.0,0.0,0.0,0.0,0.0,0.0
6,0,14,0.67,0.0,0.1666666666666667,0.1666666666666667,0.0,0.0,0.0,0.0,0.0,0.0,0.0,0.0,0.0,0.0,0.0,0.0,0.0
6,4,12,0.67,0.0,0.0,0.3333333333333333,0.0,0.0,0.0,0.0,0.0,0.0,0.0,0.0,0.0,0.0,0.0,0.0,0.0
6,5,14,0.83,0.3333333333333333,0.0,0.1666666666666667,0.0,0.0,0.0,0.0,0.0,0.0,0.0,0.0,0.0,0.0,0.0,0.0,0.1111111111111111
5,14,16,0.4,0.0,0.0,0.2,0.0,0.0,0.0,0.0,0.0,0.0,0.0,0.0,0.0,0.0,0.1428571428571428,0.0,0.0
9,16,0,0.56,0.0,0.0,0.1111111111111111,0.0,0.0,0.0,0.0,0.0,0.0,0.0,0.0,0.0,0.0,0.0,0.0,0.0
7,12,12,0.71,0.1428571428571428,0.1428571428571428,0.2857142857142857,0.0,0.0,0.0,0.0,0.0,0.0,0.0,0.0,0.0,0.0,0.0,0.0,0.0
11,9,5,0.55,0.1818181818181818,0.09090909090909091,0.1818181818181818,0.0,0.1,0.0,0.0,0.0,0.0,0.4625065378682232,0.0,0.0,0.05263157894736842,0.0,0.0,0.0
13,4,0,0.23,0.0,0.0,0.0,0.07692307692307693,0.0,0.0,0.0,0.0,0.0,0.0,0.0,0.0,0.0,0.0,0.0,0.0
8,11,17,0.62,0.0,0.125,0.125,0.125,0.0,0.0,0.0,0.0,0.0,0.0,0.0,0.0,0.0,0.0,0.0,0.0
13,9,2,0.54,0.1538461538461539,0.07692307692307693,0.1538461538461539,0.0,0.08333333333333333,0.0,0.0,0.0,0.0,0.3486789197377017,0.0,0.0,0.04347826086956522,0.0,0.0,0.0
8,12,19,0.75,0.0,0.125,0.375,0.0,0.0,0.0,0.0,0.0,0.0,0.0,0.0,0.0,0.0,0.0,0.0,0.0
8,12,9,1.0,0.25,0.125,0.375,0.0,0.0,0.0,0.0,0.0,0.0,0.0,0.0,0.0,0.0,0.0,0.0,0.0
8,12,19,0.88,0.0,0.125,0.25,0.0,0.0,0.0,0.0,0.0,0.0,0.0,0.0,0.0,0.07692307692307693,0.0,0.0,0.0
8,12,4,1.0,0.125,0.0,0.125,0.0,0.0,0.0,0.0,0.0,0.0,0.0,0.0,0.0,0.0,0.0,0.0,0.0
7,12,16,0.86,0.1428571428571428,0.0,0.1428571428571428,0.0,0.0,0.0,0.0,0.0,0.0,0.0,0.0,0.0,0.0,0.0,0.0,0.0
6,17,14,0.67,0.0,0.1666666666666667,0.1666666666666667,0.0,0.0,0.0,0.0,0.0,0.0,0.0,0.0,0.0,0.0,0.0,0.0,0.0
3,19,8,0.33,0.0,0.0,0.3333333333333333,0.3333333333333333,0.0,0.5,0.0,0.0,0.0,0.0,7.600387774580766,0.0,0.0,0.3333333333333333,0.0,0.0
4,8,14,0.5,0.0,0.0,0.0,0.25,0.0,0.0,0.0,0.0,0.0,0.0,0.0,0.0,0.0,0.0,0.0,0.0
11,0,11,0.64,0.09090909090909091,0.1818181818181818,0.09090909090909091,0.0,0.0,0.0,0.0,0.0,0.0,0.0,0.0,0.0,0.0,0.0,0.0,0.0
17,0,11,0.59,0.0,0.1176470588235294,0.05882352941176471,0.0,0.0,0.0,0.0,0.0,0.0,0.0,0.0,0.0,0.0,0.0,0.0,0.0
10,0,12,0.7,0.0,0.1,0.4,0.0,0.0,0.0,0.0,0.0,0.0,0.0,0.0,0.0,0.0,0.0,0.0,0.0
6,0,6,0.67,0.1666666666666667,0.0,0.1666666666666667,0.0,0.0,0.0,0.0,0.2,1.91030777304933,0.0,0.0,1.337554771413759,0.0,0.0,0.0,0.1111111111111111
6,0,10,0.67,0.0,0.1666666666666667,0.0,0.0,0.0,0.0,0.0,0.0,0.0,0.0,0.0,0.0,0.0,0.0,0.0,0.0
6,0,11,0.5,0.0,0.3333333333333333,0.0,0.0,0.0,0.0,0.0,0.0,0.0,0.0,0.0,0.0,0.0,0.0,0.0,0.0
10,0,12,0.5,0.0,0.0,0.2,0.0,0.0,0.0,0.0,0.0,0.0,0.0,0.0,0.0,0.05882352941176471,0.0,0.0,0.0
10,0,2,0.5,0.0,0.0,0.1,0.0,0.0,0.0,0.0,0.0,0.0,0.0,0.0,0.0,0.0,0.0,0.0,0.0
6,1,0,0.67,0.3333333333333333,0.0,0.1666666666666667,0.0,0.0,0.0,0.0,0.2,1.91030777304933,0.0,0.0,1.337554771413759,0.0,0.0,0.0,0.1111111111111111
9,1,5,0.56,0.2222222222222222,0.0,0.0,0.0,0.0,0.0,0.0,0.0,0.0,0.0,0.0,0.0,0.0,0.0,0.0,0.0
5,1,12,0.8,0.2,0.2,0.4,0.0,0.0,0.0,0.0,0.0,0.0,0.0,0.0,0.0,0.0,0.0,0.0,0.1428571428571428
8,1,11,0.75,0.125,0.125,0.25,0.0,0.0,0.0,0.0,0.0,0.0,0.0,0.0,0.0,0.0,0.0,0.0,0.07692307692307693
5,1,8,0.4,0.2,0.0,0.2,0.2,0.0,0.0,0.0,0.0,0.0,0.0,0.0,0.0,0.0,0.0,0.0,0.0
6,2,4,0.17,0.0,0.0,0.0,0.1666666666666667,0.0,0.0,0.0,0.0,0.0,0.0,0.0,0.0,0.0,0.0,0.0,0.0
7,2,0,0.43,0.0,0.0,0.1428571428571428,0.1428571428571428,0.0,0.0,0.0,0.0,0.0,0.0,0.0,0.0,0.0,0.09090909090909091,0.0,0.0
10,2,16,0.5,0.2,0.0,0.0,0.0,0.0,0.0,0.0,0.0,0.0,0.0,0.0,0.0,0.0,0.0,0.0,0.0
7,2,9,0.71,0.0,0.2857142857142857,0.1428571428571428,0.0,0.0,0.0,0.0,0.0,0.0,0.0,0.0,0.0,0.0,0.0,0.0,0.0
5,2,12,0.6,0.0,0.4,0.2,0.2,0.0,0.0,0.0,0.0,0.0,0.0,0.0,0.0,0.0,0.0,0.0,0.0
6,2,16,0.67,0.1666666666666667,0.3333333333333333,0.1666666666666667,0.0,0.0,0.0,0.0,0.0,0.0,0.0,0.0,0.0,0.0,0.0,0.0,0.0
9,2,0,0.67,0.1111111111111111,0.2222222222222222,0.1111111111111111,0.1111111111111111,0.0,0.0,0.0,0.0,0.0,0.0,0.0,0.0,0.0,0.0,0.0,0.0
4,2,12,0.5,0.0,0.0,0.25,0.25,0.0,0.0,0.0,0.0,0.0,0.0,0.0,0.0,0.0,0.0,0.0,0.0
5,2,13,0.6,0.2,0.2,0.2,0.0,0.0,0.0,0.0,0.0,0.0,0.0,0.0,0.0,0.0,0.0,0.0,0.0
9,2,14,0.44,0.1111111111111111,0.1111111111111111,0.1111111111111111,0.0,0.0,0.0,0.0,0.0,0.0,0.0,0.0,0.0,0.0,0.0,0.0,0.0
10,2,17,0.5,0.1,0.1,0.1,0.0,0.0,0.0,0.0,0.0,0.0,0.0,0.0,0.0,0.0,0.0,0.0,0.0
4,2,5,0.25,0.25,0.0,0.0,0.0,0.0,0.0,0.0,0.0,0.0,0.0,0.0,0.0,0.0,0.0,0.0,0.0
6,2,18,0.5,0.0,0.0,0.1666666666666667,0.0,0.0,0.0,0.0,0.0,0.0,0.0,0.0,0.0,0.0,0.0,0.0,0.0
5,2,5,0.6,0.2,0.0,0.2,0.0,0.0,0.0,0.0,0.0,0.0,0.0,0.0,0.0,0.0,0.1428571428571428,0.0,0.0
6,3,17,0.5,0.3333333333333333,0.0,0.0,0.0,0.0,0.0,0.0,0.0,0.0,0.0,0.0,0.0,0.0,0.0,0.0,0.0
7,3,11,0.71,0.0,0.0,0.2857142857142857,0.0,0.0,0.0,0.0,0.0,0.0,0.0,0.0,0.0,0.0,0.0,0.0,0.0
10,3,0,0.7,0.0,0.1,0.2,0.0,0.0,0.0,0.0,0.0,0.0,0.0,0.0,0.0,0.0,0.0,0.0,0.0
9,3,9,0.67,0.0,0.1111111111111111,0.2222222222222222,0.0,0.0,0.0,0.0,0.0,0.0,0.0,0.0,0.0,0.0,0.0,0.0,0.0
6,3,12,0.83,0.0,0.1666666666666667,0.3333333333333333,0.0,0.0,0.0,0.0,0.0,0.0,0.0,0.0,0.0,0.0,0.0,0.0,0.0
5,3,12,0.8,0.0,0.2,0.6,0.0,0.0,0.0,0.0,0.0,0.0,0.0,0.0,0.0,0.0,0.0,0.0,0.0
6,3,12,0.83,0.0,0.1666666666666667,0.6666666666666666,0.0,0.0,0.0,0.0,0.0,0.0,0.0,0.0,0.0,0.0,0.0,0.0,0.0
4,3,3,0.25,0.0,0.0,0.25,0.0,0.0,0.0,0.0,0.0,0.0,0.0,0.0,0.0,0.0,0.0,0.0,0.0
12,3,14,0.25,0.0,0.0,0.08333333333333333,0.0,0.0,0.0,0.0,0.0,0.0,0.0,0.0,0.0,0.0,0.0,0.0,0.0
5,4,4,0.8,0.0,0.0,0.2,0.0,0.25,0.0,0.0,0.0,0.0,1.877504021287143,0.0,0.0,0.1428571428571428,0.0,0.0,0.0
9,4,8,0.78,0.1111111111111111,0.1111111111111111,0.1111111111111111,0.1111111111111111,0.0,0.0,0.0,0.0,0.0,0.0,0.0,0.0,0.0,0.0,0.0,0.0
5,4,0,0.6,0.0,0.0,0.0,0.0,0.0,0.0,0.0,0.0,0.0,0.0,0.0,0.0,0.0,0.0,0.0,0.0
3,4,19,0.33,0.0,0.0,0.0,0.0,0.0,0.0,0.0,0.0,0.0,0.0,0.0,0.0,0.0,0.0,0.0,0.0
7,4,14,0.57,0.0,0.0,0.0,0.0,0.0,0.0,0.0,0.0,0.0,0.0,0.0,0.0,0.0,0.0,0.0,0.0
4,4,16,0.5,0.0,0.0,0.0,0.0,0.0,0.0,0.0,0.0,0.0,0.0,0.0,0.0,0.0,0.0,0.0,0.0
7,4,3,0.71,0.0,0.1428571428571428,0.2857142857142857,0.0,0.0,0.0,0.0,0.0,0.0,0.0,0.0,0.0,0.0,0.0,0.0,0.0
9,4,13,0.67,0.0,0.0,0.4444444444444444,0.0,0.0,0.0,0.0,0.0,0.9377401515398738,0.0,0.0,0.0,0.0,0.0,0.0,0.0
7,4,2,0.43,0.0,0.0,0.1428571428571428,0.0,0.0,0.0,0.0,0.0,0.0,0.0,0.0,0.0,0.0,0.0,0.0,0.0
3,4,4,0.67,0.0,0.0,0.0,0.0,0.0,0.0,0.0,0.0,0.0,0.0,0.0,0.0,0.0,0.0,0.0,0.0
3,4,9,0.67,0.0,0.3333333333333333,0.0,0.0,0.0,0.0,0.0,0.0,0.0,0.0,0.0,0.0,0.0,0.0,0.0,0.0
7,5,4,1.0,0.4285714285714285,0.0,0.0,0.0,0.0,0.0,0.0,0.0,0.0,0.0,0.0,0.0,0.0,0.0,0.0,0.0
7,5,11,0.57,0.1428571428571428,0.2857142857142857,0.0,0.0,0.0,0.0,0.0,0.0,0.0,0.0,0.0,0.0,0.0,0.0,0.0,0.0
20,5,5,0.55,0.1,0.1,0.1,0.0,0.0,0.0,0.0,0.0,0.0,0.0,0.0,0.0,0.0,0.0,0.0,0.0
18,5,4,0.5,0.2777777777777778,0.05555555555555555,0.0,0.0,0.0,0.0,0.0,0.0,0.0,0.0,0.0,0.0,0.0,0.0,0.0,0.0
8,5,4,0.75,0.125,0.125,0.125,0.125,0.0,0.0,0.0,0.0,0.0,0.0,0.0,0.0,0.0,0.0,0.0,0.07692307692307693
6,5,5,0.67,0.5,0.0,0.0,0.0,0.0,0.0,0.0,0.0,0.0,0.0,0.0,0.0,0.0,0.0,0.0,0.0
6,5,8,0.67,0.5,0.1666666666666667,0.0,0.1666666666666667,0.0,0.0,0.0,0.0,0.0,0.0,0.0,0.0,0.0,0.0,0.0,0.0
6,5,0,0.67,0.5,0.0,0.0,0.0,0.0,0.0,0.0,0.0,0.0,0.0,0.0,0.0,0.0,0.0,0.0,0.0
6,5,19,0.5,0.5,0.0,0.0,0.0,0.0,0.0,0.0,0.0,0.0,0.0,0.0,0.0,0.0,0.0,0.0,0.0
5,5,12,0.8,0.2,0.0,0.4,0.0,0.0,0.0,0.0,0.0,0.0,0.0,0.0,0.0,0.0,0.0,0.0,0.0
7,5,8,0.57,0.1428571428571428,0.0,0.0,0.1428571428571428,0.0,0.0,0.0,0.0,0.0,0.0,0.0,0.0,0.0,0.0,0.0,0.0
6,5,5,0.83,0.5,0.0,0.0,0.1666666666666667,0.0,0.0,0.0,0.0,0.0,0.0,0.0,0.0,0.0,0.0,0.0,0.0
5,5,12,0.8,0.2,0.2,0.4,0.2,0.0,0.0,0.0,0.0,0.0,0.0,0.0,0.0,0.0,0.0,0.0,0.1428571428571428
6,5,16,0.83,0.3333333333333333,0.1666666666666667,0.1666666666666667,0.0,0.0,0.0,0.0,0.2,0.0,0.0,0.0,1.337554771413759,0.0,0.0,0.0,0.1111111111111111
6,5,13,0.67,0.1666666666666667,0.0,0.3333333333333333,0.0,0.0,0.0,0.0,0.0,0.0,0.0,0.0,0.0,0.0,0.0,0.0,0.0
10,5,7,0.7,0.2,0.1,0.2,0.0,0.0,0.0,0.0,0.0,0.0,0.0,0.0,0.0,0.0,0.0,0.0,0.05882352941176471
6,5,14,0.17,0.1666666666666667,0.0,0.0,0.0,0.0,0.0,0.0,0.0,0.0,0.0,0.0,0.0,0.0,0.0,0.0,0.0
8,5,4,0.62,0.125,0.125,0.125,0.0,0.0,0.0,0.0,0.0,0.0,0.0,0.0,0.0,0.0,0.0,0.0,0.0
6,6,14,0.17,0.0,0.0,0.1666666666666667,0.0,0.0,0.0,0.0,0.0,0.0,0.0,0.0,0.0,0.0,0.0,0.0,0.0
5,6,12,0.8,0.0,0.2,0.6,0.0,0.0,0.0,0.0,0.0,0.0,0.0,0.0,0.0,0.0,0.0,0.0,0.0
10,6,9,0.6,0.1,0.2,0.1,0.0,0.0,0.0,0.0,0.0,0.0,0.0,0.0,0.0,0.0,0.0,0.0,0.0
6,7,5,0.83,0.1666666666666667,0.0,0.1666666666666667,0.0,0.0,0.0,0.0,0.0,0.0,0.0,0.0,0.0,0.1111111111111111,0.0,0.0,0.0
6,7,12,0.83,0.1666666666666667,0.1666666666666667,0.3333333333333333,0.0,0.0,0.0,0.0,0.0,0.0,0.0,0.0,0.0,0.0,0.0,0.0,0.1111111111111111
16,7,17,0.81,0.0625,0.1875,0.125,0.0,0.0,0.0,0.0,0.0,0.0,0.0,0.0,0.0,0.0,0.0,0.0,0.03448275862068965
11,7,17,0.73,0.09090909090909091,0.1818181818181818,0.09090909090909091,0.09090909090909091,0.0,0.0,0.0,0.0,0.0,0.0,0.0,0.0,0.0,0.0,0.0,0.0
3,7,9,0.67,0.0,0.3333333333333333,0.0,0.0,0.0,0.0,0.0,0.0,0.0,0.0,0.0,0.0,0.0,0.0,0.0,0.0
5,7,14,0.6,0.0,0.0,0.2,0.0,0.0,0.0,0.0,0.0,0.0,0.0,0.0,0.0,0.0,0.0,0.0,0.0
6,7,12,0.83,0.1666666666666667,0.0,0.3333333333333333,0.0,0.0,0.0,0.0,0.0,0.0,0.0,0.0,0.0,0.0,0.0,0.0,0.0
11,7,12,0.73,0.0,0.09090909090909091,0.4545454545454545,0.0,0.0,0.0,0.0,0.0,0.0,0.0,0.0,0.0,0.0,0.0,0.0,0.0
9,7,13,0.22,0.0,0.0,0.0,0.1111111111111111,0.0,0.0,0.0,0.0,0.0,0.0,0.0,0.0,0.0,0.0,0.0,0.0
4,7,0,0.75,0.0,0.0,0.0,0.0,0.0,0.0,0.0,0.0,0.0,0.0,0.0,0.0,0.0,0.0,0.0,0.0
7,7,0,0.71,0.0,0.1428571428571428,0.1428571428571428,0.0,0.0,0.0,0.0,0.0,0.0,0.0,0.0,0.0,0.0,0.0,0.0,0.0
7,7,15,0.57,0.0,0.1428571428571428,0.1428571428571428,0.0,0.0,0.0,0.0,0.0,0.0,0.0,0.0,0.0,0.0,0.0,0.0,0.0
9,7,13,0.44,0.0,0.2222222222222222,0.0,0.0,0.0,0.0,0.0,0.0,0.0,0.0,0.0,0.0,0.0,0.0,0.0,0.0
9,7,9,0.67,0.0,0.2222222222222222,0.1111111111111111,0.0,0.0,0.0,0.0,0.0,0.0,0.0,0.0,0.0,0.06666666666666667,0.0,0.0,0.0
10,7,0,0.7,0.0,0.2,0.1,0.0,0.0,0.0,0.0,0.0,0.0,0.0,0.0,0.0,0.05882352941176471,0.0,0.0,0.0
12,7,0,0.67,0.0,0.1666666666666667,0.08333333333333333,0.0,0.0,0.0,0.0,0.0,0.0,0.0,0.0,0.0,0.04761904761904762,0.0,0.0,0.0
19,7,0,0.42,0.0,0.05263157894736842,0.05263157894736842,0.0,0.0,0.0,0.0,0.0,0.0,0.0,0.0,0.0,0.0,0.0,0.0,0.0
21,7,13,0.29,0.0,0.04761904761904762,0.04761904761904762,0.0,0.0,0.0,0.0,0.0,0.0,0.0,0.0,0.0,0.0,0.0,0.0,0.0
18,7,14,0.33,0.0,0.1666666666666667,0.05555555555555555,0.0,0.0,0.0,0.0,0.0,0.0,0.0,0.0,0.0,0.0,0.0,0.0,0.0
19,7,11,0.32,0.0,0.1578947368421053,0.05263157894736842,0.0,0.0,0.0,0.0,0.0,0.0,0.0,0.0,0.0,0.0,0.0,0.0,0.0
2,7,16,0.5,0.0,0.0,0.0,0.0,0.0,0.0,0.0,0.0,0.0,0.0,0.0,0.0,0.0,0.0,0.0,0.0
4,7,9,1.0,0.0,0.25,0.0,0.0,0.0,0.0,0.0,0.0,0.0,0.0,0.0,0.0,0.0,0.0,0.0,0.0
4,7,9,1.0,0.0,0.25,0.0,0.0,0.0,0.0,0.0,0.0,0.0,0.0,0.0,0.0,0.0,0.0,0.0,0.0
5,7,6,0.4,0.0,0.0,0.2,0.0,0.0,0.0,0.0,0.0,2.675538471877458,0.0,0.0,0.0,0.0,0.1428571428571428,0.0,0.0
5,8,5,0.8,0.4,0.0,0.0,0.2,0.0,0.0,0.0,0.0,0.0,0.0,0.0,0.0,0.0,0.0,0.0,0.0
5,8,5,0.8,0.4,0.2,0.0,0.2,0.0,0.0,0.0,0.0,0.0,0.0,0.0,0.0,0.0,0.0,0.0,0.0
5,8,5,0.8,0.4,0.0,0.0,0.2,0.0,0.0,0.0,0.0,0.0,0.0,0.0,0.0,0.0,0.0,0.0,0.0
5,8,5,0.8,0.4,0.2,0.0,0.2,0.0,0.0,0.0,0.0,0.0,0.0,0.0,0.0,0.0,0.0,0.0,0.0
6,8,8,0.5,0.1666666666666667,0.0,0.1666666666666667,0.3333333333333333,0.0,0.0,0.0,0.2,0.0,0.0,0.0,1.337554771413759,0.0,0.0,0.0,0.1111111111111111
6,8,13,0.5,0.1666666666666667,0.0,0.0,0.1666666666666667,0.0,0.0,0.0,0.0,0.0,0.0,0.0,0.0,0.0,0.0,0.0,0.0
5,8,0,0.6,0.0,0.2,0.0,0.2,0.0,0.0,0.0,0.0,0.0,0.0,0.0,0.0,0.0,0.0,0.0,0.0
5,8,5,0.2,0.2,0.0,0.0,0.4,0.0,0.0,0.25,0.0,0.0,0.0,0.0,0.0,0.0,0.0,0.1428571428571428,0.0
7,8,4,0.71,0.0,0.1428571428571428,0.2857142857142857,0.1428571428571428,0.0,0.0,0.0,0.0,0.0,0.0,0.0,0.0,0.0,0.0,0.0,0.0
6,8,12,0.67,0.0,0.1666666666666667,0.1666666666666667,0.1666666666666667,0.0,0.0,0.0,0.0,0.0,0.0,0.0,0.0,0.0,0.0,0.0,0.0
6,8,17,0.67,0.0,0.0,0.1666666666666667,0.1666666666666667,0.0,0.0,0.0,0.0,0.0,0.0,0.0,0.0,0.1111111111111111,0.0,0.0,0.0
5,8,3,0.4,0.0,0.2,0.0,0.2,0.0,0.0,0.0,0.0,0.0,0.0,0.0,0.0,0.0,0.0,0.0,0.0
5,8,12,0.8,0.2,0.2,0.4,0.2,0.0,0.0,0.0,0.0,0.0,0.0,0.0,0.0,0.0,0.0,0.0,0.1428571428571428
4,8,9,0.5,0.0,0.25,0.25,0.5,0.0,0.0,0.0,0.0,0.0,0.0,0.0,0.0,0.0,0.0,0.2,0.0
17,8,0,0.47,0.05882352941176471,0.05882352941176471,0.05882352941176471,0.05882352941176471,0.0,0.0,0.0,0.0,0.0,0.0,0.0,0.0,0.0,0.0,0.0,0.0
14,8,9,0.57,0.07142857142857142,0.1428571428571428,0.2857142857142857,0.07142857142857142,0.0,0.0,0.0,0.0,0.0,0.0,0.0,0.0,0.0,0.0,0.0,0.04
5,8,9,0.4,0.2,0.2,0.0,0.2,0.0,0.0,0.0,0.0,0.0,0.0,0.0,0.0,0.0,0.0,0.0,0.0
9,8,16,0.56,0.2222222222222222,0.0,0.2222222222222222,0.3333333333333333,0.0,0.0,0.0,0.0,0.0,0.0,0.0,0.0,0.0,0.0,0.06666666666666667,0.0
5,8,15,0.2,0.0,0.0,0.0,0.4,0.0,0.0,0.0,0.0,0.0,0.0,0.0,0.0,0.0,0.0,0.0,0.0
9,8,3,0.44,0.0,0.0,0.2222222222222222,0.1111111111111111,0.0,0.125,0.0,0.0,0.0,0.0,0.9377401515398738,0.0,0.0,0.06666666666666667,0.0,0.0
13,9,14,0.46,0.0,0.07692307692307693,0.0,0.0,0.0,0.0,0.0,0.0,0.0,0.0,0.0,0.0,0.0,0.0,0.0,0.0
14,9,14,0.43,0.0,0.07142857142857142,0.0,0.0,0.0,0.0,0.0,0.0,0.0,0.0,0.0,0.0,0.0,0.0,0.0,0.0
4,9,12,1.0,0.0,0.25,0.25,0.0,0.0,0.0,0.0,0.0,0.0,0.0,0.0,0.0,0.2,0.0,0.0,0.0
5,9,0,0.8,0.0,0.2,0.2,0.0,0.0,0.0,0.0,0.0,0.0,0.0,0.0,0.0,0.0,0.0,0.0,0.0
4,9,4,0.75,0.0,0.25,0.0,0.0,0.0,0.0,0.0,0.0,0.0,0.0,0.0,0.0,0.0,0.0,0.0,0.0
5,9,9,0.8,0.2,0.4,0.2,0.0,0.0,0.0,0.0,0.0,0.0,0.0,0.0,0.0,0.0,0.0,0.0,0.0
15,9,14,0.27,0.0,0.1333333333333333,0.06666666666666667,0.0,0.0,0.0,0.0,0.0,0.0,0.0,0.0,0.0,0.0,0.0,0.0,0.0
16,9,11,0.25,0.0,0.125,0.0625,0.0,0.0,0.0,0.0,0.0,0.0,0.0,0.0,0.0,0.0,0.0,0.0,0.0
17,9,4,0.29,0.0,0.1176470588235294,0.05882352941176471,0.0,0.0,0.0,0.0,0.0,0.0,0.0,0.0,0.0,0.0,0.0,0.0,0.0
2,9,3,0.5,0.0,0.5,0.0,0.0,0.0,0.0,0.0,0.0,0.0,0.0,0.0,0.0,0.0,0.0,0.0,0.0
9,9,5,0.67,0.2222222222222222,0.1111111111111111,0.2222222222222222,0.3333333333333333,0.0,0.0,0.0,0.0,0.0,0.0,0.0,0.0,0.0,0.0,0.06666666666666667,0.0
4,9,6,0.75,0.0,0.5,0.0,0.0,0.0,0.0,0.0,0.0,0.0,0.0,0.0,0.0,0.0,0.0,0.0,0.0
9,9,4,0.89,0.0,0.2222222222222222,0.1111111111111111,0.0,0.125,0.0,0.0,0.0,0.0,0.6521809953226201,0.0,0.0,0.06666666666666667,0.0,0.0,0.0
15,9,4,0.53,0.1333333333333333,0.2,0.06666666666666667,0.0,0.0,0.0,0.0,0.0,0.0,0.0,0.0,0.0,0.0,0.0,0.0,0.0
10,9,9,0.6,0.1,0.3,0.0,0.0,0.0,0.0,0.0,0.0,0.0,0.0,0.0,0.0,0.0,0.0,0.0,0.0
10,9,0,0.6,0.0,0.3,0.0,0.0,0.0,0.0,0.0,0.0,0.0,0.0,0.0,0.0,0.0,0.0,0.0,0.0
7,9,19,0.43,0.1428571428571428,0.1428571428571428,0.0,0.0,0.0,0.0,0.0,0.0,0.0,0.0,0.0,0.0,0.0,0.0,0.0,0.0
12,9,5,0.58,0.1666666666666667,0.25,0.1666666666666667,0.1666666666666667,0.0,0.0,0.0,0.0,0.0,0.0,0.0,0.0,0.0,0.0,0.0,0.04761904761904762
7,9,2,0.43,0.0,0.1428571428571428,0.0,0.0,0.0,0.0,0.0,0.0,0.0,0.0,0.0,0.0,0.0,0.0,0.0,0.0
9,9,9,0.56,0.0,0.2222222222222222,0.0,0.0,0.0,0.0,0.0,0.0,0.0,0.0,0.0,0.0,0.0,0.0,0.0,0.0
5,9,19,0.4,0.0,0.2,0.0,0.0,0.0,0.0,0.0,0.0,0.0,0.0,0.0,0.0,0.0,0.0,0.0,0.0
5,9,16,0.4,0.0,0.2,0.0,0.0,0.0,0.0,0.0,0.0,0.0,0.0,0.0,0.0,0.0,0.0,0.0,0.0
5,9,4,0.8,0.2,0.2,0.0,0.0,0.0,0.0,0.0,0.0,0.0,0.0,0.0,0.0,0.0,0.0,0.0,0.0
7,9,4,0.57,0.0,0.1428571428571428,0.1428571428571428,0.0,0.0,0.0,0.0,0.0,0.0,0.0,0.0,0.0,0.0,0.0,0.0,0.0
11,9,0,0.82,0.09090909090909091,0.1818181818181818,0.09090909090909091,0.0,0.0,0.0,0.0,0.0,0.6680565260140084,0.0,0.0,0.0,0.0,0.0,0.0,0.05263157894736842
4,9,7,1.0,0.0,0.25,0.0,0.0,0.0,0.0,0.0,0.0,0.0,0.0,0.0,0.0,0.0,0.0,0.0,0.0
2,10,2,0.5,0.0,0.0,0.0,0.0,0.0,0.0,0.0,0.0,0.0,0.0,0.0,0.0,0.0,0.0,0.0,0.0
3,10,9,0.67,0.0,0.3333333333333333,0.0,0.0,0.0,0.0,0.0,0.0,0.0,0.0,0.0,0.0,0.0,0.0,0.0,0.0
17,10,4,0.29,0.0,0.05882352941176471,0.05882352941176471,0.0,0.0,0.0,0.0,0.0,0.0,0.0,0.0,0.0,0.0,0.0,0.0,0.0
5,10,2,0.2,0.0,0.0,0.0,0.0,0.0,0.0,0.0,0.0,0.0,0.0,0.0,0.0,0.0,0.0,0.0,0.0
5,10,8,0.6,0.0,0.2,0.2,0.2,0.0,0.0,0.0,0.0,2.675538471877458,0.0,0.0,0.0,0.0,0.0,0.0,0.0
5,10,8,0.4,0.0,0.2,0.0,0.2,0.0,0.0,0.0,0.0,0.0,0.0,0.0,0.0,0.0,0.0,0.0,0.0
6,10,16,0.5,0.0,0.0,0.0,0.0,0.0,0.0,0.0,0.0,0.0,0.0,0.0,0.0,0.0,0.0,0.0,0.0
6,11,4,0.67,0.0,0.1666666666666667,0.0,0.0,0.0,0.0,0.0,0.0,0.0,0.0,0.0,0.0,0.0,0.0,0.0,0.0
16,11,8,0.75,0.0625,0.125,0.125,0.0625,0.06666666666666667,0.0,0.0,0.0,0.0,0.2461008066576313,0.0,0.0,0.03448275862068965,0.0,0.0,0.0
5,11,19,0.4,0.0,0.0,0.2,0.0,0.0,0.0,0.0,0.0,0.0,0.0,0.0,0.0,0.0,0.0,0.0,0.0
5,11,12,0.6,0.0,0.2,0.4,0.0,0.0,0.0,0.0,0.0,0.0,0.0,0.0,0.0,0.0,0.0,0.0,0.0
4,11,10,0.5,0.0,0.0,0.25,0.0,0.0,0.0,0.0,0.0,0.0,0.0,0.0,0.0,0.0,0.0,0.0,0.0
5,11,13,0.2,0.0,0.2,0.0,0.0,0.0,0.0,0.0,0.0,0.0,0.0,0.0,0.0,0.0,0.0,0.0,0.0
8,11,12,0.62,0.125,0.125,0.25,0.0,0.0,0.0,0.0,0.1428571428571428,0.0,0.0,0.0,0.8003606431765009,0.0,0.0,0.0,0.07692307692307693
11,11,9,0.55,0.0,0.3636363636363636,0.09090909090909091,0.0,0.0,0.0,0.0,0.0,0.0,0.0,0.0,0.0,0.0,0.0,0.0,0.0
7,11,5,0.57,0.2857142857142857,0.2857142857142857,0.0,0.0,0.0,0.0,0.0,0.0,0.0,0.0,0.0,0.0,0.0,0.0,0.0,0.0
18,12,0,0.61,0.1111111111111111,0.0,0.1111111111111111,0.0,0.0,0.0,0.0,0.0,0.0,0.0,0.0,0.0,0.0,0.0,0.0,0.0
9,12,5,0.78,0.2222222222222222,0.1111111111111111,0.2222222222222222,0.0,0.0,0.0,0.0,0.125,0.9377401515398738,0.0,0.0,0.6521809953226201,0.0,0.0,0.0,0.06666666666666667
10,12,7,0.6,0.0,0.0,0.3,0.0,0.0,0.0,0.0,0.0,0.0,0.0,0.0,0.0,0.0,0.0,0.0,0.0
5,12,8,0.8,0.2,0.2,0.4,0.2,0.0,0.0,0.0,0.0,0.0,0.0,0.0,0.0,0.0,0.0,0.0,0.1428571428571428
8,12,5,0.62,0.25,0.125,0.25,0.25,0.0,0.0,0.1428571428571428,0.0,0.0,0.0,0.0,0.0,0.0,0.0,0.07692307692307693,0.07692307692307693
6,12,11,0.67,0.1666666666666667,0.1666666666666667,0.1666666666666667,0.0,0.0,0.0,0.0,0.0,0.0,0.0,0.0,0.0,0.0,0.0,0.0,0.0
5,12,0,0.6,0.0,0.0,0.2,0.0,0.0,0.0,0.0,0.0,2.675538471877458,0.0,0.0,0.0,0.0,0.0,0.0,0.0
10,12,12,0.8,0.0,0.1,0.3,0.0,0.0,0.0,0.0,0.0,0.7841562911864778,0.0,0.0,0.0,0.05882352941176471,0.0,0.0,0.0
9,12,12,0.78,0.0,0.1111111111111111,0.5555555555555556,0.0,0.0,0.0,0.0,0.0,0.0,0.0,0.0,0.0,0.0,0.0,0.0,0.0
7,12,14,0.86,0.0,0.1428571428571428,0.4285714285714285,0.0,0.1666666666666667,0.0,0.0,0.0,0.0,1.013041035632833,0.0,0.0,0.09090909090909091,0.0,0.0,0.0
9,12,17,0.78,0.2222222222222222,0.1111111111111111,0.2222222222222222,0.0,0.0,0.0,0.0,0.125,0.0,0.0,0.0,0.6521809953226201,0.0,0.0,0.0,0.06666666666666667
8,13,8,0.62,0.0,0.125,0.125,0.25,0.0,0.0,0.0,0.0,0.0,0.0,0.0,0.0,0.0,0.0,0.07692307692307693,0.0
5,13,2,0.0,0.0,0.0,0.0,0.0,0.0,0.0,0.0,0.0,0.0,0.0,0.0,0.0,0.0,0.0,0.0,0.0
8,13,5,0.75,0.125,0.25,0.25,0.0,0.0,0.0,0.0,0.0,0.0,0.0,0.0,0.0,0.0,0.0,0.0,0.0
6,14,15,0.33,0.0,0.0,0.1666666666666667,0.0,0.0,0.0,0.0,0.0,0.0,0.0,0.0,0.0,0.0,0.0,0.0,0.0
9,14,3,0.78,0.0,0.0,0.2222222222222222,0.0,0.125,0.0,0.0,0.0,0.0,0.6521809953226201,0.0,0.0,0.06666666666666667,0.0,0.0,0.0
8,14,8,0.62,0.125,0.125,0.125,0.125,0.0,0.0,0.0,0.0,0.0,0.0,0.0,0.0,0.0,0.0,0.0,0.0
9,14,12,0.67,0.1111111111111111,0.3333333333333333,0.2222222222222222,0.1111111111111111,0.0,0.0,0.0,0.0,0.0,0.0,0.0,0.0,0.0,0.0,0.0,0.06666666666666667
6,14,15,0.33,0.0,0.0,0.1666666666666667,0.0,0.0,0.0,0.0,0.0,0.0,0.0,0.0,0.0,0.0,0.0,0.0,0.0
5,14,12,0.8,0.2,0.2,0.4,0.0,0.0,0.0,0.0,0.0,0.0,0.0,0.0,0.0,0.0,0.0,0.0,0.1428571428571428
12,14,2,0.5,0.1666666666666667,0.08333333333333333,0.1666666666666667,0.1666666666666667,0.0,0.0,0.09090909090909091,0.0,0.0,0.0,0.0,0.0,0.0,0.0,0.04761904761904762,0.04761904761904762
4,14,8,0.0,0.0,0.0,0.0,0.5,0.0,0.0,0.3333333333333333,0.0,0.0,0.0,0.0,0.0,0.0,0.0,0.2,0.0
5,14,9,0.4,0.0,0.4,0.0,0.0,0.0,0.0,0.0,0.0,0.0,0.0,0.0,0.0,0.0,0.0,0.0,0.0
8,14,9,0.5,0.0,0.125,0.0,0.0,0.0,0.0,0.0,0.0,0.0,0.0,0.0,0.0,0.0,0.0,0.0,0.0
12,15,9,0.75,0.08333333333333333,0.08333333333333333,0.1666666666666667,0.0,0.09090909090909091,0.0,0.0,0.09090909090909091,0.577788511165133,0.3990920846129089,0.0,0.3990920846129089,0.09523809523809523,0.0,0.0,0.04761904761904762
7,15,9,0.57,0.1428571428571428,0.1428571428571428,0.0,0.0,0.0,0.0,0.0,0.0,0.0,0.0,0.0,0.0,0.0,0.0,0.0,0.0
11,15,0,0.45,0.09090909090909091,0.09090909090909091,0.0,0.0,0.0,0.0,0.0,0.0,0.0,0.0,0.0,0.0,0.0,0.0,0.0,0.0
15,15,8,0.4,0.06666666666666667,0.3333333333333333,0.0,0.06666666666666667,0.0,0.0,0.0,0.0,0.0,0.0,0.0,0.0,0.0,0.0,0.0,0.0
4,15,10,0.75,0.25,0.0,0.0,0.0,0.0,0.0,0.0,0.0,0.0,0.0,0.0,0.0,0.0,0.0,0.0,0.0
9,15,4,0.56,0.1111111111111111,0.1111111111111111,0.2222222222222222,0.1111111111111111,0.0,0.0,0.0,0.125,0.0,0.0,0.0,0.6521809953226201,0.0,0.0,0.0,0.1333333333333333
5,15,15,0.2,0.2,0.0,0.0,0.0,0.0,0.0,0.0,0.0,0.0,0.0,0.0,0.0,0.0,0.0,0.0,0.0
8,15,19,0.12,0.0,0.0,0.0,0.0,0.0,0.0,0.0,0.0,0.0,0.0,0.0,0.0,0.0,0.0,0.0,0.0
14,15,9,0.5,0.07142857142857142,0.1428571428571428,0.1428571428571428,0.0,0.0,0.0,0.0,0.0,0.0,0.0,0.0,0.0,0.0,0.0,0.0,0.0
2,15,18,0.5,0.0,0.0,0.0,0.0,0.0,0.0,0.0,0.0,0.0,0.0,0.0,0.0,0.0,0.0,0.0,0.0
5,16,2,0.2,0.0,0.0,0.0,0.2,0.0,0.0,0.0,0.0,0.0,0.0,0.0,0.0,0.0,0.0,0.0,0.0
14,16,6,0.64,0.0,0.2857142857142857,0.1428571428571428,0.0,0.0,0.0,0.0,0.0,0.0,0.0,0.0,0.0,0.0,0.0,0.0,0.0
5,16,9,0.8,0.0,0.4,0.2,0.0,0.0,0.0,0.0,0.0,0.0,0.0,0.0,0.0,0.0,0.0,0.0,0.0
8,16,13,0.38,0.0,0.25,0.125,0.0,0.0,0.0,0.0,0.0,0.0,0.0,0.0,0.0,0.0,0.0,0.0,0.0
13,16,13,0.54,0.0,0.0,0.2307692307692308,0.07692307692307693,0.0,0.0,0.0,0.0,0.0,0.0,0.0,0.0,0.0,0.0,0.0,0.0
8,17,8,0.62,0.125,0.0,0.0,0.125,0.0,0.0,0.0,0.0,0.0,0.0,0.0,0.0,0.0,0.0,0.0,0.0
4,17,12,1.0,0.0,0.0,0.25,0.0,0.0,0.0,0.0,0.0,0.0,0.0,0.0,0.0,0.2,0.0,0.0,0.0
19,17,11,0.37,0.0,0.1052631578947368,0.05263157894736842,0.0,0.0,0.0,0.0,0.0,0.0,0.0,0.0,0.0,0.0,0.0,0.0,0.0
20,17,4,0.4,0.0,0.1,0.05,0.0,0.0,0.0,0.0,0.0,0.0,0.0,0.0,0.0,0.0,0.0,0.0,0.0
6,17,9,0.83,0.1666666666666667,0.3333333333333333,0.1666666666666667,0.0,0.0,0.0,0.0,0.0,0.0,0.0,0.0,0.0,0.0,0.0,0.0,0.0
7,17,14,0.71,0.1428571428571428,0.2857142857142857,0.1428571428571428,0.0,0.0,0.0,0.0,0.0,0.0,0.0,0.0,0.0,0.0,0.0,0.0,0.0
6,17,15,0.67,0.3333333333333333,0.1666666666666667,0.0,0.0,0.0,0.0,0.0,0.0,0.0,0.0,0.0,0.0,0.0,0.0,0.0,0.0
5,17,8,0.4,0.2,0.0,0.0,0.2,0.0,0.0,0.0,0.0,0.0,0.0,0.0,0.0,0.0,0.0,0.0,0.0
5,17,16,0.6,0.0,0.0,0.0,0.2,0.0,0.0,0.0,0.0,0.0,0.0,0.0,0.0,0.0,0.0,0.0,0.0
4,17,7,1.0,0.0,0.25,0.0,0.0,0.0,0.0,0.0,0.0,0.0,0.0,0.0,0.0,0.0,0.0,0.0,0.0
10,17,15,0.6,0.1,0.1,0.1,0.0,0.0,0.0,0.0,0.0,0.0,0.0,0.0,0.0,0.0,0.0,0.0,0.0
5,17,7,0.6,0.0,0.0,0.2,0.0,0.0,0.0,0.0,0.0,2.675538471877458,0.0,0.0,0.0,0.0,0.0,0.0,0.0
13,17,9,0.69,0.0,0.1538461538461539,0.1538461538461539,0.0,0.0,0.0,0.0,0.0,0.0,0.0,0.0,0.0,0.0,0.0,0.0,0.0
5,17,11,0.8,0.0,0.0,0.4,0.0,0.0,0.0,0.0,0.0,0.0,0.0,0.0,0.0,0.0,0.0,0.0,0.0
5,17,5,0.8,0.2,0.0,0.4,0.2,0.0,0.0,0.0,0.0,0.0,0.0,0.0,0.0,0.0,0.0,0.0,0.0
11,17,6,0.55,0.09090909090909091,0.1818181818181818,0.1818181818181818,0.0,0.0,0.0,0.0,0.0,0.0,0.0,0.0,0.0,0.0,0.0,0.0,0.0
4,17,7,0.75,0.0,0.0,0.0,0.0,0.0,0.0,0.0,0.0,0.0,0.0,0.0,0.0,0.0,0.0,0.0,0.0
2,17,16,0.5,0.0,0.0,0.0,0.0,0.0,0.0,0.0,0.0,0.0,0.0,0.0,0.0,0.0,0.0,0.0,0.0
19,17,0,0.37,0.1052631578947368,0.05263157894736842,0.0,0.0,0.0,0.0,0.0,0.0,0.0,0.0,0.0,0.0,0.0,0.0,0.0,0.0
22,17,9,0.55,0.04545454545454546,0.1818181818181818,0.1363636363636364,0.0,0.04761904761904762,0.0,0.0,0.0,0.0,0.1444693216018378,0.0,0.0,0.02439024390243903,0.0,0.0,0.0
23,17,9,0.57,0.04347826086956522,0.2173913043478261,0.1304347826086956,0.0,0.04545454545454546,0.0,0.0,0.0,0.0,0.1340950949904482,0.0,0.0,0.02325581395348837,0.0,0.0,0.0
8,17,14,0.62,0.0,0.125,0.125,0.0,0.0,0.0,0.0,0.0,0.0,0.0,0.0,0.0,0.0,0.0,0.0,0.0
5,18,9,0.8,0.0,0.2,0.2,0.0,0.0,0.0,0.0,0.0,0.0,0.0,0.0,0.0,0.0,0.0,0.0,0.0
5,19,1,0.2,0.0,0.0,0.0,0.0,0.0,0.0,0.0,0.0,0.0,0.0,0.0,0.0,0.0,0.0,0.0,0.0
5,19,13,0.2,0.0,0.2,0.0,0.0,0.0,0.0,0.0,0.0,0.0,0.0,0.0,0.0,0.0,0.0,0.0,0.0
6,19,17,0.33,0.0,0.0,0.1666666666666667,0.1666666666666667,0.0,0.2,0.0,0.0,0.0,0.0,1.91030777304933,0.0,0.0,0.1111111111111111,0.0,0.0
4,19,16,0.5,0.0,0.0,0.0,0.0,0.0,0.0,0.0,0.0,0.0,0.0,0.0,0.0,0.0,0.0,0.0,0.0
4,19,8,0.5,0.0,0.0,0.0,0.25,0.0,0.0,0.0,0.0,0.0,0.0,0.0,0.0,0.0,0.0,0.0,0.0
9,19,9,0.44,0.0,0.1111111111111111,0.1111111111111111,0.1111111111111111,0.0,0.0,0.0,0.0,0.0,0.0,0.0,0.0,0.0,0.0,0.0,0.0
3,5,19,0.33,0.3333333333333333,0.0,0.0,0.0,0.0,0.0,0.0,0.0,0.0,0.0,0.0,0.0,0.0,0.0,0.0,0.0
3,7,12,0.67,0.0,0.0,0.3333333333333333,0.0,0.0,0.0,0.0,0.0,0.0,0.0,0.0,0.0,0.0,0.0,0.0,0.0
6,11,7,0.33,0.0,0.0,0.0,0.0,0.0,0.0,0.0,0.0,0.0,0.0,0.0,0.0,0.0,0.0,0.0,0.0
6,11,9,0.33,0.0,0.3333333333333333,0.0,0.0,0.0,0.0,0.0,0.0,0.0,0.0,0.0,0.0,0.0,0.0,0.0,0.0
5,15,16,0.0,0.0,0.0,0.0,0.0,0.0,0.0,0.0,0.0,0.0,0.0,0.0,0.0,0.0,0.0,0.0,0.0
5,18,0,0.6,0.0,0.0,0.0,0.0,0.0,0.0,0.0,0.0,0.0,0.0,0.0,0.0,0.0,0.0,0.0,0.0
5,18,0,0.6,0.0,0.2,0.0,0.0,0.0,0.0,0.0,0.0,0.0,0.0,0.0,0.0,0.0,0.0,0.0,0.0
4,0,15,0.5,0.0,0.0,0.0,0.0,0.0,0.0,0.0,0.0,0.0,0.0,0.0,0.0,0.0,0.0,0.0,0.0
5,8,9,0.2,0.0,0.2,0.0,0.2,0.0,0.0,0.0,0.0,0.0,0.0,0.0,0.0,0.0,0.0,0.0,0.0
8,8,4,0.75,0.125,0.25,0.125,0.125,0.0,0.0,0.0,0.0,0.0,0.0,0.0,0.0,0.0,0.0,0.0,0.0
6,4,14,0.83,0.0,0.3333333333333333,0.1666666666666667,0.0,0.0,0.0,0.0,0.0,0.0,0.0,0.0,0.0,0.0,0.0,0.0,0.0
5,9,14,0.6,0.0,0.2,0.2,0.0,0.0,0.0,0.0,0.0,0.0,0.0,0.0,0.0,0.0,0.0,0.0,0.0
10,19,19,0.3,0.0,0.1,0.1,0.1,0.0,0.0,0.0,0.0,0.0,0.0,0.0,0.0,0.0,0.0,0.0,0.0
2,19,15,0.0,0.0,0.0,0.0,0.0,0.0,0.0,0.0,0.0,0.0,0.0,0.0,0.0,0.0,0.0,0.0,0.0
3,7,19,0.33,0.0,0.0,0.0,0.0,0.0,0.0,0.0,0.0,0.0,0.0,0.0,0.0,0.0,0.0,0.0,0.0
10,18,-1,0.5,0.1,0.3,0.0,0.0,0.0,0.0,0.0,0.0,0.0,0.0,0.0,0.0,0.0,0.0,0.0,0.0
10,12,9,0.4,0.0,0.2,0.1,0.0,0.0,0.0,0.0,0.0,0.0,0.0,0.0,0.0,0.0,0.0,0.0,0.0
11,13,7,0.64,0.09090909090909091,0.09090909090909091,0.1818181818181818,0.0,0.0,0.1,0.0,0.1,0.0,0.0,0.6680565260140084,0.4625065378682232,0.0,0.05263157894736842,0.0,0.05263157894736842
4,7,8,0.5,0.0,0.0,0.0,0.25,0.0,0.0,0.0,0.0,0.0,0.0,0.0,0.0,0.0,0.0,0.0,0.0
3,17,19,0.33,0.0,0.0,0.0,0.0,0.0,0.0,0.0,0.0,0.0,0.0,0.0,0.0,0.0,0.0,0.0,0.0
3,7,7,1.0,0.0,0.0,0.3333333333333333,0.0,0.0,0.0,0.0,0.0,0.0,0.0,0.0,0.0,0.0,0.0,0.0,0.0
2,18,4,1.0,0.0,0.0,0.0,0.0,0.0,0.0,0.0,0.0,0.0,0.0,0.0,0.0,0.0,0.0,0.0,0.0
5,19,14,0.0,0.0,0.0,0.0,0.2,0.0,0.0,0.0,0.0,0.0,0.0,0.0,0.0,0.0,0.0,0.0,0.0
3,19,8,0.0,0.0,0.0,0.0,0.3333333333333333,0.0,0.0,0.0,0.0,0.0,0.0,0.0,0.0,0.0,0.0,0.0,0.0
5,9,13,0.8,0.0,0.2,0.4,0.0,0.0,0.0,0.0,0.0,0.0,0.0,0.0,0.0,0.0,0.0,0.0,0.0
3,7,10,1.0,0.0,0.0,0.3333333333333333,0.0,0.0,0.0,0.0,0.0,0.0,0.0,0.0,0.0,0.0,0.0,0.0,0.0
7,17,-1,0.43,0.0,0.1428571428571428,0.1428571428571428,0.0,0.0,0.1666666666666667,0.0,0.0,0.0,0.0,1.450062043371467,0.0,0.0,0.09090909090909091,0.0,0.0
2,17,2,0.5,0.0,0.0,0.0,0.0,0.0,0.0,0.0,0.0,0.0,0.0,0.0,0.0,0.0,0.0,0.0,0.0
6,14,5,0.33,0.1666666666666667,0.0,0.1666666666666667,0.0,0.0,0.2,0.0,0.0,0.0,0.0,1.91030777304933,0.0,0.0,0.1111111111111111,0.0,0.0
4,12,4,0.5,0.0,0.0,0.25,0.0,0.0,0.0,0.0,0.0,0.0,0.0,0.0,0.0,0.0,0.0,0.0,0.0
3,19,2,0.0,0.0,0.0,0.0,0.3333333333333333,0.0,0.0,0.0,0.0,0.0,0.0,0.0,0.0,0.0,0.0,0.0,0.0
3,4,8,0.33,0.0,0.0,0.0,0.3333333333333333,0.0,0.0,0.0,0.0,0.0,0.0,0.0,0.0,0.0,0.0,0.0,0.0
3,4,15,0.67,0.0,0.0,0.0,0.0,0.0,0.0,0.0,0.0,0.0,0.0,0.0,0.0,0.0,0.0,0.0,0.0
4,4,3,0.25,0.0,0.0,0.0,0.25,0.0,0.0,0.0,0.0,0.0,0.0,0.0,0.0,0.0,0.0,0.0,0.0
4,17,19,0.75,0.25,0.0,0.25,0.0,0.0,0.0,0.0,0.3333333333333333,0.0,0.0,0.0,2.903253436546509,0.0,0.0,0.0,0.2
6,4,5,0.67,0.1666666666666667,0.0,0.1666666666666667,0.0,0.0,0.0,0.0,0.0,0.0,0.0,0.0,0.0,0.0,0.1111111111111111,0.0,0.0
21,5,12,0.38,0.09523809523809523,0.04761904761904762,0.1428571428571428,0.1428571428571428,0.0,0.0,0.0,0.0,0.0,0.0,0.0,0.0,0.0,0.0,0.02564102564102564,0.0
7,4,0,0.71,0.1428571428571428,0.0,0.1428571428571428,0.0,0.0,0.0,0.0,0.0,0.0,0.0,0.0,0.0,0.0,0.09090909090909091,0.0,0.0
10,17,4,0.5,0.0,0.0,0.1,0.0,0.0,0.1111111111111111,0.0,0.0,0.0,0.0,0.7841562911864778,0.0,0.0,0.05882352941176471,0.0,0.0
16,1,13,0.25,0.0625,0.0625,0.0,0.0,0.0,0.0,0.0,0.0,0.0,0.0,0.0,0.0,0.0,0.0,0.0,0.0
11,4,-1,0.45,0.0,0.09090909090909091,0.09090909090909091,0.0,0.0,0.0,0.0,0.0,0.0,0.0,0.0,0.0,0.0,0.05263157894736842,0.0,0.0
7,4,3,0.43,0.0,0.1428571428571428,0.1428571428571428,0.0,0.0,0.1666666666666667,0.0,0.0,0.0,0.0,1.450062043371467,0.0,0.0,0.09090909090909091,0.0,0.0
10,17,11,0.4,0.0,0.0,0.1,0.0,0.0,0.0,0.0,0.0,0.0,0.0,0.0,0.0,0.0,0.0,0.0,0.0
7,4,5,0.86,0.1428571428571428,0.0,0.0,0.0,0.0,0.0,0.0,0.0,0.0,0.0,0.0,0.0,0.0,0.0,0.0,0.0
8,5,15,0.75,0.375,0.0,0.0,0.0,0.0,0.0,0.0,0.0,0.0,0.0,0.0,0.0,0.0,0.0,0.0,0.0
2,19,7,0.5,0.0,0.0,0.0,0.0,0.0,0.0,0.0,0.0,0.0,0.0,0.0,0.0,0.0,0.0,0.0,0.0
8,15,0,0.62,0.0,0.0,0.125,0.0,0.0,0.0,0.0,0.0,0.0,0.0,0.0,0.0,0.0,0.0,0.0,0.0
5,5,-1,0.6,0.2,0.0,0.0,0.0,0.0,0.0,0.0,0.0,0.0,0.0,0.0,0.0,0.0,0.0,0.0,0.0
5,10,2,0.6,0.0,0.0,0.0,0.0,0.0,0.0,0.0,0.0,0.0,0.0,0.0,0.0,0.0,0.0,0.0,0.0
7,19,8,0.71,0.1428571428571428,0.2857142857142857,0.0,0.1428571428571428,0.0,0.0,0.0,0.0,0.0,0.0,0.0,0.0,0.0,0.0,0.0,0.0
5,4,16,0.4,0.0,0.0,0.0,0.0,0.0,0.0,0.0,0.0,0.0,0.0,0.0,0.0,0.0,0.0,0.0,0.0
3,17,3,0.67,0.0,0.0,0.0,0.0,0.0,0.0,0.0,0.0,0.0,0.0,0.0,0.0,0.0,0.0,0.0,0.0
3,17,5,1.0,0.3333333333333333,0.0,0.0,0.0,0.0,0.0,0.0,0.0,0.0,0.0,0.0,0.0,0.0,0.0,0.0,0.0
4,9,9,0.75,0.0,0.5,0.25,0.0,0.0,0.0,0.0,0.0,0.0,0.0,0.0,0.0,0.0,0.0,0.0,0.0
6,19,3,0.5,0.0,0.1666666666666667,0.0,0.0,0.0,0.0,0.0,0.0,0.0,0.0,0.0,0.0,0.0,0.0,0.0,0.0
6,9,4,0.5,0.0,0.3333333333333333,0.0,0.0,0.0,0.0,0.0,0.0,0.0,0.0,0.0,0.0,0.0,0.0,0.0,0.0
10,12,9,0.6,0.3,0.1,0.1,0.0,0.0,0.0,0.0,0.0,0.0,0.0,0.0,0.0,0.0,0.0,0.0,0.0
16,17,4,0.5,0.125,0.0,0.0,0.0,0.0,0.0,0.0,0.0,0.0,0.0,0.0,0.0,0.0,0.0,0.0,0.0
9,17,8,0.56,0.0,0.2222222222222222,0.0,0.1111111111111111,0.0,0.0,0.0,0.0,0.0,0.0,0.0,0.0,0.0,0.0,0.0,0.0
6,4,8,0.67,0.0,0.0,0.1666666666666667,0.1666666666666667,0.2,0.0,0.0,0.0,0.0,1.337554771413759,0.0,0.0,0.1111111111111111,0.0,0.0,0.0
4,4,4,0.75,0.25,0.0,0.0,0.0,0.0,0.0,0.0,0.0,0.0,0.0,0.0,0.0,0.0,0.0,0.0,0.0
4,15,18,0.5,0.0,0.0,0.25,0.0,0.0,0.0,0.0,0.0,0.0,0.0,0.0,0.0,0.0,0.0,0.0,0.0
3,14,18,0.33,0.0,0.0,0.0,0.0,0.0,0.0,0.0,0.0,0.0,0.0,0.0,0.0,0.0,0.0,0.0,0.0
8,10,3,0.38,0.0,0.0,0.125,0.0,0.0,0.0,0.0,0.0,0.0,0.0,0.0,0.0,0.07692307692307693,0.0,0.0,0.0
5,9,19,0.2,0.0,0.2,0.0,0.0,0.0,0.0,0.0,0.0,0.0,0.0,0.0,0.0,0.0,0.0,0.0,0.0
3,18,14,0.67,0.0,0.0,0.0,0.0,0.0,0.0,0.0,0.0,0.0,0.0,0.0,0.0,0.0,0.0,0.0,0.0
3,18,14,0.33,0.0,0.0,0.0,0.0,0.0,0.0,0.0,0.0,0.0,0.0,0.0,0.0,0.0,0.0,0.0,0.0
10,7,17,0.6,0.0,0.0,0.1,0.2,0.0,0.0,0.0,0.0,0.0,0.0,0.0,0.0,0.0,0.0,0.05882352941176471,0.0
7,0,9,0.57,0.0,0.1428571428571428,0.0,0.0,0.0,0.0,0.0,0.0,0.0,0.0,0.0,0.0,0.0,0.0,0.0,0.0
6,0,9,0.5,0.0,0.1666666666666667,0.0,0.0,0.0,0.0,0.0,0.0,0.0,0.0,0.0,0.0,0.0,0.0,0.0,0.0
5,17,3,0.4,0.0,0.0,0.0,0.0,0.0,0.0,0.0,0.0,0.0,0.0,0.0,0.0,0.0,0.0,0.0,0.0
6,9,10,0.83,0.0,0.3333333333333333,0.1666666666666667,0.1666666666666667,0.0,0.0,0.0,0.0,0.0,0.0,0.0,0.0,0.1111111111111111,0.0,0.0,0.0
6,9,16,0.5,0.0,0.1666666666666667,0.0,0.0,0.0,0.0,0.0,0.0,0.0,0.0,0.0,0.0,0.0,0.0,0.0,0.0
6,7,16,0.67,0.0,0.0,0.0,0.0,0.0,0.0,0.0,0.0,0.0,0.0,0.0,0.0,0.0,0.0,0.0,0.0
7,2,9,0.57,0.0,0.1428571428571428,0.1428571428571428,0.0,0.1666666666666667,0.0,0.0,0.0,0.0,1.013041035632833,0.0,0.0,0.09090909090909091,0.0,0.0,0.0
6,17,19,0.33,0.0,0.1666666666666667,0.0,0.0,0.0,0.0,0.0,0.0,0.0,0.0,0.0,0.0,0.0,0.0,0.0,0.0
10,9,19,0.3,0.0,0.2,0.0,0.2,0.0,0.0,0.1111111111111111,0.0,0.0,0.0,0.0,0.0,0.0,0.0,0.05882352941176471,0.0
7,2,19,0.0,0.0,0.0,0.0,0.2857142857142857,0.0,0.0,0.1666666666666667,0.0,0.0,0.0,0.0,0.0,0.0,0.0,0.09090909090909091,0.0
7,9,5,0.57,0.1428571428571428,0.1428571428571428,0.2857142857142857,0.1428571428571428,0.0,0.0,0.0,0.0,0.0,0.0,0.0,0.0,0.0,0.0,0.0,0.0
3,16,19,0.33,0.0,0.0,0.0,0.0,0.0,0.0,0.0,0.0,0.0,0.0,0.0,0.0,0.0,0.0,0.0,0.0
3,0,19,0.67,0.0,0.0,0.0,0.0,0.0,0.0,0.0,0.0,0.0,0.0,0.0,0.0,0.0,0.0,0.0,0.0
2,10,1,0.5,0.0,0.0,0.0,0.0,0.0,0.0,0.0,0.0,0.0,0.0,0.0,0.0,0.0,0.0,0.0,0.0
9,5,16,0.78,0.3333333333333333,0.0,0.3333333333333333,0.0,0.0,0.0,0.0,0.375,0.0,0.0,0.0,2.003010654991682,0.06666666666666667,0.0,0.0,0.2
3,7,4,0.67,0.0,0.0,0.0,0.0,0.0,0.0,0.0,0.0,0.0,0.0,0.0,0.0,0.0,0.0,0.0,0.0
3,3,4,0.67,0.3333333333333333,0.0,0.0,0.0,0.0,0.0,0.0,0.0,0.0,0.0,0.0,0.0,0.0,0.0,0.0,0.0
9,5,14,0.56,0.3333333333333333,0.0,0.1111111111111111,0.0,0.0,0.0,0.0,0.0,0.0,0.0,0.0,0.0,0.0,0.0,0.0,0.06666666666666667
9,9,8,0.78,0.1111111111111111,0.3333333333333333,0.1111111111111111,0.1111111111111111,0.0,0.0,0.0,0.0,0.0,0.0,0.0,0.0,0.0,0.0,0.0,0.0
2,15,12,0.5,0.0,0.0,0.5,0.0,0.0,0.0,0.0,0.0,0.0,0.0,0.0,0.0,0.0,0.0,0.0,0.0
5,17,4,0.4,0.0,0.0,0.0,0.0,0.0,0.0,0.0,0.0,0.0,0.0,0.0,0.0,0.0,0.0,0.0,0.0
5,17,17,0.8,0.2,0.0,0.0,0.0,0.0,0.0,0.0,0.0,0.0,0.0,0.0,0.0,0.0,0.0,0.0,0.0
3,4,10,0.67,0.0,0.0,0.0,0.0,0.0,0.0,0.0,0.0,0.0,0.0,0.0,0.0,0.0,0.0,0.0,0.0
4,4,17,0.75,0.0,0.0,0.0,0.0,0.0,0.0,0.0,0.0,0.0,0.0,0.0,0.0,0.0,0.0,0.0,0.0
8,5,12,0.75,0.375,0.0,0.375,0.0,0.0,0.0,0.0,0.4285714285714285,0.0,0.0,0.0,2.450757957257831,0.0,0.0,0.0,0.2307692307692308
4,18,18,0.75,0.0,0.0,0.0,0.0,0.0,0.0,0.0,0.0,0.0,0.0,0.0,0.0,0.0,0.0,0.0,0.0
4,18,18,0.75,0.0,0.0,0.0,0.0,0.0,0.0,0.0,0.0,0.0,0.0,0.0,0.0,0.0,0.0,0.0,0.0
4,18,4,0.75,0.0,0.0,0.0,0.0,0.0,0.0,0.0,0.0,0.0,0.0,0.0,0.0,0.0,0.0,0.0,0.0
4,18,4,0.5,0.0,0.0,0.0,0.0,0.0,0.0,0.0,0.0,0.0,0.0,0.0,0.0,0.0,0.0,0.0,0.0
4,18,17,0.75,0.0,0.0,0.0,0.0,0.0,0.0,0.0,0.0,0.0,0.0,0.0,0.0,0.0,0.0,0.0,0.0
4,14,2,0.5,0.0,0.0,0.0,0.0,0.0,0.0,0.0,0.0,0.0,0.0,0.0,0.0,0.0,0.0,0.0,0.0
4,19,8,0.25,0.0,0.0,0.0,0.25,0.0,0.0,0.0,0.0,0.0,0.0,0.0,0.0,0.0,0.0,0.0,0.0
4,18,18,0.75,0.0,0.0,0.0,0.0,0.0,0.0,0.0,0.0,0.0,0.0,0.0,0.0,0.0,0.0,0.0,0.0
4,18,19,0.5,0.0,0.0,0.0,0.0,0.0,0.0,0.0,0.0,0.0,0.0,0.0,0.0,0.0,0.0,0.0,0.0
4,14,13,0.0,0.0,0.0,0.0,0.0,0.0,0.0,0.0,0.0,0.0,0.0,0.0,0.0,0.0,0.0,0.0,0.0
4,5,5,0.75,0.75,0.0,0.0,0.0,0.0,0.0,0.0,0.0,0.0,0.0,0.0,0.0,0.0,0.0,0.0,0.0
4,15,5,0.75,0.75,0.0,0.0,0.0,0.0,0.0,0.0,0.0,0.0,0.0,0.0,0.0,0.0,0.0,0.0,0.0
6,2,19,0.33,0.3333333333333333,0.0,0.0,0.0,0.0,0.0,0.0,0.0,0.0,0.0,0.0,0.0,0.0,0.0,0.0,0.0
8,11,14,0.25,0.125,0.0,0.0,0.0,0.0,0.0,0.0,0.0,0.0,0.0,0.0,0.0,0.0,0.0,0.0,0.0
3,17,14,0.67,0.0,0.0,0.0,0.0,0.0,0.0,0.0,0.0,0.0,0.0,0.0,0.0,0.0,0.0,0.0,0.0
4,11,14,0.0,0.0,0.0,0.0,0.0,0.0,0.0,0.0,0.0,0.0,0.0,0.0,0.0,0.0,0.0,0.0,0.0
4,9,19,0.75,0.25,0.25,0.25,0.0,0.0,0.0,0.0,0.3333333333333333,0.0,0.0,0.0,2.903253436546509,0.0,0.0,0.0,0.2
7,17,19,0.57,0.1428571428571428,0.1428571428571428,0.1428571428571428,0.0,0.0,0.0,0.0,0.0,0.0,0.0,0.0,0.0,0.0,0.0,0.0,0.0
6,13,14,0.67,0.1666666666666667,0.0,0.1666666666666667,0.0,0.0,0.0,0.0,0.0,0.0,0.0,0.0,0.0,0.0,0.0,0.0,0.0
4,9,18,0.75,0.25,0.25,0.0,0.0,0.0,0.0,0.0,0.0,0.0,0.0,0.0,0.0,0.0,0.0,0.0,0.0
8,13,14,0.62,0.125,0.125,0.125,0.0,0.0,0.0,0.0,0.0,0.0,0.0,0.0,0.0,0.0,0.0,0.0,0.0
3,9,18,0.67,0.0,0.3333333333333333,0.0,0.0,0.0,0.0,0.0,0.0,0.0,0.0,0.0,0.0,0.0,0.0,0.0,0.0
5,11,18,0.6,0.2,0.2,0.0,0.0,0.0,0.0,0.0,0.0,0.0,0.0,0.0,0.0,0.0,0.0,0.0,0.0
6,8,19,0.5,0.1666666666666667,0.3333333333333333,0.0,0.1666666666666667,0.0,0.0,0.0,0.0,0.0,0.0,0.0,0.0,0.0,0.0,0.0,0.0
5,12,18,0.8,0.0,0.0,0.6,0.0,0.0,0.25,0.0,0.0,0.0,0.0,2.675538471877458,0.0,0.0,0.1428571428571428,0.0,0.0
3,8,9,0.33,0.0,0.3333333333333333,0.0,0.3333333333333333,0.0,0.0,0.0,0.0,0.0,0.0,0.0,0.0,0.0,0.0,0.0,0.0
3,12,19,0.67,0.0,0.0,0.6666666666666666,0.0,0.0,0.0,0.0,0.0,0.0,0.0,0.0,0.0,0.0,0.0,0.0,0.0
5,9,14,0.6,0.0,0.4,0.2,0.0,0.0,0.0,0.0,0.0,0.0,0.0,0.0,0.0,0.0,0.0,0.0,0.0
4,9,14,0.75,0.0,0.25,0.25,0.0,0.0,0.0,0.0,0.0,0.0,0.0,0.0,0.0,0.0,0.0,0.0,0.0
7,15,8,0.43,0.0,0.0,0.1428571428571428,0.1428571428571428,0.0,0.0,0.0,0.0,1.450062043371467,0.0,0.0,0.0,0.0,0.0,0.0,0.0
8,15,8,0.38,0.0,0.0,0.125,0.125,0.0,0.0,0.0,0.0,0.0,0.0,0.0,0.0,0.0,0.0,0.0,0.0
7,4,8,0.57,0.0,0.0,0.1428571428571428,0.1428571428571428,0.0,0.0,0.0,0.0,0.0,0.0,0.0,0.0,0.0,0.0,0.0,0.0
5,18,14,0.4,0.0,0.0,0.2,0.0,0.0,0.0,0.0,0.0,0.0,0.0,0.0,0.0,0.0,0.0,0.0,0.0
5,9,14,0.6,0.0,0.2,0.2,0.0,0.0,0.0,0.0,0.0,0.0,0.0,0.0,0.0,0.0,0.0,0.0,0.0
6,9,14,0.67,0.0,0.5,0.1666666666666667,0.0,0.0,0.0,0.0,0.0,0.0,0.0,0.0,0.0,0.0,0.0,0.0,0.0
3,0,14,0.67,0.0,0.0,0.0,0.0,0.0,0.0,0.0,0.0,0.0,0.0,0.0,0.0,0.0,0.0,0.0,0.0
7,13,9,0.71,0.0,0.2857142857142857,0.2857142857142857,0.0,0.0,0.0,0.0,0.0,0.0,0.0,0.0,0.0,0.0,0.0,0.0,0.0
7,4,4,0.86,0.1428571428571428,0.0,0.2857142857142857,0.0,0.0,0.0,0.0,0.0,0.0,0.0,0.0,0.0,0.0,0.0,0.0,0.0
8,15,4,0.75,0.0,0.25,0.25,0.0,0.0,0.0,0.0,0.0,0.0,0.0,0.0,0.0,0.0,0.0,0.0,0.0
6,9,12,0.67,0.0,0.1666666666666667,0.3333333333333333,0.0,0.0,0.0,0.0,0.0,0.0,0.0,0.0,0.0,0.0,0.1111111111111111,0.0,0.0
5,18,13,0.6,0.0,0.0,0.2,0.0,0.0,0.0,0.0,0.0,0.0,0.0,0.0,0.0,0.0,0.1428571428571428,0.0,0.0
5,0,12,0.6,0.0,0.0,0.2,0.2,0.0,0.0,0.0,0.0,0.0,0.0,0.0,0.0,0.0,0.0,0.0,0.0
5,9,12,0.6,0.0,0.2,0.2,0.4,0.25,0.0,0.25,0.0,0.0,1.877504021287143,0.0,0.0,0.1428571428571428,0.0,0.1428571428571428,0.0
5,9,0,0.8,0.0,0.2,0.0,0.2,0.0,0.0,0.0,0.0,0.0,0.0,0.0,0.0,0.0,0.0,0.0,0.0
5,17,8,0.6,0.0,0.0,0.2,0.2,0.0,0.0,0.0,0.0,0.0,0.0,0.0,0.0,0.1428571428571428,0.0,0.0,0.0
4,8,12,0.75,0.0,0.25,0.25,0.25,0.0,0.0,0.0,0.0,0.0,0.0,0.0,0.0,0.0,0.0,0.0,0.0
6,17,8,0.67,0.1666666666666667,0.0,0.0,0.1666666666666667,0.0,0.0,0.0,0.0,0.0,0.0,0.0,0.0,0.0,0.0,0.0,0.0
6,7,15,0.5,0.1666666666666667,0.0,0.0,0.1666666666666667,0.0,0.0,0.0,0.0,0.0,0.0,0.0,0.0,0.0,0.0,0.0,0.0
6,17,6,0.83,0.3333333333333333,0.0,0.0,0.0,0.0,0.0,0.0,0.0,0.0,0.0,0.0,0.0,0.0,0.0,0.0,0.0
7,15,3,0.29,0.0,0.0,0.0,0.1428571428571428,0.0,0.0,0.0,0.0,0.0,0.0,0.0,0.0,0.0,0.0,0.0,0.0
5,12,12,0.8,0.2,0.2,0.4,0.0,0.0,0.0,0.0,0.0,0.0,0.0,0.0,0.0,0.0,0.0,0.0,0.0
3,18,9,0.67,0.0,0.3333333333333333,0.0,0.0,0.0,0.0,0.0,0.0,0.0,0.0,0.0,0.0,0.0,0.0,0.0,0.0
4,16,4,0.5,0.0,0.0,0.0,0.0,0.0,0.0,0.0,0.0,0.0,0.0,0.0,0.0,0.0,0.0,0.0,0.0
3,18,7,0.67,0.0,0.0,0.0,0.0,0.0,0.0,0.0,0.0,0.0,0.0,0.0,0.0,0.0,0.0,0.0,0.0
5,2,9,0.8,0.4,0.2,0.0,0.0,0.0,0.0,0.0,0.0,0.0,0.0,0.0,0.0,0.0,0.0,0.0,0.0
5,9,4,0.8,0.0,0.2,0.0,0.0,0.0,0.0,0.0,0.0,0.0,0.0,0.0,0.0,0.0,0.0,0.0,0.0
4,2,19,0.25,0.0,0.25,0.0,0.0,0.0,0.0,0.0,0.0,0.0,0.0,0.0,0.0,0.0,0.0,0.0,0.0
9,7,9,0.78,0.1111111111111111,0.2222222222222222,0.0,0.0,0.0,0.0,0.0,0.0,0.0,0.0,0.0,0.0,0.0,0.0,0.0,0.0
3,4,14,0.67,0.3333333333333333,0.0,0.0,0.0,0.0,0.0,0.0,0.0,0.0,0.0,0.0,0.0,0.0,0.0,0.0,0.0
3,14,9,0.33,0.0,0.3333333333333333,0.0,0.0,0.0,0.0,0.0,0.0,0.0,0.0,0.0,0.0,0.0,0.0,0.0,0.0
5,7,5,1.0,0.2,0.0,0.0,0.0,0.0,0.0,0.0,0.0,0.0,0.0,0.0,0.0,0.0,0.0,0.0,0.0
6,8,19,0.33,0.0,0.0,0.0,0.1666666666666667,0.0,0.0,0.0,0.0,0.0,0.0,0.0,0.0,0.0,0.0,0.0,0.0
5,13,13,0.4,0.0,0.4,0.0,0.0,0.0,0.0,0.0,0.0,0.0,0.0,0.0,0.0,0.0,0.0,0.0,0.0
10,17,11,0.8,0.1,0.0,0.4,0.0,0.0,0.1111111111111111,0.0,0.1111111111111111,0.0,0.0,0.7841562911864778,0.544128004872977,0.0,0.05882352941176471,0.0,0.05882352941176471
10,0,14,0.8,0.1,0.0,0.1,0.0,0.0,0.0,0.0,0.0,0.0,0.0,0.0,0.0,0.0,0.0,0.0,0.0
6,12,16,0.67,0.1666666666666667,0.0,0.1666666666666667,0.1666666666666667,0.0,0.0,0.0,0.0,0.0,0.0,0.0,0.0,0.0,0.0,0.0,0.0
4,9,4,1.0,0.0,0.25,0.25,0.0,0.3333333333333333,0.0,0.0,0.0,0.0,2.903253436546509,0.0,0.0,0.2,0.0,0.0,0.0
3,0,11,0.67,0.0,0.0,0.0,0.0,0.0,0.0,0.0,0.0,0.0,0.0,0.0,0.0,0.0,0.0,0.0,0.0
3,1,8,0.33,0.0,0.0,0.0,0.3333333333333333,0.0,0.0,0.0,0.0,0.0,0.0,0.0,0.0,0.0,0.0,0.0,0.0
3,5,14,0.67,0.3333333333333333,0.0,0.0,0.0,0.0,0.0,0.0,0.0,0.0,0.0,0.0,0.0,0.0,0.0,0.0,0.0
3,18,8,0.67,0.0,0.0,0.0,0.3333333333333333,0.0,0.0,0.0,0.0,0.0,0.0,0.0,0.0,0.0,0.0,0.0,0.0
3,18,8,0.33,0.0,0.0,0.0,0.3333333333333333,0.0,0.0,0.0,0.0,0.0,0.0,0.0,0.0,0.0,0.0,0.0,0.0
3,18,8,0.67,0.3333333333333333,0.0,0.0,0.3333333333333333,0.0,0.0,0.0,0.0,0.0,0.0,0.0,0.0,0.0,0.0,0.0,0.0
3,0,18,0.67,0.0,0.0,0.0,0.0,0.0,0.0,0.0,0.0,0.0,0.0,0.0,0.0,0.0,0.0,0.0,0.0
10,2,14,0.7,0.3,0.1,0.0,0.0,0.0,0.0,0.0,0.0,0.0,0.0,0.0,0.0,0.0,0.0,0.0,0.0
6,4,19,0.67,0.0,0.1666666666666667,0.3333333333333333,0.0,0.0,0.2,0.0,0.0,0.0,0.0,1.91030777304933,0.0,0.0,0.1111111111111111,0.0,0.0
10,13,9,0.8,0.0,0.1,0.6,0.0,0.0,0.0,0.0,0.0,0.0,0.0,0.0,0.0,0.0,0.0,0.0,0.0
9,0,8,0.78,0.1111111111111111,0.0,0.2222222222222222,0.1111111111111111,0.125,0.0,0.0,0.0,0.0,0.6521809953226201,0.0,0.0,0.06666666666666667,0.0,0.0,0.0
10,3,14,0.5,0.0,0.1,0.2,0.1,0.1111111111111111,0.0,0.0,0.0,0.0,0.544128004872977,0.0,0.0,0.05882352941176471,0.0,0.0,0.0
3,7,5,1.0,0.3333333333333333,0.0,0.0,0.0,0.0,0.0,0.0,0.0,0.0,0.0,0.0,0.0,0.0,0.0,0.0,0.0
11,15,12,0.36,0.0,0.09090909090909091,0.09090909090909091,0.0,0.0,0.0,0.0,0.0,0.0,0.0,0.0,0.0,0.0,0.0,0.0,0.0
10,12,14,0.6,0.0,0.1,0.1,0.0,0.0,0.0,0.0,0.0,0.0,0.0,0.0,0.0,0.0,0.0,0.0,0.0
6,5,9,1.0,0.3333333333333333,0.3333333333333333,0.1666666666666667,0.0,0.0,0.0,0.0,0.2,0.0,0.0,0.0,1.337554771413759,0.0,0.0,0.0,0.1111111111111111
5,8,11,0.6,0.2,0.0,0.2,0.2,0.0,0.0,0.0,0.0,0.0,0.0,0.0,0.0,0.0,0.0,0.0,0.0
6,4,0,0.83,0.0,0.0,0.3333333333333333,0.0,0.0,0.0,0.0,0.0,0.0,0.0,0.0,0.0,0.0,0.0,0.0,0.0
6,19,14,0.33,0.0,0.0,0.1666666666666667,0.0,0.0,0.2,0.0,0.0,0.0,0.0,1.91030777304933,0.0,0.0,0.1111111111111111,0.0,0.0
6,2,14,0.33,0.0,0.0,0.0,0.0,0.0,0.0,0.0,0.0,0.0,0.0,0.0,0.0,0.0,0.0,0.0,0.0
7,5,4,0.57,0.1428571428571428,0.0,0.1428571428571428,0.2857142857142857,0.0,0.0,0.0,0.0,0.0,0.0,0.0,0.0,0.0,0.0,0.0,0.0
16,9,3,0.5,0.25,0.0625,0.0,0.125,0.0,0.0,0.0,0.0,0.0,0.0,0.0,0.0,0.0,0.0,0.0,0.0
15,0,3,0.47,0.1333333333333333,0.0,0.06666666666666667,0.06666666666666667,0.0,0.0,0.0,0.0,0.0,0.0,0.0,0.0,0.03703703703703703,0.0,0.0,0.0
5,5,19,0.2,0.2,0.0,0.0,0.0,0.0,0.0,0.0,0.0,0.0,0.0,0.0,0.0,0.0,0.0,0.0,0.0
5,13,14,0.4,0.0,0.2,0.2,0.0,0.0,0.0,0.0,0.0,0.0,0.0,0.0,0.0,0.0,0.1428571428571428,0.0,0.0
6,7,9,0.67,0.1666666666666667,0.1666666666666667,0.1666666666666667,0.0,0.0,0.0,0.0,0.0,0.0,0.0,0.0,0.0,0.0,0.0,0.0,0.0
7,19,9,0.57,0.0,0.1428571428571428,0.1428571428571428,0.0,0.1666666666666667,0.0,0.0,0.0,0.0,1.013041035632833,0.0,0.0,0.09090909090909091,0.0,0.0,0.0
5,9,14,0.4,0.0,0.2,0.2,0.0,0.0,0.25,0.0,0.0,0.0,0.0,2.675538471877458,0.0,0.0,0.1428571428571428,0.0,0.0
9,5,0,0.78,0.2222222222222222,0.0,0.1111111111111111,0.0,0.125,0.0,0.0,0.0,0.0,0.6521809953226201,0.0,0.0,0.06666666666666667,0.0,0.0,0.0
8,9,4,0.5,0.0,0.125,0.25,0.0,0.0,0.0,0.0,0.0,0.0,0.0,0.0,0.0,0.0,0.0,0.0,0.0
3,10,14,0.67,0.3333333333333333,0.0,0.0,0.0,0.0,0.0,0.0,0.0,0.0,0.0,0.0,0.0,0.0,0.0,0.0,0.0
4,6,4,0.25,0.0,0.0,0.0,0.0,0.0,0.0,0.0,0.0,0.0,0.0,0.0,0.0,0.0,0.0,0.0,0.0
10,12,2,0.5,0.0,0.1,0.2,0.0,0.0,0.0,0.0,0.0,0.0,0.0,0.0,0.0,0.0,0.0,0.0,0.0
10,3,4,0.3,0.0,0.0,0.1,0.0,0.0,0.0,0.0,0.0,0.0,0.0,0.0,0.0,0.0,0.0,0.0,0.0
12,12,4,0.83,0.0,0.0,0.3333333333333333,0.0,0.0,0.0,0.0,0.0,0.0,0.0,0.0,0.0,0.04761904761904762,0.0,0.0,0.0
8,12,9,0.5,0.0,0.125,0.25,0.0,0.0,0.0,0.0,0.0,0.0,0.0,0.0,0.0,0.0,0.0,0.0,0.0
7,9,12,0.86,0.0,0.5714285714285714,0.2857142857142857,0.1428571428571428,0.0,0.0,0.0,0.0,0.0,0.0,0.0,0.0,0.0,0.0,0.0,0.0
7,7,19,0.57,0.0,0.0,0.1428571428571428,0.0,0.0,0.0,0.0,0.0,0.0,0.0,0.0,0.0,0.0,0.0,0.0,0.0
9,7,12,0.89,0.0,0.1111111111111111,0.4444444444444444,0.0,0.0,0.0,0.0,0.0,0.0,0.0,0.0,0.0,0.0,0.0,0.0,0.0
4,17,9,0.75,0.0,0.5,0.0,0.0,0.0,0.0,0.0,0.0,0.0,0.0,0.0,0.0,0.0,0.0,0.0,0.0
4,9,12,1.0,0.25,0.25,0.5,0.0,0.0,0.0,0.0,0.3333333333333333,0.0,0.0,0.0,2.903253436546509,0.0,0.0,0.0,0.2
6,15,4,0.67,0.1666666666666667,0.0,0.1666666666666667,0.0,0.0,0.0,0.0,0.0,0.0,0.0,0.0,0.0,0.0,0.0,0.0,0.0
7,15,14,0.43,0.0,0.1428571428571428,0.1428571428571428,0.0,0.0,0.0,0.0,0.0,0.0,0.0,0.0,0.0,0.0,0.0,0.0,0.0
5,14,12,0.8,0.2,0.0,0.2,0.0,0.0,0.0,0.0,0.25,0.0,0.0,0.0,1.877504021287143,0.0,0.0,0.0,0.1428571428571428
5,15,8,0.4,0.2,0.0,0.2,0.2,0.0,0.0,0.0,0.25,0.0,0.0,0.0,1.877504021287143,0.0,0.0,0.0,0.1428571428571428
5,4,19,0.6,0.2,0.0,0.2,0.0,0.0,0.0,0.0,0.25,0.0,0.0,0.0,1.877504021287143,0.0,0.0,0.0,0.1428571428571428
5,15,18,0.8,0.2,0.0,0.4,0.0,0.0,0.0,0.0,0.25,0.0,0.0,0.0,1.877504021287143,0.0,0.0,0.0,0.1428571428571428
8,3,12,0.62,0.0,0.0,0.25,0.0,0.0,0.0,0.0,0.0,0.0,0.0,0.0,0.0,0.0,0.07692307692307693,0.0,0.0
5,7,14,0.4,0.0,0.2,0.0,0.0,0.0,0.0,0.0,0.0,0.0,0.0,0.0,0.0,0.0,0.0,0.0,0.0
8,17,12,0.75,0.125,0.0,0.5,0.125,0.0,0.0,0.0,0.1428571428571428,0.0,0.0,0.0,0.8003606431765009,0.0,0.0,0.0,0.07692307692307693
6,16,14,0.5,0.0,0.1666666666666667,0.1666666666666667,0.0,0.0,0.0,0.0,0.0,0.0,0.0,0.0,0.0,0.0,0.0,0.0,0.0
9,0,11,0.56,0.1111111111111111,0.1111111111111111,0.0,0.1111111111111111,0.0,0.0,0.0,0.0,0.0,0.0,0.0,0.0,0.0,0.0,0.0,0.0
6,8,14,0.5,0.0,0.0,0.3333333333333333,0.1666666666666667,0.0,0.0,0.0,0.0,0.0,0.0,0.0,0.0,0.0,0.0,0.0,0.0
8,17,4,0.88,0.125,0.0,0.375,0.0,0.0,0.0,0.0,0.0,0.0,0.0,0.0,0.0,0.0,0.0,0.0,0.07692307692307693
7,2,14,0.43,0.0,0.0,0.2857142857142857,0.0,0.0,0.1666666666666667,0.0,0.0,0.0,0.0,1.450062043371467,0.0,0.0,0.09090909090909091,0.0,0.0
6,0,15,0.67,0.0,0.0,0.3333333333333333,0.1666666666666667,0.0,0.0,0.0,0.0,0.0,0.0,0.0,0.0,0.1111111111111111,0.0,0.0,0.0
4,4,14,0.75,0.25,0.0,0.0,0.0,0.0,0.0,0.0,0.0,0.0,0.0,0.0,0.0,0.0,0.0,0.0,0.0
4,4,14,0.75,0.0,0.25,0.0,0.0,0.0,0.0,0.0,0.0,0.0,0.0,0.0,0.0,0.0,0.0,0.0,0.0
4,4,9,0.5,0.0,0.25,0.0,0.0,0.0,0.0,0.0,0.0,0.0,0.0,0.0,0.0,0.0,0.0,0.0,0.0
4,4,9,0.75,0.0,0.25,0.0,0.0,0.0,0.0,0.0,0.0,0.0,0.0,0.0,0.0,0.0,0.0,0.0,0.0
3,8,9,0.67,0.0,0.3333333333333333,0.0,0.3333333333333333,0.0,0.0,0.0,0.0,0.0,0.0,0.0,0.0,0.0,0.0,0.0,0.0
3,8,4,0.67,0.0,0.3333333333333333,0.0,0.3333333333333333,0.0,0.0,0.0,0.0,0.0,0.0,0.0,0.0,0.0,0.0,0.0,0.0
10,9,12,0.7,0.0,0.4,0.2,0.0,0.0,0.0,0.0,0.0,0.0,0.0,0.0,0.0,0.0,0.0,0.0,0.0
4,5,12,1.0,0.25,0.0,0.75,0.0,0.0,0.0,0.0,0.3333333333333333,0.0,0.0,0.0,2.903253436546509,0.0,0.0,0.0,0.4
5,9,12,0.8,0.0,0.2,0.6,0.0,0.0,0.25,0.0,0.0,0.0,0.0,2.675538471877458,0.0,0.0,0.2857142857142857,0.0,0.0
7,7,10,0.86,0.1428571428571428,0.0,0.2857142857142857,0.0,0.0,0.0,0.0,0.1666666666666667,0.0,0.0,0.0,1.013041035632833,0.0,0.0,0.0,0.09090909090909091
10,9,0,0.9,0.3,0.1,0.3,0.0,0.0,0.0,0.0,0.2222222222222222,0.0,0.0,0.0,1.110161078994405,0.0,0.0,0.0,0.1764705882352941
11,9,8,0.27,0.0,0.09090909090909091,0.0,0.09090909090909091,0.0,0.0,0.0,0.0,0.0,0.0,0.0,0.0,0.0,0.0,0.0,0.0
11,17,14,0.45,0.09090909090909091,0.09090909090909091,0.09090909090909091,0.0,0.0,0.0,0.0,0.0,0.0,0.0,0.0,0.0,0.0,0.0,0.0,0.0
7,7,19,0.29,0.0,0.0,0.0,0.0,0.0,0.0,0.0,0.0,0.0,0.0,0.0,0.0,0.0,0.0,0.0,0.0
7,9,10,0.86,0.1428571428571428,0.1428571428571428,0.2857142857142857,0.0,0.0,0.0,0.0,0.1666666666666667,0.0,0.0,0.0,1.013041035632833,0.0,0.0,0.0,0.09090909090909091
5,15,19,0.2,0.2,0.0,0.0,0.0,0.0,0.0,0.0,0.0,0.0,0.0,0.0,0.0,0.0,0.0,0.0,0.0
5,15,18,0.6,0.2,0.0,0.0,0.0,0.0,0.0,0.0,0.0,0.0,0.0,0.0,0.0,0.0,0.0,0.0,0.0
5,12,4,0.6,0.0,0.0,0.2,0.0,0.0,0.0,0.0,0.0,0.0,0.0,0.0,0.0,0.0,0.0,0.0,0.0
5,7,18,0.6,0.0,0.0,0.2,0.0,0.0,0.0,0.0,0.0,0.0,0.0,0.0,0.0,0.0,0.0,0.0,0.0
8,4,19,0.62,0.25,0.0,0.125,0.0,0.0,0.0,0.0,0.0,0.0,0.0,0.0,0.0,0.0,0.0,0.0,0.07692307692307693
10,17,13,0.7,0.2,0.1,0.1,0.0,0.0,0.0,0.0,0.0,0.0,0.0,0.0,0.0,0.0,0.0,0.0,0.0
6,19,4,0.5,0.0,0.3333333333333333,0.0,0.0,0.0,0.0,0.0,0.0,0.0,0.0,0.0,0.0,0.0,0.0,0.0,0.0
3,8,18,0.67,0.0,0.0,0.3333333333333333,0.3333333333333333,0.0,0.0,0.0,0.0,0.0,0.0,0.0,0.0,0.0,0.0,0.0,0.0
3,14,12,0.67,0.3333333333333333,0.0,0.3333333333333333,0.0,0.0,0.0,0.0,0.5,0.0,0.0,0.0,5.356850969652425,0.0,0.0,0.0,0.3333333333333333
8,17,12,0.62,0.0,0.25,0.125,0.0,0.0,0.0,0.0,0.0,0.0,0.0,0.0,0.0,0.0,0.0,0.0,0.0
5,12,12,1.0,0.2,0.0,0.6,0.0,0.0,0.0,0.0,0.0,0.0,0.0,0.0,0.0,0.0,0.0,0.0,0.1428571428571428
11,0,-1,0.64,0.09090909090909091,0.09090909090909091,0.1818181818181818,0.09090909090909091,0.0,0.0,0.0,0.0,0.0,0.0,0.0,0.0,0.05263157894736842,0.0,0.0,0.0
6,15,12,0.5,0.3333333333333333,0.0,0.1666666666666667,0.0,0.0,0.0,0.0,0.2,0.0,0.0,0.0,1.337554771413759,0.0,0.0,0.0,0.1111111111111111
8,0,19,0.88,0.125,0.0,0.375,0.0,0.0,0.0,0.0,0.0,0.0,0.0,0.0,0.0,0.07692307692307693,0.0,0.0,0.07692307692307693
6,15,16,0.5,0.1666666666666667,0.0,0.1666666666666667,0.0,0.0,0.0,0.0,0.0,0.0,0.0,0.0,0.0,0.0,0.0,0.0,0.0
5,13,5,0.8,0.6,0.0,0.0,0.0,0.0,0.0,0.0,0.0,0.0,0.0,0.0,0.0,0.0,0.0,0.0,0.0
6,8,4,0.5,0.0,0.0,0.1666666666666667,0.1666666666666667,0.0,0.2,0.0,0.0,1.91030777304933,0.0,1.91030777304933,0.0,0.0,0.1111111111111111,0.0,0.0
5,9,3,0.6,0.0,0.2,0.2,0.0,0.0,0.0,0.0,0.0,0.0,0.0,0.0,0.0,0.0,0.0,0.0,0.0
4,12,12,1.0,0.0,0.25,0.5,0.0,0.0,0.0,0.0,0.0,0.0,0.0,0.0,0.0,0.0,0.0,0.0,0.0
4,9,12,1.0,0.0,0.5,0.25,0.0,0.0,0.0,0.0,0.0,0.0,0.0,0.0,0.0,0.0,0.0,0.0,0.0
5,9,9,0.8,0.0,0.4,0.4,0.0,0.0,0.0,0.0,0.0,0.0,0.0,0.0,0.0,0.0,0.0,0.0,0.0
6,12,12,0.83,0.0,0.3333333333333333,0.5,0.0,0.0,0.2,0.0,0.0,0.0,0.0,1.91030777304933,0.0,0.0,0.1111111111111111,0.0,0.0
8,11,9,0.5,0.125,0.125,0.125,0.0,0.0,0.0,0.0,0.1428571428571428,0.0,0.0,0.0,0.8003606431765009,0.0,0.0,0.0,0.07692307692307693
7,9,15,0.71,0.0,0.2857142857142857,0.4285714285714285,0.0,0.0,0.0,0.0,0.0,0.0,0.0,0.0,0.0,0.0,0.09090909090909091,0.0,0.0
7,5,13,0.71,0.2857142857142857,0.1428571428571428,0.1428571428571428,0.0,0.0,0.0,0.0,0.0,0.0,0.0,0.0,0.0,0.0,0.0,0.0,0.09090909090909091
9,15,5,0.67,0.2222222222222222,0.0,0.1111111111111111,0.0,0.0,0.0,0.0,0.0,0.0,0.0,0.0,0.0,0.0,0.0,0.0,0.0
2,12,4,1.0,0.0,0.0,0.5,0.0,0.0,0.0,0.0,0.0,0.0,0.0,0.0,0.0,0.0,0.0,0.0,0.0
3,19,19,0.33,0.0,0.0,0.3333333333333333,0.0,0.0,0.5,0.0,0.0,0.0,0.0,7.600387774580766,0.0,0.0,0.3333333333333333,0.0,0.0
2,18,7,1.0,0.0,0.0,0.0,0.0,0.0,0.0,0.0,0.0,0.0,0.0,0.0,0.0,0.0,0.0,0.0,0.0
6,16,6,0.33,0.0,0.1666666666666667,0.0,0.0,0.0,0.0,0.0,0.0,0.0,0.0,0.0,0.0,0.0,0.0,0.0,0.0
7,9,4,0.86,0.2857142857142857,0.2857142857142857,0.0,0.0,0.0,0.0,0.0,0.0,0.0,0.0,0.0,0.0,0.0,0.0,0.0,0.0
8,2,5,0.75,0.125,0.125,0.25,0.0,0.0,0.0,0.0,0.0,0.0,0.0,0.0,0.0,0.0,0.0,0.0,0.0
8,4,11,0.5,0.0,0.0,0.0,0.0,0.0,0.0,0.0,0.0,0.0,0.0,0.0,0.0,0.0,0.0,0.0,0.0
8,18,4,0.88,0.25,0.0,0.25,0.0,0.0,0.0,0.0,0.1428571428571428,0.0,0.0,0.0,0.8003606431765009,0.0,0.0,0.0,0.1538461538461539
9,16,12,0.78,0.0,0.1111111111111111,0.5555555555555556,0.0,0.0,0.0,0.0,0.0,0.0,0.0,0.0,0.0,0.0,0.0,0.0,0.0
7,18,5,1.0,0.1428571428571428,0.1428571428571428,0.4285714285714285,0.0,0.0,0.0,0.0,0.0,0.0,0.0,0.0,0.0,0.0,0.0,0.0,0.0
4,11,19,0.25,0.0,0.0,0.0,0.25,0.0,0.0,0.0,0.0,0.0,0.0,0.0,0.0,0.0,0.0,0.0,0.0
5,13,19,0.6,0.4,0.2,0.0,0.0,0.0,0.0,0.0,0.0,0.0,0.0,0.0,0.0,0.0,0.0,0.0,0.0
4,6,5,0.75,0.25,0.25,0.0,0.0,0.0,0.0,0.0,0.0,0.0,0.0,0.0,0.0,0.0,0.0,0.0,0.0
4,4,12,1.0,0.25,0.0,0.25,0.0,0.0,0.0,0.0,0.0,0.0,0.0,0.0,0.0,0.0,0.0,0.0,0.2
4,12,14,0.75,0.25,0.0,0.5,0.0,0.0,0.0,0.0,0.3333333333333333,0.0,0.0,0.0,2.903253436546509,0.0,0.0,0.0,0.2
4,14,19,0.5,0.0,0.25,0.25,0.0,0.0,0.0,0.0,0.0,0.0,0.0,0.0,0.0,0.0,0.0,0.0,0.0
5,10,14,0.4,0.0,0.0,0.2,0.0,0.0,0.0,0.0,0.0,0.0,0.0,0.0,0.0,0.0,0.0,0.0,0.0
4,0,14,0.75,0.0,0.0,0.25,0.0,0.3333333333333333,0.0,0.0,0.0,0.0,2.903253436546509,0.0,0.0,0.4,0.0,0.0,0.0
9,3,2,0.22,0.0,0.1111111111111111,0.0,0.2222222222222222,0.0,0.0,0.0,0.0,0.0,0.0,0.0,0.0,0.0,0.0,0.0,0.0
4,0,12,0.75,0.0,0.0,0.25,0.25,0.0,0.0,0.0,0.0,0.0,0.0,0.0,0.0,0.0,0.0,0.0,0.0
4,10,18,0.75,0.0,0.0,0.25,0.25,0.0,0.0,0.0,0.0,0.0,0.0,0.0,0.0,0.0,0.0,0.0,0.0
4,3,4,0.5,0.0,0.0,0.0,0.0,0.0,0.0,0.0,0.0,0.0,0.0,0.0,0.0,0.0,0.0,0.0,0.0
3,1,4,0.33,0.0,0.0,0.0,0.0,0.0,0.0,0.0,0.0,0.0,0.0,0.0,0.0,0.0,0.0,0.0,0.0
3,6,14,0.33,0.3333333333333333,0.0,0.0,0.0,0.0,0.0,0.0,0.0,0.0,0.0,0.0,0.0,0.0,0.0,0.0,0.0
3,17,4,0.67,0.0,0.0,0.0,0.0,0.0,0.0,0.0,0.0,0.0,0.0,0.0,0.0,0.0,0.0,0.0,0.0
12,0,14,0.58,0.08333333333333333,0.08333333333333333,0.1666666666666667,0.0,0.0,0.0,0.0,0.0,0.0,0.0,0.0,0.0,0.04761904761904762,0.0,0.0,0.0
3,18,4,0.67,0.0,0.0,0.0,0.0,0.0,0.0,0.0,0.0,0.0,0.0,0.0,0.0,0.0,0.0,0.0,0.0
3,18,19,0.33,0.0,0.0,0.0,0.0,0.0,0.0,0.0,0.0,0.0,0.0,0.0,0.0,0.0,0.0,0.0,0.0
3,18,18,0.67,0.0,0.0,0.0,0.0,0.0,0.0,0.0,0.0,0.0,0.0,0.0,0.0,0.0,0.0,0.0,0.0
3,2,5,0.67,0.6666666666666666,0.0,0.0,0.0,0.0,0.0,0.0,0.0,0.0,0.0,0.0,0.0,0.0,0.0,0.0,0.0
3,5,5,1.0,1.0,0.0,0.0,0.0,0.0,0.0,0.0,0.0,0.0,0.0,0.0,0.0,0.0,0.0,0.0,0.0
6,17,4,1.0,0.0,0.0,0.1666666666666667,0.0,0.0,0.0,0.0,0.0,0.0,0.0,0.0,0.0,0.0,0.0,0.0,0.0
8,7,9,0.62,0.125,0.125,0.125,0.0,0.0,0.0,0.0,0.0,0.0,0.0,0.0,0.0,0.07692307692307693,0.0,0.0,0.0
7,10,8,0.43,0.0,0.1428571428571428,0.0,0.1428571428571428,0.0,0.0,0.0,0.0,0.0,0.0,0.0,0.0,0.0,0.0,0.0,0.0
8,17,8,0.62,0.0,0.0,0.125,0.125,0.1428571428571428,0.0,0.0,0.0,0.0,0.8003606431765009,0.0,0.0,0.07692307692307693,0.0,0.0,0.0
8,17,8,0.75,0.125,0.25,0.125,0.125,0.0,0.0,0.0,0.0,0.0,0.0,0.0,0.0,0.0,0.0,0.0,0.0
7,11,8,0.57,0.0,0.2857142857142857,0.1428571428571428,0.2857142857142857,0.0,0.0,0.0,0.0,0.0,0.0,0.0,0.0,0.0,0.0,0.0,0.0
7,0,14,0.43,0.0,0.0,0.1428571428571428,0.0,0.0,0.0,0.0,0.0,0.0,0.0,0.0,0.0,0.0,0.09090909090909091,0.0,0.0
8,15,9,0.5,0.125,0.125,0.125,0.0,0.0,0.0,0.0,0.0,0.0,0.0,0.0,0.0,0.0,0.0,0.0,0.0
8,0,14,0.5,0.125,0.0,0.0,0.0,0.0,0.0,0.0,0.0,0.0,0.0,0.0,0.0,0.0,0.0,0.0,0.0
8,6,19,0.62,0.0,0.125,0.125,0.0,0.1428571428571428,0.0,0.0,0.0,0.0,0.8003606431765009,0.0,0.0,0.07692307692307693,0.0,0.0,0.0
9,7,14,0.56,0.1111111111111111,0.1111111111111111,0.1111111111111111,0.0,0.0,0.0,0.0,0.0,0.0,0.0,0.0,0.0,0.06666666666666667,0.0,0.0,0.0
8,11,4,0.38,0.0,0.0,0.0,0.0,0.0,0.0,0.0,0.0,0.0,0.0,0.0,0.0,0.0,0.0,0.0,0.0
7,4,14,0.29,0.0,0.1428571428571428,0.0,0.0,0.0,0.0,0.0,0.0,0.0,0.0,0.0,0.0,0.0,0.0,0.0,0.0
10,5,4,0.6,0.3,0.0,0.1,0.0,0.0,0.0,0.0,0.0,0.0,0.0,0.0,0.0,0.0,0.0,0.0,0.0
7,17,-1,0.71,0.1428571428571428,0.2857142857142857,0.0,0.0,0.0,0.0,0.0,0.0,0.0,0.0,0.0,0.0,0.0,0.0,0.0,0.0
8,3,14,0.75,0.25,0.25,0.125,0.0,0.0,0.0,0.0,0.1428571428571428,0.0,0.0,0.0,0.8003606431765009,0.0,0.0,0.0,0.07692307692307693
6,11,14,0.5,0.0,0.0,0.1666666666666667,0.0,0.2,0.0,0.0,0.0,1.91030777304933,1.337554771413759,0.0,0.0,0.1111111111111111,0.0,0.0,0.0
5,13,16,0.6,0.2,0.0,0.4,0.0,0.0,0.0,0.0,0.25,0.0,0.0,0.0,1.877504021287143,0.0,0.0,0.0,0.1428571428571428
5,5,19,0.6,0.4,0.0,0.0,0.0,0.0,0.0,0.0,0.0,0.0,0.0,0.0,0.0,0.0,0.0,0.0,0.0
12,0,-1,0.75,0.08333333333333333,0.08333333333333333,0.1666666666666667,0.08333333333333333,0.09090909090909091,0.0,0.0,0.0,0.0,0.3990920846129089,0.0,0.0,0.04761904761904762,0.0,0.0,0.04761904761904762
10,7,19,0.5,0.0,0.1,0.2,0.0,0.0,0.1111111111111111,0.0,0.0,0.0,0.0,0.7841562911864778,0.0,0.0,0.05882352941176471,0.0,0.0
10,17,11,0.7,0.1,0.0,0.3,0.0,0.0,0.1111111111111111,0.0,0.1111111111111111,0.0,0.0,0.7841562911864778,0.544128004872977,0.0,0.05882352941176471,0.0,0.05882352941176471
5,9,0,0.8,0.0,0.2,0.2,0.0,0.0,0.0,0.0,0.0,0.0,0.0,0.0,0.0,0.0,0.0,0.0,0.0
2,18,13,0.5,0.0,0.0,0.0,0.0,0.0,0.0,0.0,0.0,0.0,0.0,0.0,0.0,0.0,0.0,0.0,0.0
7,3,4,0.57,0.0,0.2857142857142857,0.0,0.0,0.0,0.0,0.0,0.0,0.0,0.0,0.0,0.0,0.0,0.0,0.0,0.0
9,12,3,0.44,0.0,0.2222222222222222,0.1111111111111111,0.0,0.0,0.0,0.0,0.0,0.0,0.0,0.0,0.0,0.0,0.0,0.0,0.0
6,14,15,0.5,0.1666666666666667,0.1666666666666667,0.0,0.0,0.0,0.0,0.0,0.0,0.0,0.0,0.0,0.0,0.0,0.0,0.0,0.0
3,18,7,0.67,0.0,0.0,0.0,0.0,0.0,0.0,0.0,0.0,0.0,0.0,0.0,0.0,0.0,0.0,0.0,0.0
3,9,0,0.67,0.0,0.3333333333333333,0.0,0.0,0.0,0.0,0.0,0.0,0.0,0.0,0.0,0.0,0.0,0.0,0.0,0.0
3,17,17,0.67,0.0,0.0,0.0,0.0,0.0,0.0,0.0,0.0,0.0,0.0,0.0,0.0,0.0,0.0,0.0,0.0
3,17,12,0.67,0.0,0.0,0.3333333333333333,0.0,0.0,0.0,0.0,0.0,0.0,0.0,0.0,0.0,0.0,0.0,0.0,0.0
5,7,7,0.4,0.0,0.0,0.0,0.4,0.0,0.0,0.25,0.0,0.0,0.0,0.0,0.0,0.0,0.0,0.1428571428571428,0.0
9,18,19,0.56,0.0,0.1111111111111111,0.2222222222222222,0.0,0.0,0.0,0.0,0.0,0.0,0.0,0.0,0.0,0.0,0.06666666666666667,0.0,0.0
22,4,14,0.45,0.04545454545454546,0.04545454545454546,0.04545454545454546,0.1363636363636364,0.04761904761904762,0.0,0.04761904761904762,0.0,0.0,0.1444693216018378,0.0,0.0,0.02439024390243903,0.0,0.02439024390243903,0.02439024390243903
3,9,8,0.33,0.0,0.3333333333333333,0.0,0.6666666666666666,0.0,0.0,0.5,0.0,0.0,0.0,0.0,0.0,0.0,0.0,0.3333333333333333,0.0
25,4,4,0.48,0.04,0.04,0.04,0.12,0.04166666666666666,0.0,0.04166666666666666,0.0,0.0,0.116569583996785,0.0,0.0,0.02127659574468085,0.0,0.02127659574468085,0.02127659574468085
5,3,14,0.2,0.0,0.0,0.2,0.0,0.0,0.0,0.0,0.0,0.0,0.0,0.0,0.0,0.0,0.0,0.0,0.0
12,9,16,0.67,0.08333333333333333,0.1666666666666667,0.1666666666666667,0.0,0.0,0.0,0.0,0.0,0.577788511165133,0.0,0.0,0.0,0.0,0.0,0.0,0.0
11,12,16,0.64,0.1818181818181818,0.0,0.09090909090909091,0.0,0.0,0.0,0.0,0.0,0.0,0.0,0.0,0.0,0.0,0.0,0.0,0.0
3,13,8,0.33,0.0,0.0,0.3333333333333333,0.3333333333333333,0.0,0.0,0.0,0.0,0.0,0.0,0.0,0.0,0.0,0.0,0.0,0.0
10,0,2,0.5,0.0,0.1,0.1,0.1,0.0,0.0,0.0,0.0,0.0,0.0,0.0,0.0,0.0,0.0,0.0,0.0
23,8,8,0.52,0.1304347826086956,0.04347826086956522,0.2173913043478261,0.08695652173913043,0.0,0.0,0.0,0.04545454545454546,0.0,0.0,0.0,0.1340950949904482,0.02325581395348837,0.0,0.0,0.02325581395348837
24,8,14,0.67,0.08333333333333333,0.3333333333333333,0.125,0.125,0.0,0.0,0.0,0.0,0.0,0.0,0.0,0.0,0.02222222222222222,0.0,0.0,0.0
6,19,6,0.67,0.0,0.1666666666666667,0.1666666666666667,0.0,0.0,0.0,0.0,0.0,0.0,0.0,0.0,0.0,0.1111111111111111,0.0,0.0,0.0
5,9,8,0.6,0.0,0.2,0.0,0.2,0.0,0.0,0.0,0.0,0.0,0.0,0.0,0.0,0.0,0.0,0.0,0.0
3,18,12,1.0,0.0,0.0,0.6666666666666666,0.0,0.0,0.0,0.0,0.0,0.0,0.0,0.0,0.0,0.0,0.0,0.0,0.0
3,18,12,0.67,0.0,0.0,0.3333333333333333,0.0,0.0,0.0,0.0,0.0,0.0,0.0,0.0,0.0,0.0,0.0,0.0,0.0
6,4,19,0.83,0.1666666666666667,0.0,0.1666666666666667,0.0,0.0,0.0,0.0,0.2,0.0,0.0,0.0,1.337554771413759,0.0,0.0,0.0,0.1111111111111111
8,6,14,0.5,0.0,0.125,0.125,0.0,0.1428571428571428,0.0,0.0,0.0,0.0,0.8003606431765009,0.0,0.0,0.07692307692307693,0.0,0.0,0.0
16,7,9,0.69,0.125,0.375,0.0,0.0625,0.0,0.0,0.0,0.0,0.0,0.0,0.0,0.0,0.0,0.0,0.0,0.0
19,5,4,0.68,0.1052631578947368,0.2105263157894737,0.0,0.2105263157894737,0.0,0.0,0.0,0.0,0.0,0.0,0.0,0.0,0.0,0.0,0.0,0.0
13,5,4,0.62,0.07692307692307693,0.07692307692307693,0.0,0.1538461538461539,0.0,0.0,0.08333333333333333,0.0,0.0,0.0,0.0,0.0,0.0,0.0,0.04347826086956522,0.0
17,5,7,0.71,0.1764705882352941,0.05882352941176471,0.0,0.1176470588235294,0.0,0.0,0.0625,0.0,0.0,0.0,0.0,0.0,0.0,0.0,0.03225806451612903,0.0
33,5,17,0.67,0.1212121212121212,0.06060606060606061,0.0,0.1818181818181818,0.0,0.0,0.0,0.0,0.0,0.0,0.0,0.0,0.0,0.0,0.01587301587301587,0.0
29,0,3,0.72,0.1724137931034483,0.1724137931034483,0.0,0.1379310344827586,0.0,0.0,0.0,0.0,0.0,0.0,0.0,0.0,0.0,0.0,0.0,0.0
31,5,13,0.55,0.06451612903225806,0.0,0.0,0.1935483870967742,0.0,0.0,0.0,0.0,0.0,0.0,0.0,0.0,0.0,0.0,0.01694915254237288,0.0
33,5,7,0.67,0.09090909090909091,0.0303030303030303,0.0,0.1818181818181818,0.0,0.0,0.0,0.0,0.0,0.0,0.0,0.0,0.0,0.0,0.01587301587301587,0.0
32,5,15,0.59,0.125,0.09375,0.03125,0.125,0.0,0.0,0.0,0.0,0.0,0.0,0.0,0.0,0.0,0.0,0.01639344262295082,0.0
18,9,9,0.78,0.05555555555555555,0.2777777777777778,0.05555555555555555,0.05555555555555555,0.0,0.0,0.0,0.0,0.0,0.0,0.0,0.0,0.0,0.0,0.0,0.0
21,10,1,0.71,0.04761904761904762,0.2857142857142857,0.0,0.09523809523809523,0.0,0.0,0.05,0.0,0.0,0.0,0.0,0.0,0.0,0.0,0.02564102564102564,0.0
25,5,9,0.6,0.12,0.2,0.0,0.16,0.0,0.0,0.0,0.0,0.0,0.0,0.0,0.0,0.0,0.0,0.0,0.0
27,8,17,0.56,0.07407407407407407,0.1111111111111111,0.03703703703703703,0.2592592592592592,0.0,0.0,0.03846153846153846,0.0,0.0,0.0,0.0,0.0,0.0,0.0,0.0196078431372549,0.0
23,5,15,0.61,0.1739130434782609,0.04347826086956522,0.0,0.1739130434782609,0.0,0.0,0.04545454545454546,0.0,0.0,0.0,0.0,0.0,0.0,0.0,0.02325581395348837,0.0
5,2,2,0.0,0.0,0.0,0.0,0.0,0.0,0.0,0.0,0.0,0.0,0.0,0.0,0.0,0.0,0.0,0.0,0.0
18,5,9,0.78,0.1666666666666667,0.3333333333333333,0.05555555555555555,0.1111111111111111,0.0,0.0,0.0,0.05882352941176471,0.0,0.0,0.0,0.2020997213932351,0.0,0.0,0.0,0.0303030303030303
37,5,1,0.57,0.1351351351351351,0.1081081081081081,0.0,0.1621621621621622,0.0,0.0,0.0,0.0,0.0,0.0,0.0,0.0,0.0,0.0,0.0,0.0
18,5,5,0.56,0.2222222222222222,0.1666666666666667,0.0,0.1666666666666667,0.0,0.0,0.05882352941176471,0.0,0.0,0.0,0.0,0.0,0.0,0.0,0.0303030303030303,0.0
25,8,1,0.44,0.08,0.16,0.0,0.2,0.0,0.0,0.0,0.0,0.0,0.0,0.0,0.0,0.0,0.0,0.0,0.0
13,14,14,0.69,0.1538461538461539,0.2307692307692308,0.07692307692307693,0.0,0.0,0.0,0.0,0.0,0.0,0.0,0.0,0.0,0.0,0.0,0.0,0.0
37,8,8,0.59,0.1081081081081081,0.02702702702702703,0.02702702702702703,0.1891891891891892,0.0,0.0,0.02777777777777778,0.02777777777777778,0.0,0.0,0.0,0.05980159964095306,0.01408450704225352,0.0,0.02816901408450704,0.01408450704225352
35,8,9,0.63,0.1142857142857143,0.05714285714285714,0.02857142857142857,0.2,0.0,0.0,0.02941176470588235,0.02941176470588235,0.0,0.0,0.0,0.06581800916119726,0.01492537313432836,0.0,0.02985074626865672,0.01492537313432836
20,4,7,0.8,0.2,0.1,0.0,0.1,0.0,0.0,0.0,0.0,0.0,0.0,0.0,0.0,0.0,0.0,0.0,0.0
15,9,9,0.6,0.0,0.6,0.0,0.4,0.0,0.0,0.1428571428571428,0.0,0.0,0.0,0.0,0.0,0.0,0.0,0.07407407407407407,0.0
35,14,8,0.46,0.05714285714285714,0.2,0.0,0.3142857142857143,0.0,0.0,0.05882352941176471,0.0,0.0,0.0,0.0,0.0,0.0,0.0,0.02985074626865672,0.0
37,9,15,0.43,0.05405405405405406,0.1081081081081081,0.02702702702702703,0.1621621621621622,0.0,0.0,0.0,0.0,0.0,0.0,0.0,0.0,0.0,0.0,0.02816901408450704,0.0
38,5,10,0.63,0.2105263157894737,0.07894736842105263,0.0,0.1052631578947368,0.0,0.0,0.02702702702702703,0.0,0.0,0.0,0.0,0.0,0.0,0.0,0.0136986301369863,0.0
33,5,3,0.64,0.1212121212121212,0.1515151515151515,0.06060606060606061,0.06060606060606061,0.0,0.0,0.0,0.0,0.0,0.0,0.0,0.0,0.0,0.0,0.0,0.0
5,19,14,0.4,0.2,0.0,0.0,0.0,0.0,0.0,0.0,0.0,0.0,0.0,0.0,0.0,0.0,0.0,0.0,0.0
8,3,16,0.5,0.0,0.125,0.125,0.0,0.0,0.0,0.0,0.0,0.0,0.0,0.0,0.0,0.0,0.0,0.0,0.0
5,3,17,0.6,0.0,0.2,0.0,0.0,0.0,0.0,0.0,0.0,0.0,0.0,0.0,0.0,0.0,0.0,0.0,0.0
16,5,9,0.75,0.1875,0.125,0.0,0.125,0.0,0.0,0.06666666666666667,0.0,0.0,0.0,0.0,0.0,0.0,0.0,0.03448275862068965,0.0
17,5,5,0.76,0.2352941176470588,0.1176470588235294,0.0,0.1176470588235294,0.0,0.0,0.0625,0.0,0.0,0.0,0.0,0.0,0.0,0.0,0.03225806451612903,0.0
17,5,4,0.65,0.05882352941176471,0.1176470588235294,0.0,0.1764705882352941,0.0,0.0,0.0625,0.0,0.0,0.0,0.0,0.0,0.0,0.0,0.03225806451612903,0.0
18,5,5,0.67,0.1111111111111111,0.1111111111111111,0.0,0.1666666666666667,0.0,0.0,0.05882352941176471,0.0,0.0,0.0,0.0,0.0,0.0,0.0,0.0303030303030303,0.0
16,5,9,0.75,0.1875,0.125,0.0,0.125,0.0,0.0,0.06666666666666667,0.0,0.0,0.0,0.0,0.0,0.0,0.0,0.03448275862068965,0.0
17,5,7,0.65,0.1176470588235294,0.05882352941176471,0.0,0.1176470588235294,0.0,0.0,0.0625,0.0,0.0,0.0,0.0,0.0,0.0,0.0,0.03225806451612903,0.0
17,5,7,0.65,0.1176470588235294,0.05882352941176471,0.0,0.1176470588235294,0.0,0.0,0.0625,0.0,0.0,0.0,0.0,0.0,0.0,0.0,0.03225806451612903,0.0
16,5,9,0.75,0.1875,0.125,0.0,0.125,0.0,0.0,0.06666666666666667,0.0,0.0,0.0,0.0,0.0,0.0,0.0,0.03448275862068965,0.0
16,5,9,0.75,0.1875,0.125,0.0,0.125,0.0,0.0,0.06666666666666667,0.0,0.0,0.0,0.0,0.0,0.0,0.0,0.03448275862068965,0.0
17,8,4,0.47,0.0,0.1176470588235294,0.0,0.4117647058823529,0.0,0.0,0.125,0.0,0.0,0.0,0.0,0.0,0.0,0.0,0.1290322580645161,0.0
18,8,4,0.56,0.0,0.1666666666666667,0.05555555555555555,0.3888888888888889,0.0,0.0,0.1176470588235294,0.0,0.0,0.0,0.0,0.0,0.0,0.0,0.09090909090909091,0.0
18,8,4,0.5,0.0,0.1666666666666667,0.0,0.3888888888888889,0.0,0.0,0.1176470588235294,0.0,0.0,0.0,0.0,0.0,0.0,0.0,0.09090909090909091,0.0
18,8,4,0.56,0.0,0.2222222222222222,0.0,0.3888888888888889,0.0,0.0,0.1176470588235294,0.0,0.0,0.0,0.0,0.0,0.0,0.0,0.09090909090909091,0.0
14,8,8,0.57,0.0,0.2857142857142857,0.0,0.4285714285714285,0.0,0.0,0.07692307692307693,0.0,0.0,0.0,0.0,0.0,0.0,0.0,0.04,0.0
12,0,19,0.08,0.0,0.0,0.0,0.0,0.0,0.0,0.0,0.0,0.0,0.0,0.0,0.0,0.0,0.0,0.0,0.0
13,8,4,0.62,0.07692307692307693,0.1538461538461539,0.07692307692307693,0.07692307692307693,0.0,0.0,0.0,0.0,0.0,0.0,0.0,0.0,0.0,0.0,0.0,0.0
20,0,0,0.45,0.0,0.0,0.1,0.05,0.05263157894736842,0.0,0.0,0.0,0.0,0.1694573770493589,0.0,0.0,0.02702702702702703,0.0,0.0,0.0
13,0,13,0.38,0.0,0.0,0.07692307692307693,0.07692307692307693,0.08333333333333333,0.0,0.0,0.0,0.0,0.3486789197377017,0.0,0.0,0.04347826086956522,0.0,0.0,0.0
6,5,19,0.67,0.3333333333333333,0.0,0.1666666666666667,0.0,0.0,0.0,0.0,0.2,0.0,0.0,0.0,1.337554771413759,0.0,0.0,0.0,0.1111111111111111
6,7,13,0.83,0.1666666666666667,0.0,0.1666666666666667,0.0,0.0,0.0,0.0,0.2,0.0,0.0,0.0,1.337554771413759,0.1111111111111111,0.0,0.0,0.1111111111111111
9,14,12,0.56,0.1111111111111111,0.2222222222222222,0.1111111111111111,0.0,0.0,0.0,0.0,0.0,0.0,0.0,0.0,0.0,0.0,0.0,0.0,0.0
17,11,18,0.53,0.05882352941176471,0.0,0.05882352941176471,0.2941176470588235,0.0,0.0,0.0625,0.0,0.0,0.0,0.0,0.0,0.0,0.0,0.06451612903225806,0.0
17,11,18,0.53,0.05882352941176471,0.0,0.05882352941176471,0.05882352941176471,0.0,0.0,0.0,0.0,0.0,0.0,0.0,0.0,0.0,0.0,0.0,0.0
4,14,17,0.25,0.0,0.0,0.0,0.0,0.0,0.0,0.0,0.0,0.0,0.0,0.0,0.0,0.0,0.0,0.0,0.0
11,18,8,0.64,0.0,0.1818181818181818,0.0,0.3636363636363636,0.0,0.0,0.2,0.0,0.0,0.0,0.0,0.0,0.0,0.0,0.1578947368421053,0.0
12,4,5,0.75,0.08333333333333333,0.4166666666666667,0.08333333333333333,0.1666666666666667,0.0,0.0,0.0,0.0,0.0,0.0,0.0,0.0,0.0,0.0,0.0,0.0
11,8,8,0.64,0.0,0.1818181818181818,0.0,0.3636363636363636,0.0,0.0,0.1,0.0,0.0,0.0,0.0,0.0,0.0,0.0,0.05263157894736842,0.0
4,7,8,0.75,0.0,0.0,0.25,0.25,0.0,0.0,0.0,0.0,0.0,0.0,0.0,0.0,0.0,0.0,0.0,0.0
4,9,8,0.75,0.0,0.25,0.25,0.25,0.0,0.0,0.0,0.0,0.0,0.0,0.0,0.0,0.0,0.0,0.0,0.0
25,8,1,0.44,0.08,0.16,0.0,0.2,0.0,0.0,0.0,0.0,0.0,0.0,0.0,0.0,0.0,0.0,0.02127659574468085,0.0
25,1,1,0.44,0.08,0.16,0.0,0.2,0.0,0.0,0.0,0.0,0.0,0.0,0.0,0.0,0.0,0.0,0.02127659574468085,0.0
13,7,18,0.46,0.0,0.07692307692307693,0.07692307692307693,0.2307692307692308,0.0,0.0,0.08333333333333333,0.0,0.0,0.0,0.0,0.0,0.0,0.0,0.04347826086956522,0.0
13,7,3,0.38,0.0,0.07692307692307693,0.07692307692307693,0.2307692307692308,0.0,0.0,0.08333333333333333,0.0,0.0,0.0,0.0,0.0,0.0,0.0,0.04347826086956522,0.0
27,5,19,0.56,0.1111111111111111,0.1111111111111111,0.07407407407407407,0.1851851851851852,0.0,0.0,0.03846153846153846,0.07692307692307693,0.0,0.0,0.0,0.2176677189095749,0.0,0.0,0.0392156862745098,0.0392156862745098
10,4,13,0.4,0.0,0.0,0.2,0.1,0.0,0.0,0.0,0.0,0.0,0.0,0.0,0.0,0.0,0.0,0.0,0.0
10,7,12,0.4,0.0,0.0,0.2,0.1,0.0,0.0,0.0,0.0,0.0,0.0,0.0,0.0,0.0,0.0,0.0,0.0
6,17,9,0.67,0.1666666666666667,0.1666666666666667,0.0,0.0,0.0,0.0,0.0,0.0,0.0,0.0,0.0,0.0,0.0,0.0,0.0,0.0
6,12,11,0.83,0.1666666666666667,0.0,0.5,0.0,0.0,0.0,0.0,0.2,0.0,0.0,0.0,1.337554771413759,0.0,0.0,0.0,0.1111111111111111
5,1,18,0.4,0.0,0.2,0.0,0.0,0.0,0.0,0.0,0.0,0.0,0.0,0.0,0.0,0.0,0.0,0.0,0.0
26,9,2,0.46,0.1153846153846154,0.07692307692307693,0.03846153846153846,0.07692307692307693,0.0,0.0,0.0,0.0,0.0,0.0,0.0,0.0,0.0,0.0,0.0,0.0
31,5,12,0.58,0.1290322580645161,0.1290322580645161,0.06451612903225806,0.1612903225806452,0.0,0.0,0.0,0.0,0.0,0.0,0.0,0.0,0.0,0.0,0.01694915254237288,0.01694915254237288
16,4,17,0.5,0.0,0.125,0.0,0.125,0.0,0.0,0.0,0.0,0.0,0.0,0.0,0.0,0.0,0.0,0.0,0.0
25,4,14,0.56,0.12,0.08,0.0,0.04,0.0,0.0,0.0,0.0,0.0,0.0,0.0,0.0,0.0,0.0,0.0,0.0
9,17,15,0.44,0.0,0.3333333333333333,0.0,0.1111111111111111,0.0,0.0,0.0,0.0,0.0,0.0,0.0,0.0,0.0,0.0,0.0,0.0
6,5,13,0.67,0.1666666666666667,0.1666666666666667,0.0,0.0,0.0,0.0,0.0,0.0,0.0,0.0,0.0,0.0,0.0,0.0,0.0,0.0
4,16,14,0.25,0.0,0.0,0.25,0.25,0.0,0.0,0.0,0.0,0.0,0.0,0.0,0.0,0.0,0.0,0.0,0.0
13,7,9,0.77,0.07692307692307693,0.1538461538461539,0.0,0.07692307692307693,0.0,0.0,0.0,0.0,0.0,0.0,0.0,0.0,0.0,0.0,0.0,0.0
12,7,9,0.83,0.25,0.4166666666666667,0.0,0.08333333333333333,0.0,0.0,0.0,0.0,0.0,0.0,0.0,0.0,0.0,0.0,0.0,0.0
12,7,9,0.83,0.25,0.25,0.0,0.08333333333333333,0.0,0.0,0.0,0.0,0.0,0.0,0.0,0.0,0.0,0.0,0.0,0.0
5,14,0,0.8,0.0,0.0,0.2,0.0,0.0,0.0,0.0,0.0,0.0,0.0,0.0,0.0,0.0,0.0,0.0,0.0
7,8,8,0.29,0.0,0.0,0.0,0.7142857142857143,0.0,0.0,0.5,0.0,0.0,0.0,0.0,0.0,0.0,0.0,0.3636363636363636,0.0
5,12,11,0.2,0.0,0.0,0.2,0.0,0.0,0.0,0.0,0.0,2.675538471877458,0.0,0.0,0.0,0.0,0.0,0.0,0.0
30,0,1,0.47,0.1,0.03333333333333333,0.03333333333333333,0.0,0.0,0.0,0.0,0.0,0.0,0.0,0.0,0.0,0.0,0.0,0.0,0.0
30,2,1,0.43,0.1,0.03333333333333333,0.03333333333333333,0.0,0.0,0.0,0.0,0.0,0.0,0.0,0.0,0.0,0.0,0.0,0.0,0.0
45,5,8,0.33,0.1111111111111111,0.06666666666666667,0.02222222222222222,0.1333333333333333,0.0,0.0,0.02272727272727273,0.0,0.0,0.0,0.0,0.0,0.0,0.0,0.01149425287356322,0.0
49,5,0,0.41,0.04081632653061224,0.0,0.08163265306122448,0.06122448979591837,0.0,0.0,0.0,0.02083333333333333,0.0,0.0,0.0,0.03647098505190681,0.0,0.0,0.0,0.02105263157894737
18,13,14,0.17,0.05555555555555555,0.05555555555555555,0.0,0.05555555555555555,0.0,0.0,0.0,0.0,0.0,0.0,0.0,0.0,0.0,0.0,0.0,0.0
14,7,9,0.71,0.0,0.2857142857142857,0.0,0.2142857142857143,0.0,0.0,0.07692307692307693,0.0,0.0,0.0,0.0,0.0,0.0,0.0,0.04,0.0
14,7,9,0.71,0.07142857142857142,0.1428571428571428,0.0,0.2142857142857143,0.0,0.0,0.07692307692307693,0.0,0.0,0.0,0.0,0.0,0.0,0.0,0.04,0.0
14,9,9,0.71,0.0,0.3571428571428572,0.0,0.2142857142857143,0.0,0.0,0.07692307692307693,0.0,0.0,0.0,0.0,0.0,0.0,0.0,0.04,0.0
35,8,9,0.63,0.1142857142857143,0.05714285714285714,0.02857142857142857,0.2,0.0,0.0,0.02941176470588235,0.02941176470588235,0.0,0.0,0.0,0.06581800916119726,0.01492537313432836,0.0,0.02985074626865672,0.01492537313432836
21,14,14,0.62,0.09523809523809523,0.3333333333333333,0.04761904761904762,0.0,0.0,0.0,0.0,0.0,0.0,0.0,0.0,0.0,0.0,0.0,0.0,0.0
23,5,15,0.61,0.08695652173913043,0.04347826086956522,0.0,0.1739130434782609,0.0,0.0,0.04545454545454546,0.0,0.0,0.0,0.0,0.0,0.0,0.0,0.02325581395348837,0.0
17,16,14,0.47,0.1176470588235294,0.05882352941176471,0.05882352941176471,0.0,0.0,0.0,0.0,0.0,0.0,0.0,0.0,0.0,0.0,0.0,0.0,0.0
33,5,1,0.61,0.2121212121212121,0.1515151515151515,0.0,0.1515151515151515,0.0,0.0,0.0,0.0,0.0,0.0,0.0,0.0,0.0,0.0,0.01587301587301587,0.0
24,4,1,0.62,0.0,0.2083333333333333,0.08333333333333333,0.1666666666666667,0.0,0.0,0.04347826086956522,0.0,0.0,0.0,0.0,0.0,0.0,0.0,0.02222222222222222,0.0
19,4,4,0.74,0.0,0.1578947368421053,0.05263157894736842,0.0,0.0,0.0,0.0,0.0,0.0,0.0,0.0,0.0,0.0,0.0,0.0,0.0
19,4,4,0.68,0.0,0.1578947368421053,0.05263157894736842,0.05263157894736842,0.0,0.0,0.0,0.0,0.0,0.0,0.0,0.0,0.0,0.0,0.0,0.0
19,4,4,0.68,0.0,0.1578947368421053,0.05263157894736842,0.05263157894736842,0.0,0.0,0.0,0.0,0.0,0.0,0.0,0.0,0.0,0.0,0.0,0.0
19,4,4,0.68,0.0,0.1578947368421053,0.05263157894736842,0.05263157894736842,0.0,0.0,0.0,0.0,0.0,0.0,0.0,0.0,0.0,0.0,0.0,0.0
19,4,4,0.68,0.0,0.1578947368421053,0.05263157894736842,0.05263157894736842,0.0,0.0,0.0,0.0,0.0,0.0,0.0,0.0,0.0,0.0,0.0,0.0
19,4,4,0.68,0.0,0.1578947368421053,0.05263157894736842,0.1052631578947368,0.0,0.0,0.0,0.0,0.0,0.0,0.0,0.0,0.0,0.0,0.0,0.0
28,5,1,0.5,0.07142857142857142,0.1428571428571428,0.0,0.1785714285714286,0.0,0.0,0.0,0.0,0.0,0.0,0.0,0.0,0.0,0.0,0.03773584905660377,0.0
22,5,8,0.55,0.09090909090909091,0.1818181818181818,0.0,0.1818181818181818,0.0,0.0,0.0,0.0,0.0,0.0,0.0,0.0,0.0,0.0,0.02439024390243903,0.0
28,5,1,0.5,0.07142857142857142,0.1428571428571428,0.0,0.1428571428571428,0.0,0.0,0.0,0.0,0.0,0.0,0.0,0.0,0.0,0.0,0.01886792452830189,0.0
25,4,6,0.64,0.16,0.08,0.0,0.08,0.0,0.0,0.0,0.0,0.0,0.0,0.0,0.0,0.0,0.0,0.0,0.0
25,4,6,0.64,0.16,0.08,0.0,0.04,0.0,0.0,0.0,0.0,0.0,0.0,0.0,0.0,0.0,0.0,0.0,0.0
20,4,6,0.6,0.1,0.15,0.0,0.05,0.0,0.0,0.0,0.0,0.0,0.0,0.0,0.0,0.0,0.0,0.0,0.0
41,15,5,0.56,0.2195121951219512,0.0,0.1463414634146341,0.0,0.0,0.0,0.0,0.0,0.0,0.0,0.0,0.0,0.0,0.0,0.0,0.0379746835443038
36,5,17,0.5,0.1388888888888889,0.08333333333333333,0.05555555555555555,0.2222222222222222,0.0,0.0,0.02857142857142857,0.02857142857142857,0.0,0.0,0.0,0.06270011419810788,0.0,0.0,0.04347826086956522,0.01449275362318841
35,5,5,0.49,0.1142857142857143,0.08571428571428572,0.02857142857142857,0.1142857142857143,0.0,0.0,0.02941176470588235,0.02941176470588235,0.0,0.0,0.0,0.06581800916119726,0.0,0.0,0.01492537313432836,0.02985074626865672
21,0,9,0.71,0.09523809523809523,0.2857142857142857,0.0,0.1904761904761905,0.0,0.0,0.05,0.0,0.0,0.0,0.0,0.0,0.0,0.0,0.02564102564102564,0.0
16,5,8,0.31,0.0625,0.125,0.0,0.3125,0.0,0.0,0.0,0.0,0.0,0.0,0.0,0.0,0.0,0.0,0.06896551724137931,0.0
28,9,2,0.5,0.1071428571428571,0.1071428571428571,0.03571428571428571,0.07142857142857142,0.0,0.0,0.0,0.0,0.0,0.0,0.0,0.0,0.0,0.0,0.0,0.0
16,14,14,0.38,0.0,0.0,0.0,0.0,0.0,0.0,0.0,0.0,0.0,0.0,0.0,0.0,0.0,0.0,0.0,0.0
22,4,5,0.59,0.1363636363636364,0.04545454545454546,0.0,0.04545454545454546,0.0,0.0,0.0,0.0,0.0,0.0,0.0,0.0,0.0,0.0,0.0,0.0
22,4,5,0.64,0.1818181818181818,0.04545454545454546,0.0,0.0,0.0,0.0,0.0,0.0,0.0,0.0,0.0,0.0,0.0,0.0,0.0,0.0
20,6,18,0.45,0.05,0.05,0.05,0.25,0.0,0.0,0.0,0.0,0.0,0.0,0.0,0.0,0.0,0.0,0.08108108108108109,0.0
20,6,0,0.4,0.05,0.05,0.05,0.25,0.0,0.0,0.0,0.0,0.0,0.0,0.0,0.0,0.0,0.0,0.08108108108108109,0.0
28,17,14,0.43,0.07142857142857142,0.1428571428571428,0.0,0.07142857142857142,0.0,0.0,0.0,0.0,0.0,0.0,0.0,0.0,0.0,0.0,0.0,0.0
13,4,9,0.77,0.07692307692307693,0.3846153846153846,0.0,0.1538461538461539,0.0,0.0,0.0,0.0,0.0,0.0,0.0,0.0,0.0,0.0,0.0,0.0
21,9,1,0.62,0.04761904761904762,0.1904761904761905,0.04761904761904762,0.09523809523809523,0.0,0.0,0.0,0.0,0.0,0.0,0.0,0.0,0.0,0.0,0.0,0.0
20,4,1,0.6,0.05,0.1,0.05,0.1,0.0,0.0,0.0,0.0,0.0,0.0,0.0,0.0,0.0,0.0,0.0,0.0
26,5,3,0.62,0.1153846153846154,0.1538461538461539,0.03846153846153846,0.1153846153846154,0.0,0.0,0.0,0.0,0.0,0.0,0.0,0.0,0.0,0.0,0.02040816326530612,0.02040816326530612
24,4,1,0.54,0.0,0.2083333333333333,0.04166666666666666,0.25,0.0,0.0,0.04347826086956522,0.0,0.0,0.0,0.0,0.0,0.0,0.0,0.02222222222222222,0.0
13,4,4,0.69,0.0,0.3846153846153846,0.0,0.3076923076923077,0.0,0.0,0.08333333333333333,0.0,0.0,0.0,0.0,0.0,0.0,0.0,0.04347826086956522,0.0
13,4,0,0.77,0.07692307692307693,0.3846153846153846,0.0,0.1538461538461539,0.0,0.0,0.0,0.0,0.0,0.0,0.0,0.0,0.0,0.0,0.0,0.0
24,4,1,0.71,0.04166666666666666,0.2083333333333333,0.08333333333333333,0.04166666666666666,0.0,0.0,0.0,0.0,0.0,0.0,0.0,0.0,0.0,0.0,0.0,0.0
14,14,14,0.79,0.2142857142857143,0.1428571428571428,0.07142857142857142,0.0,0.0,0.0,0.0,0.07692307692307693,0.0,0.0,0.0,0.3078286401727354,0.0,0.0,0.0,0.08
12,14,17,0.5,0.3333333333333333,0.0,0.08333333333333333,0.0,0.0,0.0,0.0,0.09090909090909091,0.0,0.0,0.0,0.3990920846129089,0.0,0.0,0.0,0.09523809523809523
32,16,8,0.62,0.09375,0.28125,0.125,0.25,0.0,0.0,0.0967741935483871,0.0,0.0,0.0,0.0,0.0,0.0,0.0,0.06557377049180328,0.0
24,1,14,0.33,0.1666666666666667,0.0,0.0,0.04166666666666666,0.0,0.0,0.0,0.0,0.0,0.0,0.0,0.0,0.0,0.0,0.0,0.0
19,16,14,0.37,0.0,0.0,0.05263157894736842,0.05263157894736842,0.0,0.0,0.0,0.0,0.0,0.0,0.0,0.0,0.02857142857142857,0.0,0.0,0.0
18,9,14,0.33,0.05555555555555555,0.1666666666666667,0.0,0.05555555555555555,0.0,0.0,0.0,0.0,0.0,0.0,0.0,0.0,0.0,0.0,0.0,0.0
18,12,14,0.28,0.0,0.1111111111111111,0.05555555555555555,0.0,0.0,0.0,0.0,0.0,0.0,0.0,0.0,0.0,0.0,0.0,0.0,0.0
28,14,14,0.29,0.0,0.1428571428571428,0.07142857142857142,0.1071428571428571,0.0,0.0,0.07407407407407407,0.0,0.0,0.0,0.0,0.0,0.0,0.0,0.05660377358490566,0.0
26,5,9,0.58,0.1923076923076923,0.1153846153846154,0.0,0.1538461538461539,0.0,0.0,0.0,0.0,0.0,0.0,0.0,0.0,0.0,0.0,0.02040816326530612,0.0
25,14,9,0.56,0.12,0.08,0.0,0.2,0.0,0.0,0.04166666666666666,0.0,0.0,0.0,0.0,0.0,0.0,0.0,0.02127659574468085,0.0
23,5,9,0.52,0.08695652173913043,0.2173913043478261,0.0,0.2173913043478261,0.0,0.0,0.04545454545454546,0.0,0.0,0.0,0.0,0.0,0.0,0.0,0.02325581395348837,0.0
11,15,16,0.55,0.0,0.3636363636363636,0.0,0.09090909090909091,0.0,0.0,0.0,0.0,0.0,0.0,0.0,0.0,0.0,0.0,0.0,0.0
11,14,7,0.64,0.0,0.3636363636363636,0.0,0.09090909090909091,0.0,0.0,0.0,0.0,0.0,0.0,0.0,0.0,0.0,0.0,0.0,0.0
11,14,9,0.64,0.0,0.4545454545454545,0.0,0.09090909090909091,0.0,0.0,0.0,0.0,0.0,0.0,0.0,0.0,0.0,0.0,0.0,0.0
11,9,8,0.73,0.0,0.5454545454545454,0.0,0.1818181818181818,0.0,0.0,0.0,0.0,0.0,0.0,0.0,0.0,0.0,0.0,0.0,0.0
11,19,9,0.64,0.0,0.4545454545454545,0.0,0.09090909090909091,0.0,0.0,0.0,0.0,0.0,0.0,0.0,0.0,0.0,0.0,0.0,0.0
11,14,14,0.55,0.0,0.3636363636363636,0.0,0.09090909090909091,0.0,0.0,0.0,0.0,0.0,0.0,0.0,0.0,0.0,0.0,0.0,0.0
11,13,7,0.64,0.0,0.3636363636363636,0.0,0.09090909090909091,0.0,0.0,0.0,0.0,0.0,0.0,0.0,0.0,0.0,0.0,0.0,0.0
11,13,10,0.64,0.0,0.3636363636363636,0.0,0.09090909090909091,0.0,0.0,0.0,0.0,0.0,0.0,0.0,0.0,0.0,0.0,0.0,0.0
11,10,9,0.82,0.0,0.4545454545454545,0.0,0.09090909090909091,0.0,0.0,0.0,0.0,0.0,0.0,0.0,0.0,0.0,0.0,0.0,0.0
11,13,14,0.55,0.0,0.3636363636363636,0.0,0.09090909090909091,0.0,0.0,0.0,0.0,0.0,0.0,0.0,0.0,0.0,0.0,0.0,0.0
11,13,8,0.55,0.0,0.3636363636363636,0.0,0.1818181818181818,0.0,0.0,0.0,0.0,0.0,0.0,0.0,0.0,0.0,0.0,0.0,0.0
11,13,19,0.55,0.0,0.3636363636363636,0.0,0.09090909090909091,0.0,0.0,0.0,0.0,0.0,0.0,0.0,0.0,0.0,0.0,0.0,0.0
11,9,9,0.73,0.0,0.5454545454545454,0.0,0.09090909090909091,0.0,0.0,0.0,0.0,0.0,0.0,0.0,0.0,0.0,0.0,0.0,0.0
11,16,9,0.73,0.0,0.5454545454545454,0.0,0.09090909090909091,0.0,0.0,0.0,0.0,0.0,0.0,0.0,0.0,0.0,0.0,0.0,0.0
11,14,9,0.73,0.0,0.5454545454545454,0.0,0.09090909090909091,0.0,0.0,0.0,0.0,0.0,0.0,0.0,0.0,0.0,0.0,0.0,0.0
11,9,9,0.82,0.0,0.6363636363636364,0.0,0.09090909090909091,0.0,0.0,0.0,0.0,0.0,0.0,0.0,0.0,0.0,0.0,0.0,0.0
11,13,9,0.73,0.0,0.5454545454545454,0.0,0.09090909090909091,0.0,0.0,0.0,0.0,0.0,0.0,0.0,0.0,0.0,0.0,0.0,0.0
11,13,17,0.73,0.0,0.4545454545454545,0.0,0.09090909090909091,0.0,0.0,0.0,0.0,0.0,0.0,0.0,0.0,0.0,0.0,0.0,0.0
11,1,9,0.73,0.0,0.5454545454545454,0.0,0.09090909090909091,0.0,0.0,0.0,0.0,0.0,0.0,0.0,0.0,0.0,0.0,0.0,0.0
24,8,1,0.54,0.08333333333333333,0.08333333333333333,0.125,0.125,0.0,0.0,0.0,0.0,0.0,0.0,0.0,0.0,0.0,0.0,0.02222222222222222,0.0
22,2,8,0.45,0.04545454545454546,0.04545454545454546,0.04545454545454546,0.09090909090909091,0.0,0.0,0.0,0.0,0.0,0.0,0.0,0.0,0.0,0.0,0.0,0.0
47,8,1,0.21,0.06382978723404255,0.0425531914893617,0.02127659574468085,0.1063829787234043,0.0,0.0,0.0,0.02173913043478261,0.0,0.0,0.0,0.03929646556469318,0.0,0.0,0.01098901098901099,0.01098901098901099
22,5,4,0.45,0.1818181818181818,0.0,0.04545454545454546,0.04545454545454546,0.0,0.0,0.0,0.0,0.0,0.0,0.0,0.0,0.0,0.0,0.0,0.0
33,8,8,0.45,0.0303030303030303,0.0,0.0303030303030303,0.4545454545454545,0.0,0.0,0.125,0.03125,0.0,0.0,0.0,0.07280993647336098,0.01587301587301587,0.0,0.1111111111111111,0.01587301587301587
34,8,8,0.5,0.08823529411764706,0.0,0.02941176470588235,0.3235294117647059,0.0,0.0,0.06060606060606061,0.0303030303030303,0.0,0.0,0.0,0.06917894127760217,0.01538461538461539,0.0,0.06153846153846154,0.01538461538461539
36,0,9,0.75,0.1388888888888889,0.1111111111111111,0.02777777777777778,0.08333333333333333,0.0,0.0,0.0,0.02857142857142857,0.0,0.0,0.0,0.06270011419810788,0.01449275362318841,0.0,0.0,0.01449275362318841
26,5,13,0.62,0.1153846153846154,0.1538461538461539,0.03846153846153846,0.1153846153846154,0.0,0.0,0.0,0.0,0.0,0.0,0.0,0.0,0.0,0.0,0.02040816326530612,0.02040816326530612
24,3,12,0.42,0.04166666666666666,0.04166666666666666,0.08333333333333333,0.1666666666666667,0.0,0.0,0.0,0.0,0.0,0.0,0.0,0.0,0.0,0.0,0.0,0.0
12,15,0,0.67,0.0,0.1666666666666667,0.08333333333333333,0.0,0.0,0.0,0.0,0.0,0.0,0.0,0.0,0.0,0.0,0.0,0.0,0.0
43,15,2,0.26,0.06976744186046512,0.04651162790697674,0.02325581395348837,0.09302325581395349,0.0,0.0,0.0,0.0,0.0,0.0,0.0,0.0,0.0,0.0,0.0,0.0
11,5,5,0.73,0.3636363636363636,0.0,0.3636363636363636,0.0,0.0,0.0,0.0,0.1,0.0,0.0,0.0,0.4625065378682232,0.0,0.0,0.0,0.1578947368421053
14,8,19,0.14,0.07142857142857142,0.0,0.0,0.2142857142857143,0.0,0.0,0.0,0.0,0.0,0.0,0.0,0.0,0.0,0.0,0.04,0.0
20,14,13,0.55,0.15,0.05,0.25,0.0,0.0,0.05263157894736842,0.0,0.05263157894736842,0.0,0.0,0.2500395326083078,0.1694573770493589,0.0,0.08108108108108109,0.0,0.02702702702702703
9,2,14,0.22,0.0,0.1111111111111111,0.0,0.1111111111111111,0.0,0.0,0.0,0.0,0.0,0.0,0.0,0.0,0.0,0.0,0.0,0.0
24,2,19,0.17,0.08333333333333333,0.0,0.0,0.1666666666666667,0.0,0.0,0.0,0.0,0.0,0.0,0.0,0.0,0.0,0.0,0.02222222222222222,0.0
56,15,13,0.62,0.1785714285714286,0.0,0.3928571428571428,0.01785714285714286,0.01818181818181818,0.0,0.0,0.05454545454545454,0.0,0.02860705177527688,0.0,0.1035432289352947,0.01834862385321101,0.0,0.0,0.09174311926605505
57,10,11,0.42,0.05263157894736842,0.07017543859649122,0.01754385964912281,0.07017543859649122,0.0,0.0,0.0,0.0,0.0,0.0,0.0,0.0,0.0,0.0,0.0,0.0
26,5,6,0.54,0.1538461538461539,0.07692307692307693,0.0,0.2692307692307692,0.0,0.0,0.08,0.0,0.0,0.0,0.0,0.0,0.0,0.0,0.04081632653061224,0.0
39,14,12,0.72,0.02564102564102564,0.05128205128205128,0.4871794871794872,0.0,0.0,0.0,0.0,0.0,0.0,0.0,0.0,0.0,0.0,0.01333333333333333,0.0,0.01333333333333333
14,5,17,0.71,0.2142857142857143,0.1428571428571428,0.0,0.1428571428571428,0.0,0.0,0.0,0.0,0.0,0.0,0.0,0.0,0.0,0.0,0.0,0.0
13,7,9,0.77,0.1538461538461539,0.1538461538461539,0.0,0.07692307692307693,0.0,0.0,0.0,0.0,0.0,0.0,0.0,0.0,0.0,0.0,0.0,0.0
13,4,9,0.62,0.07692307692307693,0.2307692307692308,0.0,0.07692307692307693,0.0,0.0,0.0,0.0,0.0,0.0,0.0,0.0,0.0,0.0,0.0,0.0
13,7,8,0.46,0.0,0.2307692307692308,0.0,0.4615384615384616,0.0,0.0,0.1666666666666667,0.0,0.0,0.0,0.0,0.0,0.0,0.0,0.1304347826086956,0.0
12,7,9,0.5,0.0,0.1666666666666667,0.0,0.4166666666666667,0.0,0.0,0.1818181818181818,0.0,0.0,0.0,0.0,0.0,0.0,0.0,0.1428571428571428,0.0
13,7,8,0.46,0.0,0.1538461538461539,0.0,0.4615384615384616,0.0,0.0,0.1666666666666667,0.0,0.0,0.0,0.0,0.0,0.0,0.0,0.1304347826086956,0.0
16,4,0,0.62,0.125,0.125,0.0,0.25,0.0,0.0,0.06666666666666667,0.0,0.0,0.0,0.0,0.0,0.0,0.0,0.03448275862068965,0.0
16,4,0,0.69,0.125,0.1875,0.0,0.1875,0.0,0.0,0.06666666666666667,0.0,0.0,0.0,0.0,0.0,0.0,0.0,0.03448275862068965,0.0
29,7,17,0.59,0.06896551724137931,0.103448275862069,0.03448275862068965,0.2413793103448276,0.0,0.0,0.03571428571428571,0.0,0.0,0.0,0.0,0.0,0.0,0.0,0.01818181818181818,0.0
27,10,8,0.44,0.0,0.1111111111111111,0.03703703703703703,0.1111111111111111,0.0,0.0,0.0,0.0,0.0,0.0,0.0,0.0,0.0,0.0,0.0,0.0
27,10,8,0.52,0.0,0.1111111111111111,0.03703703703703703,0.1111111111111111,0.0,0.0,0.0,0.0,0.0,0.0,0.0,0.0,0.0,0.0,0.0,0.0
27,10,8,0.48,0.03703703703703703,0.1111111111111111,0.03703703703703703,0.1111111111111111,0.0,0.0,0.0,0.0,0.0,0.0,0.0,0.0,0.0,0.0,0.0,0.0
27,10,18,0.48,0.03703703703703703,0.1111111111111111,0.0,0.07407407407407407,0.0,0.0,0.0,0.0,0.0,0.0,0.0,0.0,0.0,0.0,0.0,0.0
27,10,18,0.63,0.03703703703703703,0.1111111111111111,0.0,0.07407407407407407,0.0,0.0,0.0,0.0,0.0,0.0,0.0,0.0,0.0,0.0,0.0,0.0
27,10,8,0.37,0.03703703703703703,0.1111111111111111,0.03703703703703703,0.1111111111111111,0.0,0.0,0.0,0.0,0.0,0.0,0.0,0.0,0.0,0.0,0.0,0.0
15,14,17,0.53,0.06666666666666667,0.0,0.0,0.06666666666666667,0.0,0.0,0.0,0.0,0.0,0.0,0.0,0.0,0.0,0.0,0.0,0.0
11,8,16,0.55,0.0,0.1818181818181818,0.0,0.2727272727272727,0.0,0.0,0.0,0.0,0.0,0.0,0.0,0.0,0.0,0.0,0.05263157894736842,0.0
30,8,4,0.5,0.03333333333333333,0.03333333333333333,0.06666666666666667,0.3,0.0,0.0,0.103448275862069,0.0,0.0,0.0,0.0,0.0,0.0,0.0,0.07017543859649122,0.0
17,8,0,0.24,0.0,0.05882352941176471,0.0,0.1176470588235294,0.0,0.0,0.0,0.0,0.0,0.0,0.0,0.0,0.0,0.0,0.0,0.0
17,11,11,0.24,0.0,0.05882352941176471,0.0,0.1176470588235294,0.0,0.0,0.0,0.0,0.0,0.0,0.0,0.0,0.0,0.0,0.0,0.0
16,7,5,0.5,0.3125,0.0,0.0,0.0625,0.0,0.0,0.0,0.0,0.0,0.0,0.0,0.0,0.0,0.0,0.0,0.0
32,0,14,0.31,0.09375,0.09375,0.0,0.0,0.0,0.0,0.0,0.0,0.0,0.0,0.0,0.0,0.0,0.0,0.0,0.0
35,14,19,0.46,0.08571428571428572,0.02857142857142857,0.0,0.1142857142857143,0.0,0.0,0.02941176470588235,0.0,0.0,0.0,0.0,0.0,0.0,0.0,0.02985074626865672,0.0
36,14,10,0.33,0.02777777777777778,0.08333333333333333,0.0,0.1944444444444444,0.0,0.0,0.05714285714285714,0.0,0.0,0.0,0.0,0.0,0.0,0.0,0.04347826086956522,0.0
37,14,2,0.41,0.02702702702702703,0.05405405405405406,0.0,0.1081081081081081,0.0,0.0,0.02777777777777778,0.0,0.0,0.0,0.0,0.0,0.0,0.0,0.02816901408450704,0.0
36,14,10,0.31,0.02777777777777778,0.05555555555555555,0.0,0.1944444444444444,0.0,0.0,0.05714285714285714,0.0,0.0,0.0,0.0,0.0,0.0,0.0,0.04347826086956522,0.0
29,14,19,0.38,0.1379310344827586,0.03448275862068965,0.0,0.0,0.0,0.0,0.0,0.0,0.0,0.0,0.0,0.0,0.0,0.0,0.0,0.0
30,14,10,0.23,0.06666666666666667,0.1,0.0,0.1,0.0,0.0,0.03448275862068965,0.0,0.0,0.0,0.0,0.0,0.0,0.0,0.01754385964912281,0.0
31,14,2,0.32,0.06451612903225806,0.06451612903225806,0.0,0.0,0.0,0.0,0.0,0.0,0.0,0.0,0.0,0.0,0.0,0.0,0.0,0.0
30,14,10,0.2,0.06666666666666667,0.06666666666666667,0.0,0.1,0.0,0.0,0.03448275862068965,0.0,0.0,0.0,0.0,0.0,0.0,0.0,0.01754385964912281,0.0
15,8,15,0.33,0.06666666666666667,0.2,0.0,0.1333333333333333,0.0,0.0,0.0,0.0,0.0,0.0,0.0,0.0,0.0,0.0,0.0,0.0
44,5,13,0.45,0.1818181818181818,0.06818181818181818,0.04545454545454546,0.06818181818181818,0.0,0.0,0.02325581395348837,0.02325581395348837,0.0,0.0,0.0,0.04417897437998291,0.0,0.0,0.01176470588235294,0.02352941176470588
21,3,14,0.48,0.04761904761904762,0.04761904761904762,0.0,0.0,0.0,0.0,0.0,0.0,0.0,0.0,0.0,0.0,0.0,0.0,0.0,0.0
21,3,14,0.52,0.04761904761904762,0.0,0.0,0.0,0.0,0.0,0.0,0.0,0.0,0.0,0.0,0.0,0.0,0.0,0.0,0.0
19,5,8,0.37,0.05263157894736842,0.0,0.1052631578947368,0.1578947368421053,0.0,0.0,0.05555555555555555,0.0,0.0,0.0,0.0,0.0,0.02857142857142857,0.0,0.02857142857142857,0.0
40,19,19,0.45,0.225,0.075,0.025,0.075,0.0,0.0,0.02564102564102564,0.0,0.0,0.0,0.0,0.0,0.0,0.0,0.01298701298701299,0.0
25,19,5,0.4,0.24,0.04,0.04,0.12,0.0,0.0,0.04166666666666666,0.0,0.0,0.0,0.0,0.0,0.0,0.0,0.02127659574468085,0.0
12,9,19,0.42,0.0,0.1666666666666667,0.0,0.0,0.0,0.0,0.0,0.0,0.0,0.0,0.0,0.0,0.0,0.0,0.0,0.0
25,14,9,0.4,0.04,0.04,0.0,0.2,0.0,0.0,0.08333333333333333,0.0,0.0,0.0,0.0,0.0,0.0,0.0,0.0851063829787234,0.0
43,9,5,0.26,0.1162790697674419,0.04651162790697674,0.02325581395348837,0.186046511627907,0.0,0.0,0.07142857142857142,0.0,0.0,0.0,0.0,0.0,0.0,0.0,0.04819277108433735,0.0
14,14,9,0.57,0.0,0.5714285714285714,0.0,0.0,0.0,0.0,0.0,0.0,0.0,0.0,0.0,0.0,0.0,0.0,0.0,0.0
14,14,14,0.57,0.0,0.5714285714285714,0.0,0.0,0.0,0.0,0.0,0.0,0.0,0.0,0.0,0.0,0.0,0.0,0.0,0.0
14,8,8,0.57,0.0,0.5714285714285714,0.0,0.4285714285714285,0.0,0.0,0.07692307692307693,0.0,0.0,0.0,0.0,0.0,0.0,0.0,0.04,0.0
14,8,9,0.57,0.0,0.5714285714285714,0.0,0.4285714285714285,0.0,0.0,0.07692307692307693,0.0,0.0,0.0,0.0,0.0,0.0,0.0,0.08,0.0
25,14,8,0.36,0.08,0.08,0.0,0.16,0.0,0.0,0.04166666666666666,0.0,0.0,0.0,0.0,0.0,0.0,0.0,0.0425531914893617,0.0
14,8,8,0.5,0.0,0.5,0.0,0.4285714285714285,0.0,0.0,0.07692307692307693,0.0,0.0,0.0,0.0,0.0,0.0,0.0,0.04,0.0
14,8,8,0.5,0.0,0.5,0.0,0.4285714285714285,0.0,0.0,0.07692307692307693,0.0,0.0,0.0,0.0,0.0,0.0,0.0,0.04,0.0
14,8,8,0.5,0.0,0.5,0.0,0.5,0.0,0.0,0.1538461538461539,0.0,0.0,0.0,0.0,0.0,0.0,0.0,0.12,0.0
14,8,8,0.57,0.0,0.5714285714285714,0.0,0.3571428571428572,0.0,0.0,0.07692307692307693,0.0,0.0,0.0,0.0,0.0,0.0,0.0,0.04,0.0
14,8,8,0.5,0.0,0.5,0.0,0.4285714285714285,0.0,0.0,0.07692307692307693,0.0,0.0,0.0,0.0,0.0,0.0,0.0,0.04,0.0
14,8,8,0.5,0.0,0.5,0.0,0.4285714285714285,0.0,0.0,0.07692307692307693,0.0,0.0,0.0,0.0,0.0,0.0,0.0,0.04,0.0
14,8,8,0.5,0.0,0.5,0.0,0.4285714285714285,0.0,0.0,0.07692307692307693,0.0,0.0,0.0,0.0,0.0,0.0,0.0,0.04,0.0
14,8,8,0.5,0.0,0.5,0.0,0.4285714285714285,0.0,0.0,0.07692307692307693,0.0,0.0,0.0,0.0,0.0,0.0,0.0,0.04,0.0
14,8,8,0.5,0.0,0.5,0.0,0.4285714285714285,0.0,0.0,0.07692307692307693,0.0,0.0,0.0,0.0,0.0,0.0,0.0,0.04,0.0
14,8,8,0.5,0.0,0.5,0.0,0.4285714285714285,0.0,0.0,0.07692307692307693,0.0,0.0,0.0,0.0,0.0,0.0,0.0,0.04,0.0
14,8,8,0.5,0.0,0.5,0.0,0.4285714285714285,0.0,0.0,0.07692307692307693,0.0,0.0,0.0,0.0,0.0,0.0,0.0,0.04,0.0
26,19,15,0.31,0.03846153846153846,0.03846153846153846,0.0,0.07692307692307693,0.0,0.0,0.04,0.0,0.0,0.0,0.0,0.0,0.0,0.0,0.02040816326530612,0.0
22,19,15,0.32,0.04545454545454546,0.04545454545454546,0.0,0.09090909090909091,0.0,0.0,0.04761904761904762,0.0,0.0,0.0,0.0,0.0,0.0,0.0,0.02439024390243903,0.0
17,19,15,0.18,0.05882352941176471,0.0,0.0,0.1176470588235294,0.0,0.0,0.0625,0.0,0.0,0.0,0.0,0.0,0.0,0.0,0.03225806451612903,0.0
16,19,9,0.31,0.0625,0.0625,0.0,0.125,0.0,0.0,0.06666666666666667,0.0,0.0,0.0,0.0,0.0,0.0,0.0,0.03448275862068965,0.0
19,19,0,0.32,0.05263157894736842,0.05263157894736842,0.0,0.1052631578947368,0.0,0.0,0.05555555555555555,0.0,0.0,0.0,0.0,0.0,0.0,0.0,0.02857142857142857,0.0
20,1,14,0.15,0.15,0.0,0.0,0.1,0.0,0.0,0.05263157894736842,0.0,0.0,0.0,0.0,0.0,0.0,0.0,0.02702702702702703,0.0
7,1,15,0.0,0.0,0.0,0.0,0.0,0.0,0.0,0.0,0.0,0.0,0.0,0.0,0.0,0.0,0.0,0.0,0.0
31,14,17,0.42,0.06451612903225806,0.0967741935483871,0.03225806451612903,0.0967741935483871,0.0,0.0,0.03333333333333333,0.0,0.0,0.0,0.0,0.0,0.0,0.0,0.01694915254237288,0.0
31,14,19,0.35,0.06451612903225806,0.0967741935483871,0.03225806451612903,0.0967741935483871,0.0,0.0,0.03333333333333333,0.0,0.0,0.0,0.0,0.0,0.0,0.0,0.01694915254237288,0.0
15,1,15,0.53,0.06666666666666667,0.06666666666666667,0.06666666666666667,0.1333333333333333,0.07142857142857142,0.0,0.0,0.0,0.0,0.2741886550751872,0.0,0.0,0.03703703703703703,0.0,0.0,0.0
15,1,15,0.53,0.06666666666666667,0.1333333333333333,0.06666666666666667,0.06666666666666667,0.07142857142857142,0.0,0.0,0.0,0.0,0.2741886550751872,0.0,0.0,0.03703703703703703,0.0,0.0,0.0
13,5,3,0.62,0.07692307692307693,0.1538461538461539,0.07692307692307693,0.07692307692307693,0.08333333333333333,0.0,0.0,0.0,0.0,0.3486789197377017,0.0,0.0,0.04347826086956522,0.0,0.0,0.0
14,5,5,0.64,0.1428571428571428,0.1428571428571428,0.07142857142857142,0.07142857142857142,0.07692307692307693,0.0,0.0,0.0,0.0,0.3078286401727354,0.0,0.0,0.04,0.0,0.0,0.0
13,5,2,0.62,0.07692307692307693,0.1538461538461539,0.07692307692307693,0.07692307692307693,0.08333333333333333,0.0,0.0,0.0,0.0,0.3486789197377017,0.0,0.0,0.04347826086956522,0.0,0.0,0.0
10,4,14,0.6,0.0,0.3,0.0,0.0,0.0,0.0,0.0,0.0,0.0,0.0,0.0,0.0,0.0,0.0,0.0,0.0
20,4,12,0.5,0.0,0.2,0.05,0.1,0.0,0.0,0.0,0.0,0.0,0.0,0.0,0.0,0.0,0.0,0.0,0.0
26,0,12,0.58,0.0,0.1538461538461539,0.07692307692307693,0.1153846153846154,0.0,0.0,0.0,0.0,0.0,0.0,0.0,0.0,0.02040816326530612,0.0,0.0,0.0
20,18,14,0.2,0.0,0.0,0.05,0.0,0.0,0.0,0.0,0.0,0.0,0.0,0.0,0.0,0.0,0.0,0.0,0.0
7,0,18,0.71,0.1428571428571428,0.1428571428571428,0.0,0.1428571428571428,0.0,0.0,0.0,0.0,0.0,0.0,0.0,0.0,0.0,0.0,0.0,0.0
21,5,0,0.52,0.09523809523809523,0.1428571428571428,0.0,0.4285714285714285,0.0,0.0,0.2,0.0,0.0,0.0,0.0,0.0,0.0,0.0,0.1538461538461539,0.0
13,1,14,0.38,0.0,0.07692307692307693,0.0,0.3076923076923077,0.0,0.0,0.08333333333333333,0.0,0.0,0.0,0.0,0.0,0.0,0.0,0.04347826086956522,0.0
24,4,1,0.62,0.04166666666666666,0.125,0.04166666666666666,0.1666666666666667,0.0,0.0,0.04347826086956522,0.0,0.0,0.0,0.0,0.0,0.0,0.0,0.02222222222222222,0.0
17,4,9,0.82,0.05882352941176471,0.2352941176470588,0.1176470588235294,0.05882352941176471,0.0,0.0,0.0,0.0,0.0,0.0,0.0,0.0,0.0,0.0,0.0,0.0
13,4,4,0.69,0.07692307692307693,0.1538461538461539,0.0,0.0,0.0,0.0,0.0,0.0,0.0,0.0,0.0,0.0,0.0,0.0,0.0,0.0
25,14,8,0.32,0.04,0.0,0.04,0.16,0.0,0.0,0.0,0.0,0.1741515433929318,0.0,0.0,0.0,0.0,0.0,0.0,0.0
26,5,0,0.27,0.03846153846153846,0.0,0.03846153846153846,0.1923076923076923,0.0,0.04,0.04,0.0,0.0,0.0,0.1634363083238693,0.0,0.0,0.02040816326530612,0.04081632653061224,0.0
19,0,0,0.74,0.05263157894736842,0.1052631578947368,0.0,0.1578947368421053,0.0,0.0,0.0,0.0,0.0,0.0,0.0,0.0,0.0,0.0,0.02857142857142857,0.0
13,7,4,0.62,0.07692307692307693,0.1538461538461539,0.0,0.2307692307692308,0.0,0.0,0.08333333333333333,0.0,0.0,0.0,0.0,0.0,0.0,0.0,0.04347826086956522,0.0
13,7,4,0.62,0.07692307692307693,0.1538461538461539,0.0,0.2307692307692308,0.0,0.0,0.08333333333333333,0.0,0.0,0.0,0.0,0.0,0.0,0.0,0.04347826086956522,0.0
13,7,4,0.69,0.1538461538461539,0.1538461538461539,0.0,0.1538461538461539,0.0,0.0,0.0,0.0,0.0,0.0,0.0,0.0,0.0,0.0,0.0,0.0
13,7,4,0.69,0.1538461538461539,0.07692307692307693,0.0,0.1538461538461539,0.0,0.0,0.0,0.0,0.0,0.0,0.0,0.0,0.0,0.0,0.0,0.0
13,7,4,0.54,0.1538461538461539,0.07692307692307693,0.0,0.1538461538461539,0.0,0.0,0.0,0.0,0.0,0.0,0.0,0.0,0.0,0.0,0.0,0.0
13,5,4,0.69,0.1538461538461539,0.1538461538461539,0.0,0.1538461538461539,0.0,0.0,0.0,0.0,0.0,0.0,0.0,0.0,0.0,0.0,0.0,0.0
13,5,4,0.69,0.1538461538461539,0.1538461538461539,0.0,0.1538461538461539,0.0,0.0,0.0,0.0,0.0,0.0,0.0,0.0,0.0,0.0,0.0,0.0
13,5,4,0.62,0.07692307692307693,0.1538461538461539,0.0,0.2307692307692308,0.0,0.0,0.08333333333333333,0.0,0.0,0.0,0.0,0.0,0.0,0.0,0.08695652173913043,0.0
13,5,4,0.62,0.07692307692307693,0.2307692307692308,0.0,0.2307692307692308,0.0,0.0,0.08333333333333333,0.0,0.0,0.0,0.0,0.0,0.0,0.0,0.08695652173913043,0.0
13,5,4,0.46,0.07692307692307693,0.1538461538461539,0.0,0.2307692307692308,0.0,0.0,0.08333333333333333,0.0,0.0,0.0,0.0,0.0,0.0,0.0,0.08695652173913043,0.0
13,7,4,0.69,0.1538461538461539,0.1538461538461539,0.0,0.2307692307692308,0.0,0.0,0.0,0.0,0.0,0.0,0.0,0.0,0.0,0.0,0.0,0.0
13,5,4,0.62,0.07692307692307693,0.1538461538461539,0.0,0.1538461538461539,0.0,0.0,0.08333333333333333,0.0,0.0,0.0,0.0,0.0,0.0,0.0,0.04347826086956522,0.0
15,17,8,0.6,0.06666666666666667,0.06666666666666667,0.0,0.3333333333333333,0.0,0.0,0.07142857142857142,0.0,0.0,0.0,0.0,0.0,0.0,0.0,0.03703703703703703,0.0
15,17,8,0.6,0.0,0.06666666666666667,0.0,0.3333333333333333,0.0,0.0,0.07142857142857142,0.0,0.0,0.0,0.0,0.0,0.0,0.0,0.03703703703703703,0.0
15,11,8,0.6,0.06666666666666667,0.06666666666666667,0.0,0.3333333333333333,0.0,0.0,0.07142857142857142,0.0,0.0,0.0,0.0,0.0,0.0,0.0,0.03703703703703703,0.0
15,17,8,0.53,0.0,0.06666666666666667,0.0,0.4,0.0,0.0,0.1428571428571428,0.0,0.0,0.0,0.0,0.0,0.0,0.0,0.07407407407407407,0.0
15,17,8,0.53,0.06666666666666667,0.06666666666666667,0.0,0.4,0.0,0.0,0.1428571428571428,0.0,0.0,0.0,0.0,0.0,0.0,0.0,0.1111111111111111,0.0
15,17,8,0.6,0.0,0.06666666666666667,0.06666666666666667,0.3333333333333333,0.0,0.0,0.07142857142857142,0.0,0.0,0.0,0.0,0.0,0.0,0.0,0.03703703703703703,0.0
15,8,8,0.53,0.06666666666666667,0.06666666666666667,0.0,0.4,0.0,0.0,0.07142857142857142,0.0,0.0,0.0,0.0,0.0,0.0,0.0,0.03703703703703703,0.0
16,17,8,0.62,0.0625,0.0625,0.0,0.3125,0.0,0.0,0.06666666666666667,0.0,0.0,0.0,0.0,0.0,0.0,0.0,0.03448275862068965,0.0
15,17,8,0.6,0.06666666666666667,0.2666666666666667,0.0,0.3333333333333333,0.0,0.0,0.07142857142857142,0.0,0.0,0.0,0.0,0.0,0.0,0.0,0.03703703703703703,0.0
15,17,8,0.6,0.06666666666666667,0.2666666666666667,0.0,0.3333333333333333,0.0,0.0,0.07142857142857142,0.0,0.0,0.0,0.0,0.0,0.0,0.0,0.03703703703703703,0.0
15,17,14,0.6,0.06666666666666667,0.06666666666666667,0.0,0.0,0.0,0.0,0.0,0.0,0.0,0.0,0.0,0.0,0.0,0.0,0.0,0.0
15,8,8,0.47,0.0,0.06666666666666667,0.0,0.4666666666666667,0.0,0.0,0.1428571428571428,0.0,0.0,0.0,0.0,0.0,0.0,0.0,0.07407407407407407,0.0
15,17,8,0.6,0.06666666666666667,0.06666666666666667,0.0,0.3333333333333333,0.0,0.0,0.07142857142857142,0.0,0.0,0.0,0.0,0.0,0.0,0.0,0.03703703703703703,0.0
15,17,8,0.6,0.06666666666666667,0.06666666666666667,0.0,0.3333333333333333,0.0,0.0,0.07142857142857142,0.0,0.0,0.0,0.0,0.0,0.0,0.0,0.03703703703703703,0.0
15,11,8,0.53,0.06666666666666667,0.06666666666666667,0.0,0.4,0.0,0.0,0.07142857142857142,0.0,0.0,0.0,0.0,0.0,0.0,0.0,0.07407407407407407,0.0
15,17,8,0.6,0.0,0.06666666666666667,0.0,0.3333333333333333,0.0,0.0,0.07142857142857142,0.0,0.0,0.0,0.0,0.0,0.0,0.0,0.03703703703703703,0.0
13,5,9,0.77,0.1538461538461539,0.3076923076923077,0.0,0.2307692307692308,0.0,0.0,0.08333333333333333,0.0,0.0,0.0,0.0,0.0,0.0,0.0,0.04347826086956522,0.0
17,5,14,0.59,0.1176470588235294,0.1176470588235294,0.05882352941176471,0.05882352941176471,0.0,0.0,0.0,0.0,0.0,0.0,0.0,0.0,0.0,0.0,0.0,0.03225806451612903
13,0,9,0.77,0.07692307692307693,0.3076923076923077,0.0,0.2307692307692308,0.0,0.0,0.08333333333333333,0.0,0.0,0.0,0.0,0.0,0.0,0.0,0.04347826086956522,0.0
13,9,9,0.77,0.07692307692307693,0.3846153846153846,0.0,0.2307692307692308,0.0,0.0,0.08333333333333333,0.0,0.0,0.0,0.0,0.0,0.0,0.0,0.04347826086956522,0.0
13,5,9,0.69,0.07692307692307693,0.3076923076923077,0.0,0.3076923076923077,0.0,0.0,0.08333333333333333,0.0,0.0,0.0,0.0,0.0,0.0,0.0,0.04347826086956522,0.0
13,5,9,0.77,0.1538461538461539,0.3076923076923077,0.0,0.0,0.0,0.0,0.0,0.0,0.0,0.0,0.0,0.0,0.0,0.0,0.0,0.0
12,5,14,0.67,0.1666666666666667,0.1666666666666667,0.0,0.08333333333333333,0.0,0.0,0.0,0.0,0.0,0.0,0.0,0.0,0.0,0.0,0.0,0.0
12,5,8,0.67,0.1666666666666667,0.1666666666666667,0.0,0.1666666666666667,0.0,0.0,0.0,0.0,0.0,0.0,0.0,0.0,0.0,0.0,0.0,0.0
12,5,14,0.58,0.1666666666666667,0.1666666666666667,0.0,0.1666666666666667,0.0,0.0,0.0,0.0,0.0,0.0,0.0,0.0,0.0,0.0,0.0,0.0
12,5,14,0.67,0.1666666666666667,0.1666666666666667,0.0,0.1666666666666667,0.0,0.0,0.0,0.0,0.0,0.0,0.0,0.0,0.0,0.0,0.0,0.0
12,5,14,0.58,0.08333333333333333,0.1666666666666667,0.0,0.1666666666666667,0.0,0.0,0.0,0.0,0.0,0.0,0.0,0.0,0.0,0.0,0.0,0.0
12,5,14,0.58,0.1666666666666667,0.1666666666666667,0.0,0.1666666666666667,0.0,0.0,0.0,0.0,0.0,0.0,0.0,0.0,0.0,0.0,0.0,0.0
12,8,14,0.58,0.08333333333333333,0.1666666666666667,0.0,0.1666666666666667,0.0,0.0,0.0,0.0,0.0,0.0,0.0,0.0,0.0,0.0,0.0,0.0
12,5,14,0.67,0.1666666666666667,0.1666666666666667,0.0,0.25,0.0,0.0,0.09090909090909091,0.0,0.0,0.0,0.0,0.0,0.0,0.0,0.04761904761904762,0.0
12,5,14,0.58,0.1666666666666667,0.1666666666666667,0.0,0.25,0.0,0.0,0.0,0.0,0.0,0.0,0.0,0.0,0.0,0.0,0.0,0.0
12,5,14,0.67,0.1666666666666667,0.1666666666666667,0.0,0.1666666666666667,0.0,0.0,0.09090909090909091,0.0,0.0,0.0,0.0,0.0,0.0,0.0,0.04761904761904762,0.0
12,5,14,0.58,0.1666666666666667,0.1666666666666667,0.0,0.25,0.0,0.0,0.09090909090909091,0.0,0.0,0.0,0.0,0.0,0.0,0.0,0.09523809523809523,0.0
12,5,14,0.58,0.1666666666666667,0.1666666666666667,0.0,0.3333333333333333,0.0,0.0,0.09090909090909091,0.0,0.0,0.0,0.0,0.0,0.0,0.0,0.09523809523809523,0.0
12,5,14,0.67,0.1666666666666667,0.3333333333333333,0.0,0.08333333333333333,0.0,0.0,0.0,0.0,0.0,0.0,0.0,0.0,0.0,0.0,0.0,0.0
12,5,8,0.58,0.08333333333333333,0.25,0.0,0.25,0.0,0.0,0.0,0.0,0.0,0.0,0.0,0.0,0.0,0.0,0.0,0.0
12,5,8,0.58,0.08333333333333333,0.25,0.0,0.3333333333333333,0.0,0.0,0.09090909090909091,0.0,0.0,0.0,0.0,0.0,0.0,0.0,0.04761904761904762,0.0
12,5,8,0.58,0.08333333333333333,0.25,0.0,0.3333333333333333,0.0,0.0,0.0,0.0,0.0,0.0,0.0,0.0,0.0,0.0,0.0,0.0
12,5,8,0.5,0.08333333333333333,0.25,0.0,0.3333333333333333,0.0,0.0,0.0,0.0,0.0,0.0,0.0,0.0,0.0,0.0,0.04761904761904762,0.0
12,5,8,0.58,0.08333333333333333,0.1666666666666667,0.0,0.25,0.0,0.0,0.0,0.0,0.0,0.0,0.0,0.0,0.0,0.0,0.0,0.0
12,5,8,0.58,0.08333333333333333,0.25,0.0,0.25,0.0,0.0,0.0,0.0,0.0,0.0,0.0,0.0,0.0,0.0,0.0,0.0
12,5,8,0.58,0.08333333333333333,0.1666666666666667,0.0,0.25,0.0,0.0,0.0,0.0,0.0,0.0,0.0,0.0,0.0,0.0,0.0,0.0
12,5,8,0.58,0.08333333333333333,0.25,0.0,0.25,0.0,0.0,0.0,0.0,0.0,0.0,0.0,0.0,0.0,0.0,0.0,0.0
12,5,8,0.58,0.08333333333333333,0.1666666666666667,0.0,0.25,0.0,0.0,0.0,0.0,0.0,0.0,0.0,0.0,0.0,0.0,0.0,0.0
12,5,8,0.58,0.08333333333333333,0.25,0.0,0.25,0.0,0.0,0.0,0.0,0.0,0.0,0.0,0.0,0.0,0.0,0.0,0.0
12,5,8,0.58,0.08333333333333333,0.3333333333333333,0.0,0.25,0.0,0.0,0.0,0.0,0.0,0.0,0.0,0.0,0.0,0.0,0.0,0.0
13,9,9,0.54,0.0,0.3076923076923077,0.0,0.1538461538461539,0.0,0.0,0.0,0.0,0.0,0.0,0.0,0.0,0.0,0.0,0.0,0.0
13,4,4,0.77,0.07692307692307693,0.1538461538461539,0.0,0.07692307692307693,0.0,0.0,0.0,0.0,0.0,0.0,0.0,0.0,0.0,0.0,0.0,0.0
13,4,4,0.77,0.0,0.1538461538461539,0.0,0.07692307692307693,0.0,0.0,0.0,0.0,0.0,0.0,0.0,0.0,0.0,0.0,0.0,0.0
13,4,4,0.85,0.07692307692307693,0.1538461538461539,0.0,0.07692307692307693,0.0,0.0,0.0,0.0,0.0,0.0,0.0,0.0,0.0,0.0,0.0,0.0
13,4,4,0.85,0.07692307692307693,0.1538461538461539,0.0,0.07692307692307693,0.0,0.0,0.0,0.0,0.0,0.0,0.0,0.0,0.0,0.0,0.0,0.0
32,5,1,0.56,0.125,0.125,0.0,0.15625,0.0,0.0,0.0,0.0,0.0,0.0,0.0,0.0,0.0,0.0,0.01639344262295082,0.0
33,5,1,0.61,0.2121212121212121,0.1515151515151515,0.0,0.1515151515151515,0.0,0.0,0.0,0.0,0.0,0.0,0.0,0.0,0.0,0.0,0.01587301587301587,0.0
33,5,1,0.55,0.1212121212121212,0.1818181818181818,0.0,0.1212121212121212,0.0,0.0,0.0,0.0,0.0,0.0,0.0,0.0,0.0,0.0,0.0,0.0
31,5,12,0.58,0.1612903225806452,0.1935483870967742,0.03225806451612903,0.1935483870967742,0.0,0.0,0.0,0.0,0.0,0.0,0.0,0.0,0.0,0.0,0.01694915254237288,0.0
33,5,1,0.61,0.2121212121212121,0.1818181818181818,0.0,0.1515151515151515,0.0,0.0,0.0,0.0,0.0,0.0,0.0,0.0,0.0,0.0,0.01587301587301587,0.0
46,12,13,0.43,0.04347826086956522,0.1739130434782609,0.04347826086956522,0.04347826086956522,0.0,0.0,0.0,0.0,0.0,0.0,0.0,0.0,0.0,0.0,0.0,0.0
47,7,9,0.28,0.0851063829787234,0.02127659574468085,0.0,0.06382978723404255,0.0,0.0,0.0,0.0,0.0,0.0,0.0,0.0,0.0,0.0,0.0,0.0
47,0,9,0.28,0.0851063829787234,0.02127659574468085,0.0,0.06382978723404255,0.0,0.0,0.0,0.0,0.0,0.0,0.0,0.0,0.0,0.0,0.0,0.0
13,1,8,0.46,0.0,0.0,0.0,0.4615384615384616,0.0,0.0,0.25,0.0,0.0,0.0,0.0,0.0,0.0,0.0,0.1304347826086956,0.0
13,1,8,0.46,0.0,0.4615384615384616,0.0,0.4615384615384616,0.0,0.0,0.25,0.0,0.0,0.0,0.0,0.0,0.0,0.0,0.1304347826086956,0.0
13,1,14,0.46,0.0,0.0,0.0,0.0,0.0,0.0,0.0,0.0,0.0,0.0,0.0,0.0,0.0,0.0,0.0,0.0
13,1,14,0.46,0.0,0.4615384615384616,0.0,0.0,0.0,0.0,0.0,0.0,0.0,0.0,0.0,0.0,0.0,0.0,0.0,0.0
15,1,7,0.53,0.0,0.0,0.0,0.4,0.0,0.0,0.2142857142857143,0.0,0.0,0.0,0.0,0.0,0.0,0.0,0.1111111111111111,0.0
3,19,9,0.33,0.0,0.3333333333333333,0.0,0.0,0.0,0.0,0.0,0.0,0.0,0.0,0.0,0.0,0.0,0.0,0.0,0.0
20,6,18,0.4,0.05,0.05,0.05,0.25,0.0,0.0,0.0,0.0,0.0,0.0,0.0,0.0,0.0,0.0,0.08108108108108109,0.0
13,4,9,0.69,0.0,0.3846153846153846,0.0,0.3076923076923077,0.0,0.0,0.08333333333333333,0.0,0.0,0.0,0.0,0.0,0.0,0.0,0.04347826086956522,0.0
13,4,9,0.69,0.0,0.3846153846153846,0.0,0.3076923076923077,0.0,0.0,0.0,0.0,0.0,0.0,0.0,0.0,0.0,0.0,0.04347826086956522,0.0
13,4,8,0.69,0.0,0.3846153846153846,0.0,0.3076923076923077,0.0,0.0,0.0,0.0,0.0,0.0,0.0,0.0,0.0,0.0,0.0,0.0
13,4,9,0.69,0.0,0.3846153846153846,0.0,0.1538461538461539,0.0,0.0,0.0,0.0,0.0,0.0,0.0,0.0,0.0,0.0,0.0,0.0
13,0,9,0.69,0.0,0.3846153846153846,0.0,0.3076923076923077,0.0,0.0,0.08333333333333333,0.0,0.0,0.0,0.0,0.0,0.0,0.0,0.04347826086956522,0.0
33,16,8,0.39,0.09090909090909091,0.06060606060606061,0.0303030303030303,0.09090909090909091,0.0,0.0,0.0,0.0,0.0,0.0,0.0,0.0,0.0,0.0,0.0,0.0
30,12,13,0.47,0.0,0.1333333333333333,0.06666666666666667,0.1333333333333333,0.0,0.0,0.03448275862068965,0.0,0.0,0.0,0.0,0.0,0.0,0.0,0.03508771929824561,0.0
30,10,5,0.5,0.1,0.03333333333333333,0.03333333333333333,0.1666666666666667,0.0,0.0,0.03448275862068965,0.0,0.0,0.0,0.0,0.0,0.0,0.0,0.03508771929824561,0.0
7,0,14,0.71,0.0,0.1428571428571428,0.2857142857142857,0.0,0.0,0.0,0.0,0.0,0.0,0.0,0.0,0.0,0.0,0.0,0.0,0.0
5,12,4,0.6,0.0,0.0,0.2,0.0,0.0,0.0,0.0,0.0,2.675538471877458,0.0,0.0,0.0,0.0,0.0,0.0,0.0
29,8,15,0.34,0.0,0.03448275862068965,0.103448275862069,0.1379310344827586,0.0,0.0,0.07142857142857142,0.0,0.0,0.0,0.0,0.0,0.0,0.0,0.07272727272727272,0.0
29,8,15,0.38,0.103448275862069,0.03448275862068965,0.06896551724137931,0.1379310344827586,0.0,0.0,0.07142857142857142,0.0,0.0,0.0,0.0,0.0,0.0,0.0,0.07272727272727272,0.0
29,8,15,0.34,0.0,0.03448275862068965,0.103448275862069,0.1379310344827586,0.0,0.0,0.07142857142857142,0.0,0.0,0.0,0.0,0.0,0.0,0.0,0.07272727272727272,0.0
29,8,15,0.34,0.0,0.03448275862068965,0.103448275862069,0.1379310344827586,0.03571428571428571,0.0,0.07142857142857142,0.0,0.0,0.0907308251980011,0.0,0.0,0.01818181818181818,0.0,0.07272727272727272,0.0
24,8,15,0.42,0.0,0.04166666666666666,0.125,0.1666666666666667,0.0,0.0,0.08695652173913043,0.0,0.0,0.0,0.0,0.0,0.0,0.0,0.08888888888888889,0.0
19,8,14,0.32,0.0,0.0,0.05263157894736842,0.2105263157894737,0.0,0.0,0.1111111111111111,0.0,0.0,0.0,0.0,0.0,0.0,0.0,0.1142857142857143,0.0
26,4,17,0.77,0.1538461538461539,0.1538461538461539,0.03846153846153846,0.1153846153846154,0.0,0.0,0.0,0.04,0.0,0.0,0.0,0.1091201024611579,0.0,0.0,0.0,0.02040816326530612
24,0,17,0.83,0.1666666666666667,0.1666666666666667,0.04166666666666666,0.125,0.0,0.0,0.04347826086956522,0.0,0.0,0.0,0.0,0.0,0.0,0.0,0.02222222222222222,0.02222222222222222
28,5,0,0.75,0.1428571428571428,0.1785714285714286,0.07142857142857142,0.1428571428571428,0.0,0.0,0.0,0.03703703703703703,0.0,0.0,0.0,0.09628621827753543,0.0,0.0,0.01886792452830189,0.01886792452830189
15,5,8,0.53,0.06666666666666667,0.2,0.06666666666666667,0.2666666666666667,0.0,0.0,0.0,0.0,0.0,0.0,0.0,0.0,0.0,0.0,0.0,0.0
12,5,16,0.75,0.1666666666666667,0.25,0.0,0.1666666666666667,0.0,0.0,0.09090909090909091,0.0,0.0,0.0,0.0,0.0,0.0,0.0,0.04761904761904762,0.0
11,7,5,0.82,0.1818181818181818,0.09090909090909091,0.0,0.09090909090909091,0.0,0.0,0.0,0.0,0.0,0.0,0.0,0.0,0.0,0.0,0.0,0.0
17,5,9,0.88,0.2941176470588235,0.1764705882352941,0.0,0.05882352941176471,0.0,0.0,0.0,0.0,0.0,0.0,0.0,0.0,0.0,0.0,0.0,0.0
10,5,0,0.8,0.2,0.1,0.0,0.1,0.0,0.0,0.0,0.0,0.0,0.0,0.0,0.0,0.0,0.0,0.0,0.0
9,5,17,0.89,0.3333333333333333,0.1111111111111111,0.0,0.0,0.0,0.0,0.0,0.0,0.0,0.0,0.0,0.0,0.0,0.0,0.0,0.0
10,5,0,0.7,0.2,0.2,0.0,0.3,0.0,0.0,0.1111111111111111,0.0,0.0,0.0,0.0,0.0,0.0,0.0,0.05882352941176471,0.0
14,5,5,0.79,0.1428571428571428,0.2857142857142857,0.0,0.1428571428571428,0.0,0.0,0.07692307692307693,0.0,0.0,0.0,0.0,0.0,0.0,0.0,0.04,0.0
13,5,0,0.62,0.07692307692307693,0.1538461538461539,0.0,0.3076923076923077,0.0,0.0,0.08333333333333333,0.0,0.0,0.0,0.0,0.0,0.0,0.0,0.04347826086956522,0.0
13,5,17,0.77,0.1538461538461539,0.3076923076923077,0.07692307692307693,0.1538461538461539,0.0,0.0,0.08333333333333333,0.0,0.0,0.0,0.0,0.0,0.0,0.0,0.04347826086956522,0.04347826086956522
14,5,5,0.86,0.3571428571428572,0.1428571428571428,0.0,0.07142857142857142,0.0,0.0,0.0,0.0,0.0,0.0,0.0,0.0,0.0,0.0,0.0,0.0
17,5,7,0.71,0.1764705882352941,0.3529411764705883,0.0,0.05882352941176471,0.0,0.0,0.0,0.0,0.0,0.0,0.0,0.0,0.0,0.0,0.0,0.0
7,5,13,0.71,0.1428571428571428,0.0,0.0,0.0,0.0,0.0,0.0,0.0,0.0,0.0,0.0,0.0,0.0,0.0,0.0,0.0
12,5,6,0.67,0.3333333333333333,0.0,0.0,0.08333333333333333,0.0,0.0,0.0,0.0,0.0,0.0,0.0,0.0,0.0,0.0,0.0,0.0
12,5,16,0.58,0.08333333333333333,0.08333333333333333,0.08333333333333333,0.1666666666666667,0.0,0.0,0.0,0.0,0.0,0.0,0.0,0.0,0.0,0.0,0.0,0.04761904761904762
17,4,8,0.65,0.0,0.1764705882352941,0.05882352941176471,0.2941176470588235,0.0,0.0,0.0625,0.0,0.0,0.0,0.0,0.0,0.0,0.0,0.03225806451612903,0.0
22,5,11,0.59,0.09090909090909091,0.04545454545454546,0.0,0.3181818181818182,0.0,0.0,0.09523809523809523,0.0,0.0,0.0,0.0,0.0,0.0,0.0,0.07317073170731707,0.0
10,0,2,0.5,0.0,0.1,0.1,0.1,0.0,0.0,0.0,0.0,0.0,0.0,0.0,0.0,0.0,0.0,0.0,0.0
5,19,12,0.8,0.0,0.0,0.4,0.0,0.0,0.0,0.0,0.0,0.0,0.0,0.0,0.0,0.0,0.1428571428571428,0.0,0.0
10,0,9,0.5,0.0,0.2,0.0,0.0,0.0,0.0,0.0,0.0,0.0,0.0,0.0,0.0,0.0,0.0,0.0,0.0
11,8,14,0.36,0.0,0.09090909090909091,0.0,0.09090909090909091,0.0,0.0,0.0,0.0,0.0,0.0,0.0,0.0,0.0,0.0,0.0,0.0
11,8,14,0.55,0.0,0.09090909090909091,0.0,0.09090909090909091,0.0,0.0,0.0,0.0,0.0,0.0,0.0,0.0,0.0,0.0,0.0,0.0
17,4,8,0.59,0.05882352941176471,0.05882352941176471,0.0,0.1764705882352941,0.0,0.0,0.0625,0.0,0.0,0.0,0.0,0.0,0.0,0.0,0.03225806451612903,0.0
25,5,9,0.6,0.16,0.08,0.0,0.16,0.0,0.0,0.04166666666666666,0.0,0.0,0.0,0.0,0.0,0.0,0.0,0.02127659574468085,0.0
26,14,8,0.54,0.03846153846153846,0.07692307692307693,0.03846153846153846,0.1538461538461539,0.0,0.0,0.08,0.0,0.0,0.0,0.0,0.0,0.0,0.0,0.06122448979591837,0.0
26,14,4,0.5,0.07692307692307693,0.03846153846153846,0.03846153846153846,0.07692307692307693,0.0,0.0,0.0,0.0,0.0,0.0,0.0,0.0,0.0,0.0,0.0,0.0
29,14,8,0.62,0.03448275862068965,0.06896551724137931,0.06896551724137931,0.103448275862069,0.0,0.0,0.0,0.0,0.0,0.0,0.0,0.0,0.0,0.0,0.0,0.0
25,8,8,0.68,0.0,0.32,0.0,0.32,0.0,0.0,0.1666666666666667,0.0,0.0,0.0,0.0,0.0,0.0,0.0,0.0851063829787234,0.0
19,8,11,0.47,0.0,0.05263157894736842,0.05263157894736842,0.05263157894736842,0.0,0.0,0.0,0.0,0.0,0.0,0.0,0.0,0.0,0.0,0.0,0.0
22,10,17,0.59,0.04545454545454546,0.09090909090909091,0.09090909090909091,0.0,0.0,0.0,0.0,0.04761904761904762,0.0,0.0,0.0,0.1444693216018378,0.0,0.0,0.0,0.04878048780487805
15,0,17,0.53,0.0,0.0,0.0,0.0,0.0,0.0,0.0,0.0,0.0,0.0,0.0,0.0,0.0,0.0,0.0,0.0
15,8,13,0.53,0.06666666666666667,0.2,0.06666666666666667,0.3333333333333333,0.0,0.0,0.2142857142857143,0.0,0.0,0.0,0.0,0.0,0.0,0.0,0.1851851851851852,0.0
15,8,8,0.4,0.0,0.2,0.0,0.6,0.0,0.0,0.3571428571428572,0.0,0.0,0.0,0.0,0.0,0.0,0.0,0.2962962962962963,0.0
15,8,8,0.53,0.0,0.3333333333333333,0.0,0.4666666666666667,0.0,0.0,0.1428571428571428,0.0,0.0,0.0,0.0,0.0,0.0,0.0,0.07407407407407407,0.0
15,8,8,0.53,0.0,0.5333333333333333,0.0,0.4666666666666667,0.0,0.0,0.1428571428571428,0.0,0.0,0.0,0.0,0.0,0.0,0.0,0.07407407407407407,0.0
15,8,8,0.53,0.0,0.0,0.0,0.4666666666666667,0.0,0.0,0.1428571428571428,0.0,0.0,0.0,0.0,0.0,0.0,0.0,0.07407407407407407,0.0
15,8,8,0.53,0.0,0.0,0.0,0.4666666666666667,0.0,0.0,0.1428571428571428,0.0,0.0,0.0,0.0,0.0,0.0,0.0,0.07407407407407407,0.0
15,8,8,0.4,0.0,0.0,0.0,0.6,0.0,0.0,0.2857142857142857,0.0,0.0,0.0,0.0,0.0,0.0,0.0,0.2592592592592592,0.0
15,8,8,0.4,0.0,0.4,0.0,0.6,0.0,0.0,0.2857142857142857,0.0,0.0,0.0,0.0,0.0,0.0,0.0,0.2592592592592592,0.0
15,8,8,0.4,0.0,0.0,0.0,0.6,0.0,0.0,0.2857142857142857,0.0,0.0,0.0,0.0,0.0,0.0,0.0,0.2592592592592592,0.0
15,7,7,0.53,0.0,0.0,0.0,0.4666666666666667,0.0,0.0,0.2142857142857143,0.0,0.0,0.0,0.0,0.0,0.0,0.0,0.1111111111111111,0.0
15,7,7,0.53,0.0,0.0,0.0,0.4666666666666667,0.0,0.0,0.2857142857142857,0.0,0.0,0.0,0.0,0.0,0.0,0.0,0.2592592592592592,0.0
15,8,8,0.53,0.0,0.0,0.0,0.4666666666666667,0.0,0.0,0.1428571428571428,0.0,0.0,0.0,0.0,0.0,0.0,0.0,0.1851851851851852,0.0
15,3,3,0.13,0.0,0.0,0.06666666666666667,0.0,0.0,0.0,0.0,0.0,0.0,0.0,0.0,0.0,0.0,0.0,0.0,0.0
15,14,14,0.13,0.0,0.0,0.06666666666666667,0.0,0.0,0.0,0.0,0.0,0.0,0.0,0.0,0.0,0.0,0.0,0.0,0.0
22,4,4,0.55,0.3181818181818182,0.04545454545454546,0.04545454545454546,0.09090909090909091,0.0,0.0,0.0,0.04761904761904762,0.0,0.0,0.0,0.1444693216018378,0.0,0.0,0.0,0.04878048780487805
29,0,14,0.48,0.06896551724137931,0.0,0.06896551724137931,0.06896551724137931,0.0,0.0,0.0,0.0,0.0,0.0,0.0,0.0,0.01818181818181818,0.0,0.01818181818181818,0.0
22,10,11,0.64,0.09090909090909091,0.1818181818181818,0.0,0.1818181818181818,0.0,0.0,0.0,0.0,0.0,0.0,0.0,0.0,0.0,0.0,0.0,0.0
31,5,11,0.45,0.0967741935483871,0.0,0.06451612903225806,0.0967741935483871,0.0,0.0,0.0,0.0,0.0,0.0,0.0,0.0,0.0,0.0,0.01694915254237288,0.0
42,19,5,0.36,0.119047619047619,0.0,0.07142857142857142,0.2142857142857143,0.0,0.0,0.04878048780487805,0.0,0.0,0.0,0.0,0.0,0.0,0.0,0.03703703703703703,0.0
31,5,11,0.45,0.0967741935483871,0.06451612903225806,0.06451612903225806,0.06451612903225806,0.0,0.0,0.0,0.0,0.0,0.0,0.0,0.0,0.0,0.0,0.01694915254237288,0.0
46,8,8,0.35,0.108695652173913,0.02173913043478261,0.06521739130434782,0.06521739130434782,0.0,0.02222222222222222,0.0,0.0,0.0,0.0,0.06460145114772353,0.0,0.0,0.01123595505617977,0.0,0.0
25,5,9,0.76,0.12,0.2,0.08,0.04,0.0,0.0,0.0,0.0,0.1741515433929318,0.0,0.0,0.0,0.0,0.0,0.0,0.0
30,15,8,0.43,0.1333333333333333,0.0,0.1,0.03333333333333333,0.0,0.0,0.0,0.0,0.0,0.0,0.0,0.0,0.0,0.0,0.0,0.0
9,9,8,0.56,0.0,0.3333333333333333,0.0,0.2222222222222222,0.0,0.0,0.125,0.0,0.0,0.0,0.0,0.0,0.0,0.0,0.06666666666666667,0.0
24,4,1,0.58,0.04166666666666666,0.125,0.04166666666666666,0.2083333333333333,0.0,0.0,0.04347826086956522,0.0,0.0,0.0,0.0,0.0,0.0,0.0,0.02222222222222222,0.0
11,4,8,0.73,0.09090909090909091,0.1818181818181818,0.0,0.1818181818181818,0.0,0.0,0.0,0.0,0.0,0.0,0.0,0.0,0.0,0.0,0.0,0.0
11,4,8,0.73,0.09090909090909091,0.1818181818181818,0.0,0.1818181818181818,0.0,0.0,0.0,0.0,0.0,0.0,0.0,0.0,0.0,0.0,0.0,0.0
14,7,9,0.57,0.0,0.2142857142857143,0.0,0.2142857142857143,0.0,0.0,0.07692307692307693,0.0,0.0,0.0,0.0,0.0,0.0,0.0,0.04,0.0
14,7,9,0.64,0.0,0.2142857142857143,0.07142857142857142,0.2142857142857143,0.0,0.0,0.07692307692307693,0.0,0.0,0.0,0.0,0.0,0.0,0.0,0.04,0.0
14,7,9,0.57,0.0,0.1428571428571428,0.07142857142857142,0.2142857142857143,0.0,0.0,0.07692307692307693,0.0,0.0,0.0,0.0,0.0,0.0,0.0,0.04,0.0
14,7,9,0.57,0.0,0.2142857142857143,0.07142857142857142,0.2142857142857143,0.0,0.0,0.07692307692307693,0.0,0.0,0.0,0.0,0.0,0.0,0.0,0.04,0.0
13,6,5,0.54,0.3846153846153846,0.0,0.0,0.0,0.0,0.0,0.0,0.0,0.0,0.0,0.0,0.0,0.0,0.0,0.0,0.0
32,5,2,0.41,0.09375,0.09375,0.03125,0.03125,0.0,0.0,0.0,0.0,0.0,0.0,0.0,0.0,0.0,0.01639344262295082,0.0,0.0
31,5,2,0.42,0.0967741935483871,0.03225806451612903,0.0967741935483871,0.03225806451612903,0.0,0.0,0.0,0.0,0.0,0.0,0.0,0.0,0.01694915254237288,0.01694915254237288,0.0,0.0
30,5,2,0.33,0.1,0.1333333333333333,0.03333333333333333,0.06666666666666667,0.0,0.0,0.0,0.0,0.0,0.0,0.0,0.0,0.0,0.0,0.0,0.0
13,4,9,0.77,0.07692307692307693,0.3846153846153846,0.0,0.07692307692307693,0.0,0.0,0.0,0.0,0.0,0.0,0.0,0.0,0.0,0.0,0.0,0.0
28,1,9,0.57,0.1428571428571428,0.1785714285714286,0.03571428571428571,0.1071428571428571,0.0,0.0,0.0,0.03703703703703703,0.0,0.0,0.0,0.09628621827753543,0.0,0.0,0.0,0.01886792452830189
14,9,9,0.57,0.0,0.5714285714285714,0.0,0.4285714285714285,0.0,0.0,0.1538461538461539,0.0,0.0,0.0,0.0,0.0,0.0,0.0,0.08,0.0
14,9,9,0.57,0.0,0.5714285714285714,0.0,0.0,0.0,0.0,0.0,0.0,0.0,0.0,0.0,0.0,0.0,0.0,0.0,0.0
14,9,9,0.57,0.0,0.5714285714285714,0.0,0.0,0.0,0.0,0.0,0.0,0.0,0.0,0.0,0.0,0.0,0.0,0.0,0.0
14,9,9,0.57,0.0,0.5714285714285714,0.0,0.0,0.0,0.0,0.0,0.0,0.0,0.0,0.0,0.0,0.0,0.0,0.0,0.0
19,4,9,0.63,0.0,0.3157894736842105,0.0,0.3684210526315789,0.0,0.0,0.1666666666666667,0.0,0.0,0.0,0.0,0.0,0.0,0.0,0.1428571428571428,0.0
19,4,14,0.53,0.0,0.2105263157894737,0.0,0.4210526315789473,0.0,0.0,0.1666666666666667,0.0,0.0,0.0,0.0,0.0,0.0,0.0,0.08571428571428572,0.0
12,16,12,0.5,0.0,0.1666666666666667,0.08333333333333333,0.0,0.0,0.0,0.0,0.0,0.0,0.0,0.0,0.0,0.0,0.0,0.0,0.0
12,16,12,0.58,0.0,0.1666666666666667,0.08333333333333333,0.0,0.0,0.0,0.0,0.0,0.0,0.0,0.0,0.0,0.0,0.0,0.0,0.0
12,16,12,0.5,0.0,0.1666666666666667,0.08333333333333333,0.0,0.0,0.0,0.0,0.0,0.0,0.0,0.0,0.0,0.0,0.0,0.0,0.0
12,16,12,0.5,0.0,0.1666666666666667,0.08333333333333333,0.0,0.0,0.0,0.0,0.0,0.0,0.0,0.0,0.0,0.0,0.0,0.0,0.0
12,16,12,0.5,0.0,0.1666666666666667,0.08333333333333333,0.0,0.0,0.09090909090909091,0.0,0.0,0.0,0.0,0.577788511165133,0.0,0.0,0.04761904761904762,0.0,0.0
10,14,9,0.4,0.0,0.4,0.0,0.0,0.0,0.0,0.0,0.0,0.0,0.0,0.0,0.0,0.0,0.0,0.0,0.0
18,2,9,0.5,0.1111111111111111,0.2222222222222222,0.0,0.0,0.0,0.0,0.0,0.0,0.0,0.0,0.0,0.0,0.0,0.0,0.0,0.0
18,15,9,0.39,0.0,0.05555555555555555,0.0,0.1111111111111111,0.0,0.0,0.0,0.0,0.0,0.0,0.0,0.0,0.0,0.0,0.0,0.0
6,3,2,0.17,0.0,0.1666666666666667,0.0,0.0,0.0,0.0,0.0,0.0,0.0,0.0,0.0,0.0,0.0,0.0,0.0,0.0
15,8,9,0.67,0.06666666666666667,0.2,0.0,0.3333333333333333,0.0,0.0,0.07142857142857142,0.0,0.0,0.0,0.0,0.0,0.0,0.0,0.07407407407407407,0.0
13,8,8,0.23,0.0,0.07692307692307693,0.0,0.5384615384615384,0.0,0.0,0.1666666666666667,0.0,0.0,0.0,0.0,0.0,0.0,0.0,0.2173913043478261,0.0
13,8,8,0.23,0.0,0.0,0.0,0.5384615384615384,0.0,0.0,0.1666666666666667,0.0,0.0,0.0,0.0,0.0,0.0,0.0,0.2173913043478261,0.0
15,4,8,0.6,0.0,0.0,0.0,0.4,0.0,0.0,0.1428571428571428,0.0,0.0,0.0,0.0,0.0,0.0,0.0,0.07407407407407407,0.0
13,18,17,0.54,0.0,0.2307692307692308,0.0,0.3076923076923077,0.0,0.0,0.08333333333333333,0.0,0.0,0.0,0.0,0.0,0.0,0.0,0.04347826086956522,0.0
15,18,6,0.6,0.06666666666666667,0.2666666666666667,0.0,0.1333333333333333,0.0,0.0,0.07142857142857142,0.0,0.0,0.0,0.0,0.0,0.0,0.0,0.03703703703703703,0.0
15,8,14,0.47,0.06666666666666667,0.2666666666666667,0.0,0.1333333333333333,0.0,0.0,0.0,0.0,0.0,0.0,0.0,0.0,0.0,0.0,0.0,0.0
15,18,19,0.47,0.0,0.0,0.0,0.1333333333333333,0.0,0.0,0.0,0.0,0.0,0.0,0.0,0.0,0.0,0.0,0.0,0.0
15,4,14,0.67,0.0,0.1333333333333333,0.0,0.0,0.0,0.0,0.0,0.0,0.0,0.0,0.0,0.0,0.0,0.0,0.0,0.0
15,15,6,0.47,0.0,0.3333333333333333,0.0,0.0,0.0,0.0,0.0,0.0,0.0,0.0,0.0,0.0,0.0,0.0,0.0,0.0
14,8,9,0.5,0.0,0.1428571428571428,0.0,0.3571428571428572,0.0,0.0,0.1538461538461539,0.0,0.0,0.0,0.0,0.0,0.0,0.0,0.08,0.0
15,15,8,0.47,0.06666666666666667,0.06666666666666667,0.0,0.3333333333333333,0.0,0.0,0.07142857142857142,0.0,0.0,0.0,0.0,0.0,0.0,0.0,0.07407407407407407,0.0
14,9,17,0.43,0.0,0.2857142857142857,0.0,0.0,0.0,0.0,0.0,0.0,0.0,0.0,0.0,0.0,0.0,0.0,0.0,0.0
14,8,8,0.36,0.0,0.0,0.0,0.3571428571428572,0.0,0.0,0.07692307692307693,0.0,0.0,0.0,0.0,0.0,0.0,0.0,0.08,0.0
13,5,15,0.69,0.1538461538461539,0.3846153846153846,0.0,0.07692307692307693,0.0,0.0,0.0,0.0,0.0,0.0,0.0,0.0,0.0,0.0,0.0,0.0
15,17,14,0.47,0.0,0.06666666666666667,0.0,0.06666666666666667,0.0,0.0,0.0,0.0,0.0,0.0,0.0,0.0,0.0,0.0,0.0,0.0
15,0,8,0.6,0.06666666666666667,0.06666666666666667,0.0,0.3333333333333333,0.0,0.0,0.07142857142857142,0.0,0.0,0.0,0.0,0.0,0.0,0.0,0.03703703703703703,0.0
15,11,1,0.53,0.06666666666666667,0.2,0.0,0.2,0.0,0.0,0.07142857142857142,0.0,0.0,0.0,0.0,0.0,0.0,0.0,0.03703703703703703,0.0
13,0,7,0.46,0.0,0.1538461538461539,0.0,0.2307692307692308,0.0,0.0,0.08333333333333333,0.0,0.0,0.0,0.0,0.0,0.0,0.0,0.04347826086956522,0.0
11,11,14,0.45,0.09090909090909091,0.09090909090909091,0.0,0.2727272727272727,0.0,0.0,0.1,0.0,0.0,0.0,0.0,0.0,0.0,0.0,0.05263157894736842,0.0
12,8,8,0.42,0.0,0.0,0.0,0.5,0.0,0.0,0.1818181818181818,0.0,0.0,0.0,0.0,0.0,0.0,0.0,0.09523809523809523,0.0
15,17,8,0.6,0.06666666666666667,0.06666666666666667,0.0,0.2666666666666667,0.0,0.0,0.07142857142857142,0.0,0.0,0.0,0.0,0.0,0.0,0.0,0.03703703703703703,0.0
14,11,8,0.43,0.0,0.0,0.0,0.4285714285714285,0.0,0.0,0.1538461538461539,0.0,0.0,0.0,0.0,0.0,0.0,0.0,0.12,0.0
14,8,8,0.5,0.07142857142857142,0.07142857142857142,0.0,0.3571428571428572,0.0,0.0,0.07692307692307693,0.0,0.0,0.0,0.0,0.0,0.0,0.0,0.04,0.0
15,11,7,0.47,0.06666666666666667,0.06666666666666667,0.0,0.4,0.0,0.0,0.1428571428571428,0.0,0.0,0.0,0.0,0.0,0.0,0.0,0.07407407407407407,0.0
14,17,8,0.5,0.0,0.0,0.0,0.3571428571428572,0.0,0.0,0.1538461538461539,0.0,0.0,0.0,0.0,0.0,0.0,0.0,0.12,0.0
14,2,8,0.5,0.07142857142857142,0.0,0.0,0.3571428571428572,0.0,0.0,0.07692307692307693,0.0,0.0,0.0,0.0,0.0,0.0,0.0,0.04,0.0
14,8,14,0.57,0.1428571428571428,0.2142857142857143,0.0,0.2142857142857143,0.0,0.0,0.0,0.0,0.0,0.0,0.0,0.0,0.0,0.0,0.0,0.0
14,11,8,0.64,0.1428571428571428,0.07142857142857142,0.0,0.2142857142857143,0.0,0.0,0.0,0.0,0.0,0.0,0.0,0.0,0.0,0.0,0.0,0.0
14,11,8,0.57,0.0,0.07142857142857142,0.07142857142857142,0.3571428571428572,0.0,0.0,0.07692307692307693,0.0,0.0,0.0,0.0,0.0,0.0,0.0,0.04,0.0
12,0,8,0.58,0.0,0.0,0.0,0.3333333333333333,0.0,0.0,0.09090909090909091,0.0,0.0,0.0,0.0,0.0,0.0,0.0,0.04761904761904762,0.0
13,18,8,0.62,0.1538461538461539,0.0,0.0,0.3076923076923077,0.0,0.0,0.0,0.0,0.0,0.0,0.0,0.0,0.0,0.0,0.0,0.0
13,11,5,0.54,0.2307692307692308,0.1538461538461539,0.0,0.2307692307692308,0.0,0.0,0.08333333333333333,0.0,0.0,0.0,0.0,0.0,0.0,0.0,0.04347826086956522,0.0
13,8,15,0.31,0.0,0.0,0.0,0.3076923076923077,0.0,0.0,0.08333333333333333,0.0,0.0,0.0,0.0,0.0,0.0,0.0,0.04347826086956522,0.0
15,11,10,0.53,0.06666666666666667,0.06666666666666667,0.0,0.2666666666666667,0.0,0.0,0.07142857142857142,0.0,0.0,0.0,0.0,0.0,0.0,0.0,0.03703703703703703,0.0
15,2,8,0.47,0.06666666666666667,0.06666666666666667,0.0,0.3333333333333333,0.0,0.0,0.0,0.0,0.0,0.0,0.0,0.0,0.0,0.0,0.0,0.0
13,14,4,0.46,0.2307692307692308,0.0,0.0,0.07692307692307693,0.0,0.0,0.0,0.0,0.0,0.0,0.0,0.0,0.0,0.0,0.0,0.0
14,5,7,0.57,0.07142857142857142,0.0,0.0,0.4285714285714285,0.0,0.0,0.2307692307692308,0.0,0.0,0.0,0.0,0.0,0.0,0.0,0.12,0.0
15,7,8,0.67,0.0,0.2666666666666667,0.0,0.2666666666666667,0.0,0.0,0.07142857142857142,0.0,0.0,0.0,0.0,0.0,0.0,0.0,0.03703703703703703,0.0
16,7,9,0.69,0.0,0.3125,0.0,0.25,0.0,0.0,0.06666666666666667,0.0,0.0,0.0,0.0,0.0,0.0,0.0,0.03448275862068965,0.0
17,7,9,0.71,0.0,0.3529411764705883,0.0,0.2352941176470588,0.0,0.0,0.0625,0.0,0.0,0.0,0.0,0.0,0.0,0.0,0.03225806451612903,0.0
18,7,8,0.67,0.0,0.3333333333333333,0.0,0.2777777777777778,0.0,0.0,0.05882352941176471,0.0,0.0,0.0,0.0,0.0,0.0,0.0,0.0303030303030303,0.0
15,8,9,0.67,0.0,0.2666666666666667,0.0,0.2666666666666667,0.0,0.0,0.07142857142857142,0.0,0.0,0.0,0.0,0.0,0.0,0.0,0.03703703703703703,0.0
16,9,9,0.69,0.0,0.3125,0.0,0.25,0.0,0.0,0.06666666666666667,0.0,0.0,0.0,0.0,0.0,0.0,0.0,0.03448275862068965,0.0
17,9,9,0.71,0.0,0.3529411764705883,0.0,0.2352941176470588,0.0,0.0,0.0625,0.0,0.0,0.0,0.0,0.0,0.0,0.0,0.03225806451612903,0.0
18,8,9,0.67,0.0,0.3333333333333333,0.0,0.2777777777777778,0.0,0.0,0.05882352941176471,0.0,0.0,0.0,0.0,0.0,0.0,0.0,0.0303030303030303,0.0
14,8,9,0.64,0.0,0.2857142857142857,0.0,0.2857142857142857,0.0,0.0,0.07692307692307693,0.0,0.0,0.0,0.0,0.0,0.0,0.0,0.04,0.0
15,8,8,0.6,0.0,0.2666666666666667,0.0,0.3333333333333333,0.0,0.0,0.07142857142857142,0.0,0.0,0.0,0.0,0.0,0.0,0.0,0.03703703703703703,0.0
16,8,9,0.62,0.0,0.3125,0.0,0.3125,0.0,0.0,0.06666666666666667,0.0,0.0,0.0,0.0,0.0,0.0,0.0,0.03448275862068965,0.0
17,8,9,0.65,0.0,0.3529411764705883,0.0,0.2941176470588235,0.0,0.0,0.0625,0.0,0.0,0.0,0.0,0.0,0.0,0.0,0.03225806451612903,0.0
18,8,8,0.61,0.0,0.3333333333333333,0.0,0.3333333333333333,0.0,0.0,0.05882352941176471,0.0,0.0,0.0,0.0,0.0,0.0,0.0,0.0303030303030303,0.0
15,8,9,0.6,0.0,0.2666666666666667,0.0,0.3333333333333333,0.0,0.0,0.1428571428571428,0.0,0.0,0.0,0.0,0.0,0.0,0.0,0.07407407407407407,0.0
16,9,9,0.62,0.0,0.3125,0.0,0.3125,0.0,0.0,0.1333333333333333,0.0,0.0,0.0,0.0,0.0,0.0,0.0,0.06896551724137931,0.0
17,9,9,0.65,0.0,0.3529411764705883,0.0,0.2941176470588235,0.0,0.0,0.125,0.0,0.0,0.0,0.0,0.0,0.0,0.0,0.06451612903225806,0.0
18,8,9,0.61,0.0,0.3333333333333333,0.0,0.3333333333333333,0.0,0.0,0.1176470588235294,0.0,0.0,0.0,0.0,0.0,0.0,0.0,0.06060606060606061,0.0
7,5,12,1.0,0.4285714285714285,0.1428571428571428,0.2857142857142857,0.0,0.0,0.0,0.0,0.3333333333333333,0.0,0.0,0.0,2.052910192485184,0.09090909090909091,0.0,0.0,0.1818181818181818
15,10,14,0.87,0.3333333333333333,0.06666666666666667,0.2,0.0,0.07142857142857142,0.0,0.0,0.07142857142857142,0.0,0.2741886550751872,0.0,0.2741886550751872,0.03703703703703703,0.0,0.0,0.1111111111111111
12,0,6,0.25,0.08333333333333333,0.0,0.0,0.25,0.0,0.0,0.0,0.0,0.0,0.0,0.0,0.0,0.0,0.0,0.04761904761904762,0.0
12,0,4,0.5,0.08333333333333333,0.0,0.0,0.25,0.0,0.0,0.0,0.0,0.0,0.0,0.0,0.0,0.0,0.0,0.04761904761904762,0.0
24,4,8,0.67,0.08333333333333333,0.25,0.08333333333333333,0.1666666666666667,0.0,0.0,0.08695652173913043,0.0,0.0,0.0,0.0,0.0,0.0,0.0,0.06666666666666667,0.0
22,9,16,0.36,0.0,0.09090909090909091,0.0,0.2272727272727273,0.0,0.0,0.04761904761904762,0.0,0.0,0.0,0.0,0.0,0.0,0.0,0.07317073170731707,0.0
20,11,8,0.45,0.0,0.1,0.0,0.1,0.0,0.0,0.0,0.0,0.0,0.0,0.0,0.0,0.0,0.0,0.0,0.0
3,19,16,0.0,0.0,0.0,0.0,0.3333333333333333,0.0,0.0,0.0,0.0,0.0,0.0,0.0,0.0,0.0,0.0,0.0,0.0
23,14,8,0.78,0.04347826086956522,0.1739130434782609,0.08695652173913043,0.08695652173913043,0.0,0.0,0.0,0.0,0.0,0.0,0.0,0.0,0.0,0.0,0.0,0.0
13,8,14,0.31,0.0,0.07692307692307693,0.07692307692307693,0.1538461538461539,0.0,0.0,0.0,0.0,0.0,0.0,0.0,0.0,0.0,0.0,0.0,0.0
24,14,1,0.75,0.04166666666666666,0.1666666666666667,0.08333333333333333,0.08333333333333333,0.0,0.0,0.0,0.0,0.0,0.0,0.0,0.0,0.0,0.0,0.0,0.0
20,9,11,0.35,0.0,0.1,0.05,0.1,0.0,0.0,0.0,0.0,0.0,0.0,0.0,0.0,0.0,0.0,0.0,0.0
27,8,6,0.44,0.03703703703703703,0.1851851851851852,0.0,0.2592592592592592,0.0,0.0,0.0,0.0,0.0,0.0,0.0,0.0,0.0,0.0,0.0392156862745098,0.0
27,8,6,0.52,0.03703703703703703,0.1851851851851852,0.0,0.2592592592592592,0.0,0.0,0.0,0.0,0.0,0.0,0.0,0.0,0.0,0.0,0.0392156862745098,0.0
16,15,8,0.69,0.0,0.0,0.25,0.0625,0.2666666666666667,0.0,0.0,0.0,0.0,1.035306007668588,0.0,0.0,0.2068965517241379,0.0,0.0,0.0
15,0,8,0.47,0.0,0.06666666666666667,0.1333333333333333,0.06666666666666667,0.07142857142857142,0.0,0.0,0.0,0.0,0.2741886550751872,0.0,0.0,0.03703703703703703,0.0,0.0,0.0
13,6,8,0.46,0.1538461538461539,0.07692307692307693,0.0,0.07692307692307693,0.0,0.0,0.0,0.0,0.0,0.0,0.0,0.0,0.0,0.0,0.0,0.0
20,7,14,0.6,0.05,0.1,0.05,0.0,0.0,0.0,0.0,0.0,0.0,0.0,0.0,0.0,0.0,0.0,0.0,0.0
12,0,8,0.58,0.08333333333333333,0.0,0.1666666666666667,0.08333333333333333,0.0,0.0,0.0,0.0,0.0,0.0,0.0,0.0,0.0,0.0,0.0,0.04761904761904762
18,5,8,0.72,0.3333333333333333,0.1111111111111111,0.05555555555555555,0.05555555555555555,0.0,0.0,0.0,0.05882352941176471,0.0,0.0,0.0,0.2020997213932351,0.0,0.0,0.0,0.0303030303030303
13,17,14,0.62,0.1538461538461539,0.07692307692307693,0.07692307692307693,0.0,0.0,0.0,0.0,0.0,0.0,0.0,0.0,0.0,0.0,0.0,0.0,0.0
16,11,14,0.38,0.0625,0.125,0.0,0.0,0.0,0.0,0.0,0.0,0.0,0.0,0.0,0.0,0.0,0.0,0.0,0.0
13,0,14,0.46,0.07692307692307693,0.07692307692307693,0.07692307692307693,0.0,0.0,0.08333333333333333,0.0,0.0,0.0,0.0,0.5059745510527226,0.0,0.0,0.04347826086956522,0.0,0.0
13,4,14,0.77,0.1538461538461539,0.0,0.07692307692307693,0.0,0.0,0.0,0.0,0.0,0.0,0.0,0.0,0.0,0.04347826086956522,0.0,0.0,0.0
16,5,9,0.75,0.125,0.125,0.0,0.1875,0.0,0.0,0.06666666666666667,0.0,0.0,0.0,0.0,0.0,0.0,0.0,0.03448275862068965,0.0
8,8,3,0.38,0.0,0.0,0.375,0.125,0.0,0.0,0.0,0.0,0.0,0.0,0.0,0.0,0.0,0.0,0.0,0.0
37,16,1,0.35,0.02702702702702703,0.05405405405405406,0.0,0.1351351351351351,0.0,0.0,0.0,0.0,0.0,0.0,0.0,0.0,0.0,0.0,0.0,0.0
21,13,12,0.43,0.0,0.1904761904761905,0.04761904761904762,0.1428571428571428,0.0,0.0,0.0,0.0,0.0,0.0,0.0,0.0,0.0,0.0,0.0,0.0
11,13,9,0.45,0.0,0.2727272727272727,0.0,0.09090909090909091,0.0,0.0,0.0,0.0,0.0,0.0,0.0,0.0,0.0,0.0,0.0,0.0
13,5,4,0.62,0.07692307692307693,0.07692307692307693,0.0,0.2307692307692308,0.0,0.0,0.08333333333333333,0.0,0.0,0.0,0.0,0.0,0.0,0.0,0.04347826086956522,0.0
18,14,4,0.44,0.05555555555555555,0.05555555555555555,0.0,0.1111111111111111,0.0,0.0,0.05882352941176471,0.0,0.0,0.0,0.0,0.0,0.0,0.0,0.0303030303030303,0.0
18,14,4,0.44,0.05555555555555555,0.05555555555555555,0.0,0.1666666666666667,0.0,0.0,0.05882352941176471,0.0,0.0,0.0,0.0,0.0,0.0,0.0,0.0303030303030303,0.0
20,13,13,0.45,0.2,0.1,0.0,0.1,0.0,0.0,0.05263157894736842,0.0,0.0,0.0,0.0,0.0,0.0,0.0,0.02702702702702703,0.0
23,11,15,0.61,0.1304347826086956,0.08695652173913043,0.0,0.0,0.0,0.0,0.0,0.0,0.0,0.0,0.0,0.0,0.0,0.0,0.0,0.0
29,19,14,0.45,0.1379310344827586,0.06896551724137931,0.0,0.1724137931034483,0.0,0.0,0.0,0.0,0.0,0.0,0.0,0.0,0.0,0.0,0.0,0.0
29,9,3,0.34,0.0,0.06896551724137931,0.0,0.103448275862069,0.0,0.0,0.0,0.0,0.0,0.0,0.0,0.0,0.0,0.0,0.01818181818181818,0.0
30,12,0,0.37,0.06666666666666667,0.0,0.03333333333333333,0.1666666666666667,0.0,0.0,0.03448275862068965,0.0,0.0,0.0,0.0,0.0,0.0,0.0,0.03508771929824561,0.0
31,3,8,0.39,0.0967741935483871,0.0967741935483871,0.03225806451612903,0.1612903225806452,0.0,0.03333333333333333,0.06666666666666667,0.0,0.0,0.0,0.122917770141978,0.0,0.0,0.01694915254237288,0.03389830508474576,0.0
32,8,18,0.56,0.03125,0.125,0.0,0.25,0.0,0.0,0.1612903225806452,0.0,0.0,0.0,0.0,0.0,0.0,0.0,0.1311475409836066,0.0
34,12,14,0.56,0.08823529411764706,0.0,0.1176470588235294,0.08823529411764706,0.0,0.0303030303030303,0.0303030303030303,0.0,0.0,0.0,0.1058086081695492,0.0,0.01538461538461539,0.01538461538461539,0.01538461538461539,0.0
34,11,15,0.5,0.1470588235294118,0.08823529411764706,0.1176470588235294,0.05882352941176471,0.0303030303030303,0.0,0.0,0.0,0.0,0.06917894127760217,0.0,0.0,0.01538461538461539,0.0,0.0,0.01538461538461539
35,5,8,0.31,0.05714285714285714,0.05714285714285714,0.02857142857142857,0.2857142857142857,0.0,0.0,0.1176470588235294,0.0,0.0,0.0,0.0,0.0,0.0,0.0,0.07462686567164178,0.01492537313432836
35,14,1,0.43,0.08571428571428572,0.1142857142857143,0.02857142857142857,0.08571428571428572,0.0,0.0,0.0,0.0,0.0,0.0,0.0,0.0,0.0,0.0,0.0,0.0
37,19,13,0.46,0.2162162162162162,0.02702702702702703,0.0,0.08108108108108109,0.0,0.0,0.02777777777777778,0.0,0.0,0.0,0.0,0.0,0.0,0.0,0.01408450704225352,0.0
37,15,5,0.46,0.1891891891891892,0.05405405405405406,0.05405405405405406,0.1351351351351351,0.0,0.0,0.0,0.0,0.0,0.0,0.0,0.0,0.0,0.0,0.0,0.01408450704225352
37,5,3,0.32,0.1081081081081081,0.0,0.02702702702702703,0.08108108108108109,0.0,0.0,0.02777777777777778,0.0,0.0,0.0,0.0,0.0,0.0,0.0,0.01408450704225352,0.0
38,7,7,0.5,0.07894736842105263,0.131578947368421,0.05263157894736842,0.1578947368421053,0.0,0.0,0.05405405405405406,0.0,0.0,0.0,0.0,0.0,0.0,0.0,0.0273972602739726,0.0
38,11,3,0.37,0.02631578947368421,0.05263157894736842,0.0,0.07894736842105263,0.0,0.0,0.0,0.0,0.0,0.0,0.0,0.0,0.0,0.0,0.0136986301369863,0.0
39,9,0,0.46,0.0,0.07692307692307693,0.1282051282051282,0.07692307692307693,0.02631578947368421,0.0,0.02631578947368421,0.0,0.0,0.05458202302166645,0.0,0.0,0.04,0.0,0.01333333333333333,0.0
40,8,8,0.53,0.05,0.1,0.05,0.225,0.0,0.0,0.02564102564102564,0.0,0.0,0.0,0.0,0.0,0.0,0.0,0.02597402597402598,0.0
40,19,19,0.57,0.075,0.175,0.025,0.125,0.0,0.0,0.0,0.0,0.0,0.0,0.0,0.0,0.0,0.0,0.01298701298701299,0.01298701298701299
40,2,18,0.28,0.1,0.0,0.025,0.125,0.0,0.02564102564102564,0.02564102564102564,0.0,0.0,0.0,0.08121245190519721,0.0,0.0,0.01298701298701299,0.01298701298701299,0.0
42,5,9,0.29,0.04761904761904762,0.119047619047619,0.0,0.09523809523809523,0.0,0.0,0.02439024390243903,0.0,0.0,0.0,0.0,0.0,0.0,0.0,0.01234567901234568,0.0
42,8,5,0.21,0.119047619047619,0.0,0.0,0.2142857142857143,0.0,0.0,0.0,0.0,0.0,0.0,0.0,0.0,0.0,0.0,0.02469135802469136,0.0
42,14,3,0.36,0.02380952380952381,0.02380952380952381,0.0,0.119047619047619,0.0,0.0,0.0,0.0,0.0,0.0,0.0,0.0,0.0,0.0,0.01234567901234568,0.0
43,18,5,0.53,0.09302325581395349,0.0,0.06976744186046512,0.1162790697674419,0.0,0.0,0.04761904761904762,0.02380952380952381,0.0,0.0,0.0,0.04600758013975847,0.0,0.0,0.03614457831325301,0.02409638554216868
43,14,8,0.33,0.0,0.04651162790697674,0.0,0.2093023255813954,0.0,0.0,0.02380952380952381,0.0,0.0,0.0,0.0,0.0,0.0,0.0,0.03614457831325301,0.0
44,7,8,0.43,0.1590909090909091,0.04545454545454546,0.0,0.1363636363636364,0.0,0.0,0.02325581395348837,0.0,0.0,0.0,0.0,0.0,0.0,0.0,0.01176470588235294,0.0
45,15,17,0.4,0.1555555555555556,0.02222222222222222,0.02222222222222222,0.1333333333333333,0.0,0.0,0.0,0.0,0.0,0.0,0.0,0.0,0.0,0.0,0.02298850574712644,0.0
45,17,6,0.53,0.1111111111111111,0.1111111111111111,0.04444444444444445,0.06666666666666667,0.0,0.0,0.0,0.0,0.0,0.0,0.0,0.0,0.0,0.0,0.0,0.0
46,14,18,0.39,0.108695652173913,0.06521739130434782,0.04347826086956522,0.2608695652173913,0.0,0.0,0.1333333333333333,0.0,0.0,0.0,0.0,0.0,0.0,0.0,0.101123595505618,0.0
47,14,9,0.57,0.148936170212766,0.1276595744680851,0.0425531914893617,0.0851063829787234,0.0,0.0,0.0,0.0,0.0,0.0,0.0,0.0,0.0,0.0,0.01098901098901099,0.0
47,5,3,0.62,0.2127659574468085,0.06382978723404255,0.1063829787234043,0.06382978723404255,0.0,0.0,0.0,0.04347826086956522,0.0,0.0,0.0,0.08828210990848659,0.0,0.0,0.0,0.03296703296703297
47,11,5,0.53,0.148936170212766,0.02127659574468085,0.1276595744680851,0.0425531914893617,0.0,0.0,0.0,0.0,0.0,0.0,0.0,0.0,0.0,0.0,0.0,0.0
48,6,17,0.65,0.1875,0.08333333333333333,0.1041666666666667,0.04166666666666666,0.02127659574468085,0.0,0.0,0.0,0.0,0.03784507002976577,0.0,0.0,0.02150537634408602,0.0,0.0,0.0
49,15,8,0.65,0.1428571428571428,0.1224489795918367,0.1428571428571428,0.1224489795918367,0.0,0.0,0.02083333333333333,0.0,0.0,0.0,0.0,0.0,0.0,0.0,0.02105263157894737,0.01052631578947368
50,14,12,0.42,0.16,0.04,0.02,0.04,0.0,0.02040816326530612,0.0,0.0,0.0,0.0,0.05631345935322684,0.0,0.0,0.01030927835051546,0.0,0.0
50,11,5,0.38,0.1,0.08,0.0,0.12,0.0,0.0,0.02040816326530612,0.0,0.0,0.0,0.0,0.0,0.0,0.0,0.01030927835051546,0.0
50,0,6,0.5,0.06,0.08,0.0,0.04,0.0,0.0,0.0,0.0,0.0,0.0,0.0,0.0,0.0,0.0,0.0,0.0
50,2,6,0.5,0.12,0.1,0.04,0.06,0.0,0.0,0.0,0.0,0.0,0.0,0.0,0.0,0.0,0.0,0.0,0.0
47,1,15,0.38,0.0425531914893617,0.0851063829787234,0.06382978723404255,0.02127659574468085,0.0,0.0,0.0,0.0,0.0,0.0,0.0,0.0,0.0,0.0,0.0,0.0
9,14,14,0.44,0.0,0.0,0.0,0.0,0.0,0.0,0.0,0.0,0.0,0.0,0.0,0.0,0.0,0.0,0.0,0.0
9,0,14,0.56,0.0,0.0,0.0,0.0,0.0,0.0,0.0,0.0,0.0,0.0,0.0,0.0,0.0,0.0,0.0,0.0
9,14,14,0.44,0.0,0.0,0.0,0.0,0.0,0.0,0.0,0.0,0.0,0.0,0.0,0.0,0.0,0.0,0.0,0.0
9,14,14,0.56,0.0,0.0,0.0,0.0,0.0,0.0,0.0,0.0,0.0,0.0,0.0,0.0,0.0,0.0,0.0,0.0
9,14,14,0.44,0.0,0.0,0.0,0.0,0.0,0.0,0.0,0.0,0.0,0.0,0.0,0.0,0.0,0.0,0.0,0.0
9,14,14,0.56,0.0,0.0,0.0,0.0,0.0,0.0,0.0,0.0,0.0,0.0,0.0,0.0,0.0,0.0,0.0,0.0
9,14,14,0.44,0.0,0.0,0.0,0.0,0.0,0.0,0.0,0.0,0.0,0.0,0.0,0.0,0.0,0.0,0.0,0.0
9,14,14,0.56,0.0,0.0,0.0,0.0,0.0,0.0,0.0,0.0,0.0,0.0,0.0,0.0,0.0,0.0,0.0,0.0
9,14,14,0.44,0.0,0.0,0.0,0.0,0.0,0.0,0.0,0.0,0.0,0.0,0.0,0.0,0.0,0.0,0.0,0.0
9,14,0,0.56,0.0,0.0,0.0,0.0,0.0,0.0,0.0,0.0,0.0,0.0,0.0,0.0,0.0,0.0,0.0,0.0
18,4,8,0.78,0.1111111111111111,0.2777777777777778,0.05555555555555555,0.1111111111111111,0.0,0.0,0.0,0.0,0.0,0.0,0.0,0.0,0.0,0.0,0.0,0.0
17,4,4,0.53,0.0,0.0,0.05882352941176471,0.0,0.0,0.0,0.0,0.0,0.0,0.0,0.0,0.0,0.0,0.0,0.0,0.0
23,4,4,0.39,0.0,0.0,0.04347826086956522,0.08695652173913043,0.0,0.0,0.0,0.0,0.0,0.0,0.0,0.0,0.0,0.0,0.0,0.0
19,12,12,0.58,0.0,0.0,0.1578947368421053,0.0,0.0,0.0,0.0,0.0,0.0,0.0,0.0,0.0,0.0,0.0,0.0,0.0
18,12,14,0.56,0.0,0.0,0.1111111111111111,0.0,0.0,0.0,0.0,0.0,0.0,0.0,0.0,0.0,0.0,0.0,0.0,0.0
16,12,12,0.56,0.0,0.0,0.1875,0.0,0.0,0.0,0.0,0.0,0.0,0.0,0.0,0.0,0.0,0.0,0.0,0.0
24,12,14,0.5,0.0,0.0,0.125,0.0,0.0,0.0,0.0,0.0,0.0,0.0,0.0,0.0,0.0,0.0,0.0,0.0
14,14,14,0.43,0.0,0.0,0.0,0.0,0.0,0.0,0.0,0.0,0.0,0.0,0.0,0.0,0.0,0.0,0.0,0.0
24,0,13,0.5,0.0,0.04166666666666666,0.04166666666666666,0.0,0.0,0.0,0.0,0.0,0.0,0.0,0.0,0.0,0.0,0.0,0.0,0.0
5,16,14,0.0,0.0,0.0,0.0,0.2,0.0,0.0,0.0,0.0,0.0,0.0,0.0,0.0,0.0,0.0,0.0,0.0
14,9,6,0.43,0.0,0.4285714285714285,0.0,0.0,0.0,0.0,0.0,0.0,0.0,0.0,0.0,0.0,0.0,0.0,0.0,0.0
14,9,6,0.43,0.0,0.4285714285714285,0.0,0.0,0.0,0.0,0.0,0.0,0.0,0.0,0.0,0.0,0.0,0.0,0.0,0.0
14,9,6,0.43,0.0,0.4285714285714285,0.0,0.0,0.0,0.0,0.0,0.0,0.0,0.0,0.0,0.0,0.0,0.0,0.0,0.0
23,14,14,0.57,0.0,0.08695652173913043,0.08695652173913043,0.08695652173913043,0.0,0.0,0.0,0.0,0.0,0.0,0.0,0.0,0.0,0.0,0.02325581395348837,0.0
23,14,9,0.65,0.0,0.1739130434782609,0.08695652173913043,0.08695652173913043,0.0,0.0,0.0,0.0,0.0,0.0,0.0,0.0,0.0,0.0,0.02325581395348837,0.0
5,19,9,0.6,0.2,0.2,0.0,0.0,0.0,0.0,0.0,0.0,0.0,0.0,0.0,0.0,0.0,0.0,0.0,0.0
14,8,19,0.43,0.0,0.2857142857142857,0.0,0.2857142857142857,0.0,0.0,0.07692307692307693,0.0,0.0,0.0,0.0,0.0,0.0,0.0,0.04,0.0
49,11,1,0.31,0.1020408163265306,0.04081632653061224,0.0,0.06122448979591837,0.0,0.0,0.0,0.0,0.0,0.0,0.0,0.0,0.0,0.0,0.0,0.0
12,14,14,0.5,0.0,0.08333333333333333,0.0,0.0,0.0,0.0,0.0,0.0,0.0,0.0,0.0,0.0,0.0,0.0,0.0,0.0
43,14,12,0.77,0.02325581395348837,0.02325581395348837,0.4651162790697674,0.0,0.0,0.02380952380952381,0.0,0.02380952380952381,0.0,0.0,0.07215680072892414,0.04600758013975847,0.0,0.02409638554216868,0.0,0.01204819277108434
60,14,9,0.72,0.05,0.08333333333333333,0.4666666666666667,0.0,0.0,0.0,0.0,0.05084745762711865,0.0,0.0,0.0,0.09261392374364767,0.0,0.0,0.0,0.02564102564102564
40,17,18,0.42,0.1,0.0,0.075,0.025,0.0,0.0,0.0,0.02564102564102564,0.0,0.0,0.0,0.05222641282721437,0.0,0.0,0.0,0.01298701298701299
42,13,18,0.43,0.119047619047619,0.0,0.07142857142857142,0.02380952380952381,0.0,0.0,0.0,0.02439024390243903,0.0,0.0,0.0,0.04795132324557364,0.0,0.0,0.0,0.01234567901234568
41,13,14,0.49,0.0975609756097561,0.02439024390243903,0.0975609756097561,0.0,0.0,0.0,0.0,0.025,0.0,0.0,0.0,0.05002045223153594,0.0,0.0,0.0,0.01265822784810127
42,13,18,0.5,0.09523809523809523,0.0,0.119047619047619,0.0,0.0,0.0,0.0,0.02439024390243903,0.0,0.0,0.0,0.04795132324557364,0.0,0.0,0.0,0.01234567901234568
42,13,18,0.45,0.1428571428571428,0.0,0.07142857142857142,0.02380952380952381,0.0,0.0,0.0,0.0,0.0,0.0,0.0,0.0,0.0,0.0,0.0,0.01234567901234568
40,13,14,0.45,0.125,0.025,0.075,0.025,0.0,0.0,0.0,0.02564102564102564,0.0,0.0,0.0,0.05222641282721437,0.0,0.0,0.0,0.01298701298701299
38,17,14,0.45,0.1052631578947368,0.02631578947368421,0.07894736842105263,0.02631578947368421,0.0,0.0,0.0,0.02702702702702703,0.0,0.0,0.0,0.05710167916654414,0.0,0.0,0.0,0.0136986301369863
40,13,14,0.45,0.1,0.025,0.075,0.025,0.02564102564102564,0.0,0.0,0.0,0.0,0.05222641282721437,0.0,0.0,0.01298701298701299,0.0,0.0,0.0
40,13,14,0.45,0.125,0.1,0.05,0.025,0.02564102564102564,0.0,0.0,0.0,0.0,0.05222641282721437,0.0,0.0,0.01298701298701299,0.0,0.0,0.0
38,5,18,0.53,0.1578947368421053,0.02631578947368421,0.131578947368421,0.02631578947368421,0.0,0.0,0.0,0.05405405405405406,0.0,0.0,0.0,0.1250068719369854,0.0,0.0,0.0,0.0410958904109589
38,5,18,0.55,0.1578947368421053,0.02631578947368421,0.131578947368421,0.02631578947368421,0.0,0.0,0.0,0.02702702702702703,0.0,0.0,0.0,0.05710167916654414,0.0,0.0,0.0,0.0273972602739726
42,15,18,0.55,0.1666666666666667,0.02380952380952381,0.119047619047619,0.02380952380952381,0.0,0.0,0.0,0.02439024390243903,0.0,0.0,0.0,0.04795132324557364,0.0,0.0,0.0,0.02469135802469136
25,15,1,0.56,0.12,0.16,0.0,0.16,0.0,0.0,0.0,0.0,0.0,0.0,0.0,0.0,0.0,0.0,0.0,0.0
32,5,12,0.56,0.125,0.09375,0.09375,0.125,0.0,0.0,0.0,0.0,0.0,0.0,0.0,0.0,0.0,0.0,0.01639344262295082,0.0
24,4,1,0.62,0.0,0.08333333333333333,0.08333333333333333,0.125,0.0,0.0,0.04347826086956522,0.0,0.0,0.0,0.0,0.0,0.0,0.0,0.02222222222222222,0.0
12,4,9,0.75,0.08333333333333333,0.3333333333333333,0.08333333333333333,0.08333333333333333,0.0,0.0,0.0,0.0,0.0,0.0,0.0,0.0,0.0,0.0,0.0,0.0
13,4,9,0.77,0.07692307692307693,0.1538461538461539,0.0,0.07692307692307693,0.0,0.0,0.0,0.0,0.0,0.0,0.0,0.0,0.0,0.0,0.0,0.0
13,4,9,0.77,0.07692307692307693,0.2307692307692308,0.0,0.07692307692307693,0.0,0.0,0.0,0.0,0.0,0.0,0.0,0.0,0.0,0.0,0.0,0.0
13,4,9,0.77,0.07692307692307693,0.1538461538461539,0.0,0.07692307692307693,0.0,0.0,0.0,0.0,0.0,0.0,0.0,0.0,0.0,0.0,0.0,0.0
14,4,9,0.71,0.0,0.2857142857142857,0.07142857142857142,0.07142857142857142,0.0,0.0,0.0,0.0,0.0,0.0,0.0,0.0,0.0,0.0,0.0,0.0
31,15,14,0.48,0.0967741935483871,0.06451612903225806,0.03225806451612903,0.1612903225806452,0.0,0.0,0.06666666666666667,0.03333333333333333,0.0,0.0,0.0,0.08101082434600065,0.0,0.0,0.03389830508474576,0.03389830508474576
32,10,8,0.34,0.0625,0.03125,0.0625,0.125,0.0,0.0,0.03225806451612903,0.0,0.0,0.0,0.0,0.0,0.0,0.0,0.01639344262295082,0.0
13,7,14,0.77,0.0,0.07692307692307693,0.2307692307692308,0.07692307692307693,0.0,0.0,0.0,0.0,0.0,0.0,0.0,0.0,0.0,0.0,0.0,0.0
13,17,14,0.69,0.0,0.07692307692307693,0.1538461538461539,0.0,0.0,0.0,0.0,0.0,0.0,0.0,0.0,0.0,0.0,0.0,0.0,0.0
44,19,19,0.36,0.1136363636363636,0.06818181818181818,0.06818181818181818,0.0,0.0,0.0,0.0,0.0,0.0,0.0,0.0,0.0,0.0,0.01176470588235294,0.0,0.01176470588235294
29,14,5,0.59,0.1724137931034483,0.103448275862069,0.03448275862068965,0.103448275862069,0.0,0.0,0.03571428571428571,0.03571428571428571,0.0,0.0,0.0,0.0907308251980011,0.0,0.01818181818181818,0.01818181818181818,0.01818181818181818
33,14,5,0.24,0.1212121212121212,0.0303030303030303,0.0303030303030303,0.0,0.0,0.0,0.0,0.0,0.0,0.0,0.0,0.0,0.0,0.0,0.0,0.01587301587301587
33,7,14,0.3,0.06060606060606061,0.0,0.0303030303030303,0.0,0.0,0.0,0.0,0.0,0.0,0.0,0.0,0.0,0.0,0.0,0.0,0.0
34,5,14,0.38,0.08823529411764706,0.05882352941176471,0.05882352941176471,0.05882352941176471,0.0,0.0,0.0,0.0,0.0,0.0,0.0,0.0,0.0,0.0,0.0,0.0
33,17,14,0.45,0.06060606060606061,0.09090909090909091,0.06060606060606061,0.0,0.0,0.0,0.0,0.0,0.0,0.0,0.0,0.0,0.0,0.0,0.0,0.0
33,17,14,0.48,0.06060606060606061,0.1212121212121212,0.06060606060606061,0.0,0.0,0.0,0.0,0.0,0.0,0.0,0.0,0.0,0.0,0.0,0.0,0.0
33,17,14,0.33,0.1212121212121212,0.0303030303030303,0.0,0.0,0.0,0.0,0.0,0.0,0.0,0.0,0.0,0.0,0.0,0.0,0.0,0.0
30,17,14,0.43,0.2333333333333333,0.0,0.06666666666666667,0.06666666666666667,0.0,0.0,0.0,0.03448275862068965,0.0,0.0,0.0,0.08565775035007982,0.0,0.0,0.0,0.01754385964912281
29,17,5,0.45,0.2413793103448276,0.0,0.06896551724137931,0.06896551724137931,0.0,0.0,0.0,0.03571428571428571,0.0,0.0,0.0,0.0907308251980011,0.0,0.0,0.0,0.01818181818181818
18,14,14,0.39,0.1666666666666667,0.05555555555555555,0.0,0.0,0.0,0.0,0.0,0.0,0.0,0.0,0.0,0.0,0.0,0.0,0.0,0.0
64,10,17,0.58,0.078125,0.15625,0.0625,0.015625,0.0,0.0,0.0,0.0,0.0,0.0,0.0,0.0,0.0,0.0,0.0,0.0
36,1,14,0.42,0.1944444444444444,0.02777777777777778,0.08333333333333333,0.0,0.0,0.0,0.0,0.02857142857142857,0.0,0.0,0.0,0.06270011419810788,0.0,0.0,0.0,0.02898550724637681
37,13,14,0.41,0.2162162162162162,0.02702702702702703,0.08108108108108109,0.02702702702702703,0.0,0.0,0.0,0.02777777777777778,0.0,0.0,0.0,0.05980159964095306,0.0,0.0,0.0,0.02816901408450704
32,14,8,0.34,0.03125,0.0625,0.03125,0.125,0.0,0.0,0.0,0.0,0.0,0.0,0.0,0.0,0.0,0.01639344262295082,0.01639344262295082,0.0
36,7,13,0.39,0.02777777777777778,0.05555555555555555,0.0,0.1388888888888889,0.0,0.0,0.02857142857142857,0.0,0.0,0.0,0.0,0.0,0.0,0.0,0.02898550724637681,0.0
55,8,7,0.45,0.1090909090909091,0.07272727272727272,0.01818181818181818,0.2,0.0,0.0,0.03703703703703703,0.0,0.0,0.0,0.0,0.0,0.0,0.0,0.04672897196261682,0.0
18,14,14,0.28,0.05555555555555555,0.0,0.0,0.05555555555555555,0.0,0.0,0.0,0.0,0.0,0.0,0.0,0.0,0.0,0.0,0.0,0.0
18,14,14,0.28,0.05555555555555555,0.0,0.0,0.1111111111111111,0.0,0.0,0.0,0.0,0.0,0.0,0.0,0.0,0.0,0.0,0.0,0.0
17,8,14,0.29,0.05882352941176471,0.0,0.0,0.1176470588235294,0.0,0.0,0.0,0.0,0.0,0.0,0.0,0.0,0.0,0.0,0.0,0.0
17,8,14,0.29,0.05882352941176471,0.0,0.0,0.05882352941176471,0.0,0.0,0.0,0.0,0.0,0.0,0.0,0.0,0.0,0.0,0.0,0.0
17,14,14,0.29,0.05882352941176471,0.0,0.0,0.05882352941176471,0.0,0.0,0.0,0.0,0.0,0.0,0.0,0.0,0.0,0.0,0.0,0.0
34,5,14,0.32,0.08823529411764706,0.0,0.02941176470588235,0.0,0.0,0.0,0.0,0.0,0.0,0.0,0.0,0.0,0.0,0.0,0.0,0.0
16,14,17,0.38,0.125,0.0625,0.0,0.0,0.0,0.0,0.0,0.0,0.0,0.0,0.0,0.0,0.0,0.0,0.0,0.0
18,14,14,0.44,0.1666666666666667,0.05555555555555555,0.05555555555555555,0.0,0.0,0.0,0.0,0.0,0.0,0.0,0.0,0.0,0.0,0.0,0.0,0.0
51,17,4,0.43,0.09803921568627451,0.09803921568627451,0.0,0.1176470588235294,0.0,0.0,0.0,0.0,0.0,0.0,0.0,0.0,0.0,0.0,0.0,0.0
41,13,15,0.32,0.1707317073170732,0.04878048780487805,0.0,0.0,0.0,0.0,0.0,0.0,0.0,0.0,0.0,0.0,0.0,0.0,0.0,0.0
40,13,14,0.33,0.175,0.05,0.0,0.0,0.0,0.0,0.0,0.0,0.0,0.0,0.0,0.0,0.0,0.0,0.0,0.0
43,14,12,0.74,0.02325581395348837,0.0,0.4651162790697674,0.0,0.0,0.0,0.0,0.02380952380952381,0.0,0.0,0.0,0.04600758013975847,0.0,0.0,0.0,0.01204819277108434
25,14,19,0.24,0.08,0.0,0.04,0.08,0.0,0.0,0.0,0.0,0.0,0.0,0.0,0.0,0.0,0.0,0.0,0.0
34,15,19,0.35,0.1176470588235294,0.02941176470588235,0.02941176470588235,0.0,0.0,0.0,0.0,0.0,0.0,0.0,0.0,0.0,0.0,0.0,0.0,0.0
33,15,13,0.3,0.0,0.06060606060606061,0.0303030303030303,0.09090909090909091,0.0,0.0,0.0,0.0,0.0,0.0,0.0,0.0,0.0,0.0,0.0,0.0
21,16,15,0.24,0.04761904761904762,0.0,0.09523809523809523,0.09523809523809523,0.0,0.0,0.0,0.05,0.0,0.0,0.0,0.1561735710511602,0.0,0.0,0.02564102564102564,0.02564102564102564
52,5,1,0.29,0.09615384615384616,0.0,0.0576923076923077,0.1153846153846154,0.0,0.0196078431372549,0.0,0.0,0.0,0.0,0.05277870179643481,0.0,0.0,0.009900990099009901,0.009900990099009901,0.009900990099009901
38,5,2,0.26,0.1052631578947368,0.0,0.05263157894736842,0.1052631578947368,0.0,0.02702702702702703,0.0,0.0,0.0,0.0,0.08829792984610975,0.0,0.0,0.0136986301369863,0.0136986301369863,0.0136986301369863
44,2,4,0.36,0.1363636363636364,0.0,0.04545454545454546,0.0,0.0,0.0,0.0,0.0,0.0,0.0,0.0,0.0,0.0,0.0,0.0,0.0
46,3,11,0.43,0.1521739130434783,0.04347826086956522,0.1304347826086956,0.06521739130434782,0.0,0.0,0.0,0.0,0.0,0.0,0.0,0.0,0.0,0.0,0.0,0.0
47,9,1,0.36,0.148936170212766,0.1063829787234043,0.02127659574468085,0.06382978723404255,0.0,0.0,0.0,0.02173913043478261,0.0,0.0,0.0,0.03929646556469318,0.0,0.0,0.01098901098901099,0.01098901098901099
47,9,1,0.36,0.148936170212766,0.1063829787234043,0.02127659574468085,0.06382978723404255,0.0,0.0,0.0,0.02173913043478261,0.0,0.0,0.0,0.03929646556469318,0.0,0.0,0.01098901098901099,0.01098901098901099
36,9,0,0.53,0.1666666666666667,0.05555555555555555,0.05555555555555555,0.08333333333333333,0.0,0.0,0.0,0.0,0.0,0.0,0.0,0.0,0.0,0.0,0.0,0.01449275362318841
39,5,18,0.41,0.07692307692307693,0.1025641025641026,0.02564102564102564,0.1282051282051282,0.0,0.0,0.0,0.0,0.0,0.0,0.0,0.0,0.0,0.0,0.0,0.0
21,5,4,0.38,0.1428571428571428,0.0,0.04761904761904762,0.0,0.0,0.0,0.0,0.0,0.0,0.0,0.0,0.0,0.0,0.0,0.0,0.0
32,17,14,0.41,0.15625,0.0625,0.0,0.0,0.0,0.0,0.0,0.0,0.0,0.0,0.0,0.0,0.0,0.0,0.0,0.0
34,5,1,0.35,0.1176470588235294,0.0,0.0,0.1176470588235294,0.0,0.0,0.0,0.0,0.0,0.0,0.0,0.0,0.0,0.0,0.01538461538461539,0.0
13,12,0,0.38,0.07692307692307693,0.0,0.1538461538461539,0.2307692307692308,0.0,0.0,0.0,0.0,0.0,0.0,0.0,0.0,0.0,0.0,0.04347826086956522,0.0
12,0,9,0.75,0.1666666666666667,0.08333333333333333,0.08333333333333333,0.0,0.09090909090909091,0.0,0.0,0.0,0.0,0.3990920846129089,0.0,0.0,0.04761904761904762,0.0,0.0,0.04761904761904762
19,12,0,0.47,0.05263157894736842,0.0,0.1578947368421053,0.3157894736842105,0.05555555555555555,0.0,0.1111111111111111,0.0,0.0,0.1846336895356241,0.0,0.0,0.02857142857142857,0.0,0.05714285714285714,0.0
38,0,14,0.39,0.1578947368421053,0.0,0.05263157894736842,0.1052631578947368,0.0,0.0,0.0,0.02702702702702703,0.0,0.0,0.0,0.05710167916654414,0.0,0.0,0.0,0.0273972602739726
40,0,5,0.57,0.05,0.075,0.05,0.025,0.02564102564102564,0.0,0.0,0.0,0.0,0.05222641282721437,0.0,0.0,0.01298701298701299,0.0,0.0,0.01298701298701299
34,5,5,0.44,0.1176470588235294,0.08823529411764706,0.0,0.08823529411764706,0.0,0.0,0.0,0.0,0.0,0.0,0.0,0.0,0.0,0.0,0.0,0.0
37,17,5,0.57,0.1351351351351351,0.1081081081081081,0.08108108108108109,0.1891891891891892,0.0,0.0,0.05555555555555555,0.0,0.0,0.0,0.0,0.0,0.0,0.0,0.02816901408450704,0.0
37,5,15,0.43,0.1081081081081081,0.1621621621621622,0.0,0.08108108108108109,0.0,0.0,0.0,0.0,0.0,0.0,0.0,0.0,0.0,0.0,0.01408450704225352,0.0
50,19,8,0.52,0.1,0.08,0.14,0.04,0.0,0.0,0.0,0.02040816326530612,0.0,0.0,0.0,0.03516865254156348,0.0,0.0,0.0,0.02061855670103093
50,19,8,0.5,0.1,0.04,0.16,0.04,0.0,0.0,0.0,0.02040816326530612,0.0,0.0,0.0,0.03516865254156348,0.0,0.0,0.0,0.02061855670103093
62,13,15,0.52,0.1612903225806452,0.03225806451612903,0.1612903225806452,0.03225806451612903,0.0,0.0,0.0,0.03278688524590164,0.0,0.0,0.0,0.05574255233555277,0.0,0.0,0.0,0.03305785123966942
47,6,14,0.43,0.0851063829787234,0.0425531914893617,0.1276595744680851,0.02127659574468085,0.0,0.0,0.0,0.0,0.0,0.0,0.0,0.0,0.0,0.0,0.0,0.01098901098901099
13,15,13,0.38,0.1538461538461539,0.07692307692307693,0.0,0.1538461538461539,0.0,0.0,0.0,0.0,0.0,0.0,0.0,0.0,0.0,0.0,0.0,0.0
13,0,13,0.46,0.1538461538461539,0.07692307692307693,0.0,0.1538461538461539,0.0,0.0,0.0,0.0,0.0,0.0,0.0,0.0,0.0,0.0,0.0,0.0
47,8,1,0.21,0.06382978723404255,0.0425531914893617,0.02127659574468085,0.06382978723404255,0.0,0.0,0.0,0.02173913043478261,0.0,0.0,0.0,0.03929646556469318,0.0,0.0,0.01098901098901099,0.01098901098901099
55,0,7,0.35,0.1090909090909091,0.0,0.03636363636363636,0.05454545454545454,0.0,0.0,0.0,0.0,0.0,0.0,0.0,0.0,0.0,0.0,0.0,0.0
69,12,8,0.52,0.08695652173913043,0.01449275362318841,0.1014492753623188,0.2173913043478261,0.01470588235294118,0.0,0.04411764705882353,0.0,0.0,0.01928561055481255,0.0,0.0,0.02962962962962963,0.0,0.04444444444444445,0.0
69,8,8,0.49,0.0,0.0,0.1304347826086956,0.4347826086956522,0.01470588235294118,0.0,0.1617647058823529,0.0,0.0,0.01928561055481255,0.0,0.0,0.03703703703703703,0.0,0.1259259259259259,0.0
37,5,19,0.43,0.08108108108108109,0.1081081081081081,0.05405405405405406,0.2432432432432433,0.02777777777777778,0.0,0.02777777777777778,0.0,0.0,0.05980159964095306,0.0,0.0,0.01408450704225352,0.0,0.05633802816901409,0.0
47,6,9,0.43,0.0851063829787234,0.06382978723404255,0.1063829787234043,0.02127659574468085,0.0,0.0,0.0,0.0,0.0,0.0,0.0,0.0,0.0,0.0,0.0,0.01098901098901099
47,19,14,0.43,0.0851063829787234,0.0425531914893617,0.1276595744680851,0.02127659574468085,0.0,0.0,0.0,0.0,0.0,0.0,0.0,0.0,0.0,0.0,0.0,0.01098901098901099
55,13,15,0.38,0.09090909090909091,0.05454545454545454,0.07272727272727272,0.03636363636363636,0.0,0.0,0.0,0.01851851851851852,0.0,0.0,0.0,0.0295709654028404,0.0,0.0,0.0,0.009345794392523364
55,13,15,0.38,0.09090909090909091,0.05454545454545454,0.07272727272727272,0.03636363636363636,0.0,0.0,0.0,0.01851851851851852,0.0,0.0,0.0,0.0295709654028404,0.0,0.0,0.0,0.009345794392523364
76,15,1,0.45,0.131578947368421,0.0131578947368421,0.02631578947368421,0.03947368421052631,0.0,0.0,0.0,0.01333333333333333,0.0,0.0,0.0,0.01594141445909883,0.0,0.0,0.0,0.006711409395973154
78,5,3,0.44,0.05128205128205128,0.07692307692307693,0.03846153846153846,0.1282051282051282,0.0,0.0,0.02597402597402598,0.01298701298701299,0.0,0.0,0.0,0.01512985310027437,0.0,0.0,0.0196078431372549,0.006535947712418301
31,5,9,0.52,0.0967741935483871,0.0967741935483871,0.0,0.1290322580645161,0.0,0.0,0.03333333333333333,0.0,0.0,0.0,0.0,0.0,0.0,0.0,0.03389830508474576,0.0
39,5,5,0.38,0.2051282051282051,0.02564102564102564,0.07692307692307693,0.02564102564102564,0.0,0.0,0.0,0.0,0.0,0.0,0.0,0.0,0.0,0.0,0.0,0.01333333333333333
34,5,14,0.35,0.08823529411764706,0.02941176470588235,0.0,0.0,0.0,0.0,0.0,0.0,0.0,0.0,0.0,0.0,0.0,0.0,0.0,0.0
33,7,14,0.33,0.06060606060606061,0.0303030303030303,0.0,0.0,0.0,0.0,0.0,0.0,0.0,0.0,0.0,0.0,0.0,0.0,0.0,0.0
12,14,14,0.5,0.0,0.08333333333333333,0.0,0.0,0.0,0.0,0.0,0.0,0.0,0.0,0.0,0.0,0.0,0.0,0.0,0.0
31,4,0,0.52,0.1290322580645161,0.06451612903225806,0.06451612903225806,0.06451612903225806,0.0,0.0,0.0,0.0,0.0,0.0,0.0,0.0,0.0,0.0,0.0,0.0
51,15,9,0.53,0.1764705882352941,0.0784313725490196,0.0392156862745098,0.09803921568627451,0.02,0.0,0.0,0.0,0.0,0.03393301530464566,0.0,0.0,0.0101010101010101,0.0,0.0101010101010101,0.0101010101010101
21,14,8,0.33,0.04761904761904762,0.04761904761904762,0.0,0.1904761904761905,0.0,0.0,0.05,0.0,0.0,0.0,0.0,0.0,0.0,0.0,0.02564102564102564,0.0
23,4,9,0.74,0.1739130434782609,0.1304347826086956,0.0,0.0,0.0,0.0,0.0,0.0,0.0,0.0,0.0,0.0,0.0,0.0,0.0,0.0
28,5,5,0.68,0.6785714285714286,0.0,0.0,0.0,0.0,0.0,0.0,0.0,0.0,0.0,0.0,0.0,0.0,0.0,0.0,0.0
38,5,5,0.66,0.6578947368421053,0.0,0.0,0.0,0.0,0.0,0.0,0.0,0.0,0.0,0.0,0.0,0.0,0.0,0.0,0.0
20,4,1,0.7,0.1,0.1,0.05,0.15,0.0,0.0,0.05263157894736842,0.0,0.0,0.0,0.0,0.0,0.0,0.0,0.02702702702702703,0.0
20,13,1,0.3,0.1,0.0,0.05,0.1,0.0,0.0,0.0,0.05263157894736842,0.0,0.0,0.0,0.1694573770493589,0.0,0.0,0.0,0.02702702702702703
20,13,1,0.4,0.2,0.0,0.05,0.0,0.0,0.0,0.0,0.05263157894736842,0.0,0.0,0.0,0.1694573770493589,0.0,0.0,0.0,0.02702702702702703
20,13,1,0.45,0.2,0.0,0.05,0.0,0.0,0.0,0.0,0.05263157894736842,0.0,0.0,0.0,0.1694573770493589,0.0,0.0,0.0,0.02702702702702703
20,13,1,0.3,0.15,0.0,0.05,0.05,0.0,0.0,0.0,0.05263157894736842,0.0,0.0,0.0,0.1694573770493589,0.0,0.0,0.0,0.02702702702702703
7,2,2,0.0,0.0,0.0,0.0,0.0,0.0,0.0,0.0,0.0,0.0,0.0,0.0,0.0,0.0,0.0,0.0,0.0
28,5,12,0.54,0.1428571428571428,0.1071428571428571,0.1071428571428571,0.1785714285714286,0.03703703703703703,0.0,0.0,0.0,0.0,0.09628621827753543,0.0,0.0,0.01886792452830189,0.01886792452830189,0.0,0.0
20,8,1,0.35,0.05,0.05,0.05,0.05,0.0,0.0,0.0,0.05263157894736842,0.0,0.0,0.0,0.1694573770493589,0.0,0.0,0.0,0.02702702702702703
38,5,15,0.37,0.1578947368421053,0.07894736842105263,0.02631578947368421,0.0,0.0,0.0,0.0,0.0,0.0,0.0,0.0,0.0,0.0,0.0,0.0,0.0136986301369863
25,5,9,0.64,0.12,0.12,0.0,0.16,0.0,0.0,0.0,0.0,0.0,0.0,0.0,0.0,0.0,0.0,0.0,0.0
10,8,19,0.2,0.0,0.1,0.0,0.1,0.0,0.0,0.0,0.0,0.0,0.0,0.0,0.0,0.0,0.0,0.0,0.0
19,8,15,0.37,0.2105263157894737,0.0,0.0,0.2631578947368421,0.0,0.0,0.0,0.0,0.0,0.0,0.0,0.0,0.0,0.0,0.02857142857142857,0.0
43,5,8,0.35,0.1162790697674419,0.06976744186046512,0.02325581395348837,0.09302325581395349,0.0,0.0,0.02380952380952381,0.0,0.0,0.0,0.0,0.0,0.0,0.0,0.01204819277108434,0.01204819277108434
25,0,5,0.4,0.16,0.0,0.0,0.0,0.0,0.0,0.0,0.0,0.0,0.0,0.0,0.0,0.0,0.0,0.0,0.0
35,16,5,0.63,0.08571428571428572,0.1428571428571428,0.1428571428571428,0.0,0.0,0.02941176470588235,0.0,0.0,0.0,0.0,0.1009409413863908,0.0,0.0,0.01492537313432836,0.0,0.01492537313432836
47,8,1,0.26,0.0425531914893617,0.06382978723404255,0.02127659574468085,0.06382978723404255,0.0,0.0,0.0,0.02173913043478261,0.0,0.0,0.0,0.03929646556469318,0.0,0.0,0.01098901098901099,0.01098901098901099
41,0,10,0.54,0.1951219512195122,0.02439024390243903,0.0,0.04878048780487805,0.0,0.0,0.025,0.0,0.0,0.0,0.0,0.0,0.0,0.0,0.01265822784810127,0.0
43,14,12,0.74,0.02325581395348837,0.0,0.4651162790697674,0.0,0.0,0.0,0.0,0.02380952380952381,0.0,0.0,0.0,0.04600758013975847,0.0,0.0,0.0,0.01204819277108434
60,14,9,0.6,0.0,0.1166666666666667,0.3666666666666666,0.0,0.0,0.0,0.0,0.0,0.0,0.0,0.0,0.0,0.0,0.0,0.0,0.0
36,14,9,0.58,0.02777777777777778,0.1388888888888889,0.3333333333333333,0.05555555555555555,0.0,0.0,0.0,0.02857142857142857,0.0,0.0,0.0,0.06270011419810788,0.0,0.0,0.0,0.01449275362318841
52,14,9,0.67,0.03846153846153846,0.1730769230769231,0.3846153846153846,0.0576923076923077,0.0,0.0,0.0,0.0196078431372549,0.0,0.0,0.0,0.03275946307493885,0.0,0.0,0.0,0.009900990099009901
26,8,15,0.58,0.03846153846153846,0.2307692307692308,0.03846153846153846,0.1153846153846154,0.0,0.0,0.0,0.0,0.0,0.0,0.0,0.0,0.0,0.0,0.0,0.0
27,8,12,0.48,0.0,0.1481481481481481,0.1111111111111111,0.03703703703703703,0.0,0.0,0.0,0.0,0.0,0.0,0.0,0.0,0.0,0.0,0.0,0.0
40,8,15,0.42,0.05,0.1,0.025,0.075,0.0,0.0,0.0,0.0,0.0,0.0,0.0,0.0,0.0,0.0,0.0,0.0
79,0,12,0.86,0.08860759493670886,0.0,0.5316455696202531,0.0,0.0,0.0,0.0,0.08974358974358974,0.0,0.0,0.0,0.1478557324661257,0.006451612903225806,0.0,0.0,0.05806451612903226
37,5,14,0.46,0.1081081081081081,0.05405405405405406,0.0,0.1351351351351351,0.0,0.0,0.02777777777777778,0.0,0.0,0.0,0.0,0.0,0.0,0.0,0.02816901408450704,0.0
30,5,7,0.63,0.2,0.06666666666666667,0.0,0.1666666666666667,0.0,0.0,0.03448275862068965,0.0,0.0,0.0,0.0,0.0,0.0,0.0,0.03508771929824561,0.0
66,14,0,0.58,0.2727272727272727,0.01515151515151515,0.09090909090909091,0.01515151515151515,0.0,0.0,0.0,0.0,0.0,0.0,0.0,0.0,0.0,0.0,0.0,0.0310077519379845
37,5,14,0.41,0.1891891891891892,0.02702702702702703,0.08108108108108109,0.02702702702702703,0.0,0.02777777777777778,0.0,0.0,0.0,0.0,0.09221733857369067,0.0,0.0,0.01408450704225352,0.0,0.01408450704225352
45,14,1,0.33,0.1333333333333333,0.04444444444444445,0.0,0.1111111111111111,0.0,0.0,0.02272727272727273,0.0,0.0,0.0,0.0,0.0,0.0,0.0,0.01149425287356322,0.0
21,14,18,0.48,0.04761904761904762,0.04761904761904762,0.0,0.0,0.0,0.0,0.0,0.0,0.0,0.0,0.0,0.0,0.0,0.0,0.0,0.0
21,14,18,0.48,0.04761904761904762,0.04761904761904762,0.0,0.0,0.0,0.0,0.0,0.0,0.0,0.0,0.0,0.0,0.0,0.0,0.0,0.0
24,5,9,0.71,0.2916666666666667,0.125,0.0,0.08333333333333333,0.0,0.0,0.0,0.0,0.0,0.0,0.0,0.0,0.0,0.0,0.0,0.0
20,18,9,0.7,0.2,0.15,0.0,0.1,0.0,0.0,0.0,0.0,0.0,0.0,0.0,0.0,0.0,0.0,0.0,0.0
19,4,0,0.68,0.2105263157894737,0.1578947368421053,0.0,0.0,0.0,0.0,0.0,0.0,0.0,0.0,0.0,0.0,0.0,0.0,0.0,0.0
24,4,6,0.67,0.2083333333333333,0.08333333333333333,0.0,0.04166666666666666,0.0,0.0,0.0,0.0,0.0,0.0,0.0,0.0,0.0,0.0,0.0,0.0
25,5,9,0.56,0.16,0.04,0.0,0.08,0.0,0.0,0.0,0.0,0.0,0.0,0.0,0.0,0.0,0.0,0.0,0.0
19,4,0,0.63,0.1052631578947368,0.1052631578947368,0.05263157894736842,0.1052631578947368,0.0,0.0,0.0,0.0,0.0,0.0,0.0,0.0,0.0,0.0,0.02857142857142857,0.0
25,5,9,0.56,0.16,0.12,0.0,0.2,0.0,0.0,0.04166666666666666,0.0,0.0,0.0,0.0,0.0,0.0,0.0,0.0425531914893617,0.0
25,5,9,0.56,0.16,0.08,0.0,0.2,0.0,0.0,0.08333333333333333,0.0,0.0,0.0,0.0,0.0,0.0,0.0,0.0425531914893617,0.0
23,5,9,0.57,0.08695652173913043,0.2608695652173913,0.0,0.2173913043478261,0.0,0.0,0.04545454545454546,0.0,0.0,0.0,0.0,0.0,0.0,0.0,0.02325581395348837,0.0
26,0,2,0.62,0.1538461538461539,0.0,0.0,0.1153846153846154,0.0,0.0,0.0,0.0,0.0,0.0,0.0,0.0,0.0,0.0,0.0,0.0
21,5,9,0.76,0.2380952380952381,0.3333333333333333,0.0,0.09523809523809523,0.0,0.0,0.0,0.0,0.0,0.0,0.0,0.0,0.0,0.0,0.0,0.0
19,5,8,0.58,0.1578947368421053,0.1052631578947368,0.0,0.2631578947368421,0.0,0.0,0.05555555555555555,0.0,0.0,0.0,0.0,0.0,0.0,0.0,0.02857142857142857,0.0
23,5,15,0.61,0.1739130434782609,0.1304347826086956,0.0,0.2173913043478261,0.0,0.0,0.04545454545454546,0.0,0.0,0.0,0.0,0.0,0.0,0.0,0.02325581395348837,0.0
24,4,6,0.67,0.2083333333333333,0.1666666666666667,0.0,0.04166666666666666,0.0,0.0,0.0,0.0,0.0,0.0,0.0,0.0,0.0,0.0,0.0,0.0
18,5,0,0.44,0.1111111111111111,0.05555555555555555,0.0,0.1666666666666667,0.0,0.0,0.05882352941176471,0.0,0.0,0.0,0.0,0.0,0.0,0.0,0.0303030303030303,0.0
26,5,15,0.5,0.1538461538461539,0.1153846153846154,0.0,0.07692307692307693,0.0,0.0,0.04,0.0,0.0,0.0,0.0,0.0,0.0,0.0,0.02040816326530612,0.0
20,1,4,0.35,0.1,0.05,0.05,0.0,0.0,0.0,0.0,0.0,0.0,0.0,0.0,0.0,0.0,0.0,0.0,0.0
20,13,1,0.2,0.05,0.1,0.0,0.05,0.0,0.0,0.0,0.0,0.0,0.0,0.0,0.0,0.0,0.0,0.0,0.0
43,8,15,0.49,0.1627906976744186,0.04651162790697674,0.0,0.09302325581395349,0.0,0.0,0.0,0.0,0.0,0.0,0.0,0.0,0.0,0.0,0.0,0.0
37,16,18,0.38,0.08108108108108109,0.05405405405405406,0.02702702702702703,0.1081081081081081,0.0,0.0,0.0,0.0,0.0,0.0,0.0,0.0,0.0,0.0,0.01408450704225352,0.0
37,15,18,0.54,0.05405405405405406,0.0,0.3243243243243243,0.02702702702702703,0.02777777777777778,0.0,0.0,0.0,0.0,0.05980159964095306,0.0,0.0,0.02816901408450704,0.01408450704225352,0.0,0.02816901408450704
9,19,11,0.67,0.1111111111111111,0.0,0.3333333333333333,0.0,0.0,0.125,0.0,0.125,0.0,0.0,0.9377401515398738,0.6521809953226201,0.0,0.06666666666666667,0.0,0.06666666666666667
25,0,2,0.4,0.04,0.0,0.08,0.12,0.0,0.0,0.0,0.04166666666666666,0.0,0.0,0.0,0.116569583996785,0.0,0.0,0.0,0.0425531914893617
29,13,15,0.38,0.03448275862068965,0.0,0.103448275862069,0.103448275862069,0.0,0.0,0.0,0.03571428571428571,0.0,0.0,0.0,0.0907308251980011,0.0,0.0,0.0,0.03636363636363636
17,9,9,0.41,0.0,0.1176470588235294,0.05882352941176471,0.1764705882352941,0.0,0.0,0.0625,0.0,0.0,0.0,0.0,0.0,0.03225806451612903,0.0,0.03225806451612903,0.0
24,17,9,0.46,0.0,0.04166666666666666,0.125,0.125,0.0,0.0,0.0,0.0,0.0,0.0,0.0,0.0,0.02222222222222222,0.0,0.02222222222222222,0.0
12,5,9,0.58,0.08333333333333333,0.3333333333333333,0.08333333333333333,0.0,0.0,0.0,0.0,0.0,0.0,0.0,0.0,0.0,0.0,0.0,0.0,0.0
9,14,3,0.78,0.0,0.0,0.2222222222222222,0.0,0.125,0.0,0.0,0.0,0.0,0.6521809953226201,0.0,0.0,0.06666666666666667,0.0,0.0,0.0
8,17,17,0.88,0.0,0.0,0.25,0.0,0.1428571428571428,0.0,0.0,0.0,0.0,0.8003606431765009,0.0,0.0,0.07692307692307693,0.0,0.0,0.0
26,13,17,0.54,0.0,0.1538461538461539,0.1923076923076923,0.0,0.04,0.04,0.0,0.0,0.0,0.1091201024611579,0.1634363083238693,0.0,0.02040816326530612,0.02040816326530612,0.0,0.0
16,9,19,0.38,0.0,0.125,0.0625,0.1875,0.0,0.0,0.06666666666666667,0.0,0.0,0.0,0.0,0.0,0.03448275862068965,0.0,0.03448275862068965,0.0
39,8,19,0.41,0.0,0.05128205128205128,0.1025641025641026,0.2051282051282051,0.0,0.0,0.02631578947368421,0.0,0.0,0.0,0.0,0.0,0.01333333333333333,0.0,0.02666666666666667,0.0
25,17,9,0.48,0.0,0.04,0.12,0.16,0.0,0.0,0.0,0.0,0.0,0.0,0.0,0.0,0.0,0.0,0.02127659574468085,0.0
23,14,4,0.48,0.04347826086956522,0.1739130434782609,0.1304347826086956,0.08695652173913043,0.0,0.0,0.0,0.0,0.0,0.0,0.0,0.0,0.0,0.0,0.0,0.02325581395348837
9,11,14,0.33,0.1111111111111111,0.0,0.0,0.1111111111111111,0.0,0.0,0.0,0.0,0.0,0.0,0.0,0.0,0.0,0.0,0.0,0.0
10,11,5,0.4,0.2,0.0,0.0,0.1,0.0,0.0,0.0,0.0,0.0,0.0,0.0,0.0,0.0,0.0,0.0,0.0
11,1,5,0.36,0.1818181818181818,0.0,0.0,0.09090909090909091,0.0,0.0,0.0,0.0,0.0,0.0,0.0,0.0,0.0,0.0,0.0,0.0
10,1,14,0.3,0.1,0.0,0.0,0.1,0.0,0.0,0.0,0.0,0.0,0.0,0.0,0.0,0.0,0.0,0.0,0.0
9,1,1,0.33,0.1111111111111111,0.0,0.0,0.1111111111111111,0.0,0.0,0.0,0.0,0.0,0.0,0.0,0.0,0.0,0.0,0.0,0.0
10,1,5,0.4,0.2,0.0,0.0,0.1,0.0,0.0,0.0,0.0,0.0,0.0,0.0,0.0,0.0,0.0,0.0,0.0
12,19,5,0.33,0.1666666666666667,0.0,0.0,0.08333333333333333,0.0,0.0,0.0,0.0,0.0,0.0,0.0,0.0,0.0,0.0,0.0,0.0
11,19,14,0.27,0.09090909090909091,0.0,0.0,0.09090909090909091,0.0,0.0,0.0,0.0,0.0,0.0,0.0,0.0,0.0,0.0,0.0,0.0
10,19,1,0.3,0.1,0.0,0.0,0.1,0.0,0.0,0.0,0.0,0.0,0.0,0.0,0.0,0.0,0.0,0.0,0.0
11,19,5,0.36,0.1818181818181818,0.0,0.0,0.09090909090909091,0.0,0.0,0.0,0.0,0.0,0.0,0.0,0.0,0.0,0.0,0.0,0.0
11,2,14,0.55,0.0,0.09090909090909091,0.0,0.0,0.0,0.0,0.0,0.0,0.0,0.0,0.0,0.0,0.0,0.0,0.0,0.0
12,2,5,0.58,0.08333333333333333,0.08333333333333333,0.0,0.0,0.0,0.0,0.0,0.0,0.0,0.0,0.0,0.0,0.0,0.0,0.0,0.0
17,11,5,0.53,0.1764705882352941,0.05882352941176471,0.0,0.0,0.0,0.0,0.0,0.0,0.0,0.0,0.0,0.0,0.0,0.0,0.0,0.0
18,11,5,0.56,0.2222222222222222,0.05555555555555555,0.0,0.0,0.0,0.0,0.0,0.0,0.0,0.0,0.0,0.0,0.0,0.0,0.0,0.0
16,17,5,0.56,0.125,0.125,0.0,0.125,0.0,0.0,0.0,0.0,0.0,0.0,0.0,0.0,0.0,0.0,0.0,0.0
15,17,9,0.53,0.06666666666666667,0.1333333333333333,0.0,0.1333333333333333,0.0,0.0,0.0,0.0,0.0,0.0,0.0,0.0,0.0,0.0,0.0,0.0
18,8,5,0.33,0.1111111111111111,0.0,0.0,0.05555555555555555,0.0,0.0,0.0,0.0,0.0,0.0,0.0,0.0,0.0,0.0,0.0,0.0
18,14,5,0.33,0.1111111111111111,0.0,0.0,0.0,0.0,0.0,0.0,0.0,0.0,0.0,0.0,0.0,0.0,0.0,0.0,0.0
17,14,14,0.29,0.05882352941176471,0.0,0.0,0.0,0.0,0.0,0.0,0.0,0.0,0.0,0.0,0.0,0.0,0.0,0.0,0.0
33,17,14,0.39,0.1515151515151515,0.06060606060606061,0.0,0.0,0.0,0.0,0.0,0.0,0.0,0.0,0.0,0.0,0.0,0.0,0.0,0.0
34,17,14,0.5,0.05882352941176471,0.1176470588235294,0.05882352941176471,0.0,0.0,0.0,0.0,0.0,0.0,0.0,0.0,0.0,0.0,0.0,0.0,0.0
19,14,5,0.32,0.1052631578947368,0.0,0.0,0.1052631578947368,0.0,0.0,0.0,0.0,0.0,0.0,0.0,0.0,0.0,0.0,0.0,0.0
19,14,5,0.32,0.1052631578947368,0.0,0.0,0.05263157894736842,0.0,0.0,0.0,0.0,0.0,0.0,0.0,0.0,0.0,0.0,0.0,0.0
31,14,1,0.29,0.03225806451612903,0.03225806451612903,0.03225806451612903,0.0,0.0,0.0,0.0,0.0,0.0,0.0,0.0,0.0,0.0,0.0,0.0,0.0
31,5,17,0.58,0.1612903225806452,0.1290322580645161,0.0,0.1935483870967742,0.0,0.0,0.03333333333333333,0.0,0.0,0.0,0.0,0.0,0.0,0.0,0.03389830508474576,0.0
15,14,1,0.47,0.2,0.0,0.0,0.1333333333333333,0.0,0.0,0.0,0.0,0.0,0.0,0.0,0.0,0.0,0.0,0.03703703703703703,0.0
34,0,13,0.62,0.1176470588235294,0.1470588235294118,0.0,0.1176470588235294,0.0,0.0,0.0303030303030303,0.0,0.0,0.0,0.0,0.0,0.0,0.0,0.01538461538461539,0.0
33,5,1,0.48,0.1212121212121212,0.1818181818181818,0.0,0.1515151515151515,0.0,0.0,0.0,0.0,0.0,0.0,0.0,0.0,0.0,0.0,0.0,0.0
24,4,1,0.67,0.04166666666666666,0.2083333333333333,0.08333333333333333,0.125,0.0,0.0,0.0,0.0,0.0,0.0,0.0,0.0,0.0,0.0,0.0,0.0
39,8,8,0.28,0.0,0.1282051282051282,0.02564102564102564,0.2051282051282051,0.0,0.0,0.02631578947368421,0.0,0.0,0.0,0.0,0.0,0.01333333333333333,0.0,0.02666666666666667,0.0
24,17,19,0.46,0.0,0.0,0.125,0.1666666666666667,0.0,0.0,0.0,0.0,0.0,0.0,0.0,0.0,0.0,0.0,0.02222222222222222,0.0
17,18,14,0.35,0.05882352941176471,0.1176470588235294,0.0,0.2941176470588235,0.0,0.0,0.0,0.0,0.0,0.0,0.0,0.0,0.0,0.0,0.03225806451612903,0.0
8,0,18,0.5,0.0,0.0,0.125,0.125,0.1428571428571428,0.0,0.0,0.0,0.0,0.8003606431765009,0.0,0.0,0.07692307692307693,0.0,0.0,0.0
26,4,0,0.5,0.03846153846153846,0.03846153846153846,0.03846153846153846,0.1153846153846154,0.04,0.0,0.04,0.0,0.0,0.1091201024611579,0.0,0.0,0.02040816326530612,0.0,0.02040816326530612,0.02040816326530612
27,4,9,0.52,0.03703703703703703,0.07407407407407407,0.03703703703703703,0.1111111111111111,0.03846153846153846,0.0,0.03846153846153846,0.0,0.0,0.1023899531733767,0.0,0.0,0.0196078431372549,0.0,0.0196078431372549,0.0196078431372549
20,13,1,0.3,0.15,0.0,0.05,0.05,0.0,0.0,0.0,0.05263157894736842,0.0,0.0,0.0,0.1694573770493589,0.0,0.0,0.0,0.02702702702702703
13,4,9,0.85,0.1538461538461539,0.3076923076923077,0.07692307692307693,0.0,0.0,0.0,0.0,0.0,0.0,0.0,0.0,0.0,0.0,0.0,0.0,0.0
14,4,5,0.86,0.2142857142857143,0.2857142857142857,0.07142857142857142,0.0,0.0,0.0,0.0,0.0,0.0,0.0,0.0,0.0,0.0,0.0,0.0,0.0
13,9,9,0.77,0.07692307692307693,0.4615384615384616,0.07692307692307693,0.07692307692307693,0.0,0.0,0.0,0.0,0.0,0.0,0.0,0.0,0.0,0.0,0.0,0.0
14,9,5,0.79,0.1428571428571428,0.4285714285714285,0.07142857142857142,0.07142857142857142,0.0,0.0,0.0,0.0,0.0,0.0,0.0,0.0,0.0,0.0,0.0,0.0
13,9,9,0.85,0.1538461538461539,0.5384615384615384,0.07692307692307693,0.0,0.0,0.0,0.0,0.0,0.0,0.0,0.0,0.0,0.0,0.0,0.0,0.0
14,9,5,0.86,0.2142857142857143,0.5,0.07142857142857142,0.0,0.0,0.0,0.0,0.0,0.0,0.0,0.0,0.0,0.0,0.0,0.0,0.0
13,9,9,0.77,0.07692307692307693,0.4615384615384616,0.07692307692307693,0.0,0.0,0.0,0.0,0.0,0.0,0.0,0.0,0.0,0.0,0.0,0.0,0.0
14,9,5,0.79,0.1428571428571428,0.4285714285714285,0.07142857142857142,0.0,0.0,0.0,0.0,0.0,0.0,0.0,0.0,0.0,0.0,0.0,0.0,0.0
13,17,9,0.77,0.07692307692307693,0.3846153846153846,0.07692307692307693,0.0,0.0,0.0,0.0,0.0,0.0,0.0,0.0,0.0,0.0,0.0,0.0,0.0
14,17,5,0.79,0.1428571428571428,0.3571428571428572,0.07142857142857142,0.0,0.0,0.0,0.0,0.0,0.0,0.0,0.0,0.0,0.0,0.0,0.0,0.0
13,4,9,0.85,0.1538461538461539,0.3076923076923077,0.07692307692307693,0.07692307692307693,0.0,0.0,0.0,0.0,0.0,0.0,0.0,0.0,0.0,0.0,0.0,0.0
13,4,9,0.85,0.1538461538461539,0.1538461538461539,0.07692307692307693,0.0,0.0,0.0,0.0,0.0,0.0,0.0,0.0,0.0,0.0,0.0,0.0,0.0
14,4,5,0.86,0.2142857142857143,0.1428571428571428,0.07142857142857142,0.0,0.0,0.0,0.0,0.0,0.0,0.0,0.0,0.0,0.0,0.0,0.0,0.0
13,9,9,0.69,0.07692307692307693,0.3846153846153846,0.07692307692307693,0.07692307692307693,0.0,0.0,0.0,0.0,0.0,0.0,0.0,0.0,0.0,0.0,0.0,0.0
14,9,5,0.71,0.1428571428571428,0.3571428571428572,0.07142857142857142,0.07142857142857142,0.0,0.0,0.0,0.0,0.0,0.0,0.0,0.0,0.0,0.0,0.0,0.0
13,9,9,0.77,0.07692307692307693,0.4615384615384616,0.07692307692307693,0.07692307692307693,0.0,0.0,0.0,0.0,0.0,0.0,0.0,0.0,0.0,0.0,0.0,0.0
14,9,5,0.71,0.1428571428571428,0.3571428571428572,0.07142857142857142,0.07142857142857142,0.0,0.0,0.0,0.0,0.0,0.0,0.0,0.0,0.0,0.0,0.0,0.0
13,4,9,0.69,0.07692307692307693,0.1538461538461539,0.0,0.07692307692307693,0.0,0.0,0.0,0.0,0.0,0.0,0.0,0.0,0.0,0.0,0.0,0.0
14,4,5,0.71,0.1428571428571428,0.1428571428571428,0.0,0.07142857142857142,0.0,0.0,0.0,0.0,0.0,0.0,0.0,0.0,0.0,0.0,0.0,0.0
28,4,13,0.75,0.1071428571428571,0.1785714285714286,0.03571428571428571,0.07142857142857142,0.0,0.0,0.0,0.0,0.0,0.0,0.0,0.0,0.0,0.0,0.0,0.0
50,3,1,0.34,0.12,0.02,0.0,0.08,0.0,0.0,0.0,0.0,0.0,0.0,0.0,0.0,0.0,0.0,0.0,0.0
21,3,1,0.29,0.1428571428571428,0.0,0.0,0.09523809523809523,0.0,0.0,0.0,0.0,0.0,0.0,0.0,0.0,0.0,0.0,0.0,0.0
54,2,1,0.33,0.1111111111111111,0.01851851851851852,0.03703703703703703,0.09259259259259259,0.0,0.0,0.0,0.0,0.0,0.0,0.0,0.0,0.0,0.0,0.0,0.0
20,14,1,0.2,0.05,0.05,0.05,0.05,0.0,0.0,0.0,0.05263157894736842,0.0,0.0,0.0,0.1694573770493589,0.0,0.0,0.0,0.02702702702702703
48,14,18,0.46,0.1666666666666667,0.04166666666666666,0.0,0.0625,0.0,0.0,0.0,0.0,0.0,0.0,0.0,0.0,0.0,0.0,0.0,0.0
48,8,1,0.4,0.1458333333333333,0.0,0.0625,0.08333333333333333,0.0,0.0,0.0,0.0425531914893617,0.0,0.0,0.0,0.08527568827858979,0.0,0.0,0.0,0.03225806451612903
47,14,1,0.4,0.148936170212766,0.02127659574468085,0.0425531914893617,0.06382978723404255,0.0,0.0,0.0,0.04347826086956522,0.0,0.0,0.0,0.08828210990848659,0.0,0.0,0.0,0.02197802197802198
39,5,1,0.36,0.2051282051282051,0.02564102564102564,0.05128205128205128,0.02564102564102564,0.0,0.0,0.0,0.0,0.0,0.0,0.0,0.0,0.0,0.0,0.0,0.01333333333333333
34,15,1,0.26,0.08823529411764706,0.05882352941176471,0.0,0.05882352941176471,0.0,0.0,0.0,0.0,0.0,0.0,0.0,0.0,0.0,0.0,0.0,0.0
31,15,1,0.23,0.06451612903225806,0.0,0.0,0.03225806451612903,0.0,0.0,0.0,0.0,0.0,0.0,0.0,0.0,0.0,0.0,0.0,0.0
34,5,1,0.32,0.08823529411764706,0.0,0.0,0.1176470588235294,0.0,0.0,0.0,0.0,0.0,0.0,0.0,0.0,0.0,0.0,0.01538461538461539,0.0
36,17,1,0.42,0.08333333333333333,0.1111111111111111,0.0,0.05555555555555555,0.0,0.0,0.0,0.0,0.0,0.0,0.0,0.0,0.0,0.0,0.0,0.0
40,6,14,0.35,0.075,0.05,0.025,0.05,0.0,0.0,0.0,0.0,0.0,0.0,0.0,0.0,0.0,0.0,0.0,0.0
29,4,8,0.48,0.103448275862069,0.06896551724137931,0.06896551724137931,0.103448275862069,0.0,0.0,0.0,0.0,0.1369465567293169,0.0,0.0,0.0,0.0,0.01818181818181818,0.0,0.0
16,0,18,0.44,0.0,0.0,0.125,0.0625,0.06666666666666667,0.0,0.0,0.0,0.0,0.2461008066576313,0.0,0.0,0.03448275862068965,0.0,0.0,0.0
4,1,0,0.5,0.0,0.0,0.0,0.0,0.0,0.0,0.0,0.0,0.0,0.0,0.0,0.0,0.0,0.0,0.0,0.0
31,4,14,0.48,0.03225806451612903,0.06451612903225806,0.03225806451612903,0.0967741935483871,0.03333333333333333,0.0,0.03333333333333333,0.0,0.0,0.08101082434600065,0.0,0.0,0.01694915254237288,0.0,0.01694915254237288,0.01694915254237288
11,0,7,0.45,0.0,0.0,0.09090909090909091,0.09090909090909091,0.1,0.0,0.0,0.0,0.0,0.4625065378682232,0.0,0.0,0.05263157894736842,0.0,0.0,0.0
23,16,14,0.39,0.04347826086956522,0.0,0.08695652173913043,0.1304347826086956,0.0,0.0,0.0,0.04545454545454546,0.0,0.0,0.0,0.1340950949904482,0.0,0.0,0.0,0.04651162790697674
5,3,8,0.2,0.0,0.2,0.0,0.2,0.0,0.0,0.0,0.0,0.0,0.0,0.0,0.0,0.0,0.0,0.0,0.0
15,5,4,0.6,0.2,0.06666666666666667,0.06666666666666667,0.0,0.0,0.0,0.0,0.0,0.0,0.0,0.0,0.0,0.0,0.0,0.0,0.0
6,0,8,0.33,0.0,0.1666666666666667,0.0,0.1666666666666667,0.0,0.0,0.0,0.0,0.0,0.0,0.0,0.0,0.0,0.0,0.0,0.0
8,1,6,0.12,0.0,0.0,0.125,0.125,0.0,0.0,0.0,0.0,1.148205045268393,0.0,0.0,0.0,0.0,0.0,0.0,0.0
6,7,4,0.33,0.0,0.0,0.0,0.1666666666666667,0.0,0.0,0.0,0.0,0.0,0.0,0.0,0.0,0.0,0.0,0.0,0.0
16,0,14,0.56,0.0,0.1875,0.0625,0.0,0.06666666666666667,0.0,0.0,0.0,0.0,0.2461008066576313,0.0,0.0,0.03448275862068965,0.0,0.0,0.0
9,17,8,0.44,0.0,0.2222222222222222,0.0,0.1111111111111111,0.0,0.0,0.0,0.0,0.0,0.0,0.0,0.0,0.0,0.0,0.0,0.0
29,4,5,0.76,0.1379310344827586,0.1724137931034483,0.03448275862068965,0.06896551724137931,0.0,0.0,0.0,0.0,0.0,0.0,0.0,0.0,0.0,0.0,0.0,0.0
50,9,1,0.26,0.06,0.02,0.02,0.08,0.0,0.0,0.0,0.0,0.0,0.0,0.0,0.0,0.0,0.0,0.0,0.0
48,11,1,0.31,0.1041666666666667,0.04166666666666666,0.0,0.04166666666666666,0.0,0.0,0.0,0.0,0.0,0.0,0.0,0.0,0.0,0.0,0.0,0.0
39,5,5,0.38,0.1794871794871795,0.02564102564102564,0.02564102564102564,0.02564102564102564,0.0,0.0,0.0,0.0,0.0,0.0,0.0,0.0,0.0,0.0,0.0,0.01333333333333333
40,6,14,0.3,0.1,0.075,0.025,0.05,0.0,0.0,0.0,0.0,0.08121245190519721,0.0,0.0,0.0,0.0,0.0,0.0,0.0
52,17,5,0.44,0.1153846153846154,0.09615384615384616,0.0,0.1153846153846154,0.0,0.0,0.0,0.0,0.0,0.0,0.0,0.0,0.0,0.0,0.0,0.0
39,5,14,0.38,0.07692307692307693,0.1025641025641026,0.02564102564102564,0.1282051282051282,0.0,0.0,0.0,0.0,0.0,0.0,0.0,0.0,0.0,0.0,0.0,0.0
35,5,1,0.4,0.08571428571428572,0.08571428571428572,0.02857142857142857,0.08571428571428572,0.0,0.0,0.0,0.0,0.0,0.0,0.0,0.0,0.0,0.0,0.0,0.0
76,13,16,0.41,0.03947368421052631,0.1052631578947368,0.03947368421052631,0.1184210526315789,0.0,0.0,0.02666666666666667,0.0,0.0,0.0,0.0,0.0,0.0,0.0,0.02013422818791946,0.0
37,18,5,0.65,0.08108108108108109,0.02702702702702703,0.05405405405405406,0.02702702702702703,0.02777777777777778,0.0,0.0,0.0,0.0,0.05980159964095306,0.0,0.0,0.02816901408450704,0.0,0.0,0.0
36,14,5,0.64,0.1388888888888889,0.0,0.02777777777777778,0.1388888888888889,0.0,0.0,0.02857142857142857,0.02857142857142857,0.0,0.0,0.0,0.06270011419810788,0.01449275362318841,0.0,0.01449275362318841,0.01449275362318841
36,14,5,0.61,0.1388888888888889,0.08333333333333333,0.02777777777777778,0.1666666666666667,0.0,0.0,0.02857142857142857,0.02857142857142857,0.0,0.0,0.0,0.06270011419810788,0.01449275362318841,0.0,0.01449275362318841,0.01449275362318841
36,8,5,0.64,0.1388888888888889,0.05555555555555555,0.02777777777777778,0.1944444444444444,0.0,0.0,0.02857142857142857,0.02857142857142857,0.0,0.0,0.0,0.06270011419810788,0.01449275362318841,0.0,0.02898550724637681,0.01449275362318841
34,5,5,0.68,0.1470588235294118,0.05882352941176471,0.0,0.1764705882352941,0.0,0.0,0.0,0.0,0.0,0.0,0.0,0.0,0.0,0.0,0.01538461538461539,0.0
30,0,5,0.73,0.2,0.1666666666666667,0.0,0.1333333333333333,0.0,0.0,0.0,0.0,0.0,0.0,0.0,0.0,0.0,0.0,0.0,0.0
29,0,5,0.59,0.103448275862069,0.103448275862069,0.0,0.1379310344827586,0.0,0.0,0.0,0.0,0.0,0.0,0.0,0.0,0.0,0.0,0.0,0.0
27,5,5,0.67,0.1481481481481481,0.07407407407407407,0.0,0.1481481481481481,0.0,0.0,0.0,0.0,0.0,0.0,0.0,0.0,0.0,0.0,0.0196078431372549,0.0
33,5,1,0.52,0.06060606060606061,0.09090909090909091,0.0,0.1818181818181818,0.0,0.0,0.0,0.0,0.0,0.0,0.0,0.0,0.0,0.0,0.0,0.0
37,5,1,0.54,0.1351351351351351,0.1351351351351351,0.0,0.1621621621621622,0.0,0.0,0.0,0.0,0.0,0.0,0.0,0.0,0.0,0.0,0.0,0.0
24,4,1,0.62,0.04166666666666666,0.125,0.04166666666666666,0.1666666666666667,0.0,0.0,0.04347826086956522,0.0,0.0,0.0,0.0,0.0,0.0,0.0,0.02222222222222222,0.0
24,4,1,0.67,0.04166666666666666,0.2083333333333333,0.08333333333333333,0.08333333333333333,0.0,0.0,0.0,0.0,0.0,0.0,0.0,0.0,0.0,0.0,0.0,0.0
24,4,1,0.62,0.0,0.04166666666666666,0.08333333333333333,0.125,0.0,0.0,0.04347826086956522,0.0,0.0,0.0,0.0,0.0,0.0,0.0,0.02222222222222222,0.0
23,17,1,0.57,0.0,0.0,0.04347826086956522,0.04347826086956522,0.0,0.0,0.0,0.0,0.0,0.0,0.0,0.0,0.0,0.0,0.0,0.0
33,5,1,0.55,0.1212121212121212,0.1515151515151515,0.0,0.1212121212121212,0.0,0.0,0.0,0.0,0.0,0.0,0.0,0.0,0.0,0.0,0.0,0.0
33,5,1,0.55,0.1515151515151515,0.1818181818181818,0.0,0.1515151515151515,0.0,0.0,0.0,0.0,0.0,0.0,0.0,0.0,0.0,0.0,0.0,0.0
34,5,1,0.5,0.1176470588235294,0.2058823529411765,0.0,0.1470588235294118,0.0,0.0,0.0,0.0,0.0,0.0,0.0,0.0,0.0,0.0,0.01538461538461539,0.0
29,5,1,0.48,0.103448275862069,0.2068965517241379,0.0,0.1379310344827586,0.0,0.0,0.0,0.0,0.0,0.0,0.0,0.0,0.0,0.0,0.0,0.0
37,5,1,0.65,0.1891891891891892,0.1621621621621622,0.0,0.1891891891891892,0.0,0.0,0.0,0.0,0.0,0.0,0.0,0.0,0.0,0.0,0.0,0.0
37,5,1,0.65,0.1891891891891892,0.1351351351351351,0.0,0.1891891891891892,0.0,0.0,0.0,0.0,0.0,0.0,0.0,0.0,0.0,0.0,0.0,0.0
46,5,1,0.57,0.1739130434782609,0.108695652173913,0.0,0.1739130434782609,0.0,0.0,0.02222222222222222,0.0,0.0,0.0,0.0,0.0,0.0,0.0,0.03370786516853932,0.0
21,5,5,0.67,0.2857142857142857,0.04761904761904762,0.0,0.04761904761904762,0.0,0.0,0.0,0.0,0.0,0.0,0.0,0.0,0.0,0.0,0.0,0.0
32,0,5,0.66,0.125,0.09375,0.0,0.125,0.0,0.0,0.03225806451612903,0.0,0.0,0.0,0.0,0.0,0.0,0.0,0.01639344262295082,0.0
25,0,5,0.56,0.08,0.16,0.0,0.12,0.0,0.0,0.0,0.0,0.0,0.0,0.0,0.0,0.0,0.0,0.0,0.0
34,5,5,0.53,0.1470588235294118,0.1470588235294118,0.0,0.1470588235294118,0.0,0.0,0.0,0.0,0.0,0.0,0.0,0.0,0.0,0.0,0.0,0.0
34,15,5,0.53,0.1176470588235294,0.1470588235294118,0.0,0.1764705882352941,0.0,0.0,0.0,0.0,0.0,0.0,0.0,0.0,0.0,0.0,0.0,0.0
37,5,1,0.54,0.1351351351351351,0.1081081081081081,0.0,0.1621621621621622,0.0,0.0,0.0,0.0,0.0,0.0,0.0,0.0,0.0,0.0,0.0,0.0
33,15,1,0.52,0.09090909090909091,0.1515151515151515,0.0,0.1818181818181818,0.0,0.0,0.0,0.0,0.0,0.0,0.0,0.0,0.0,0.0,0.0,0.0
33,5,1,0.52,0.06060606060606061,0.09090909090909091,0.0,0.1818181818181818,0.0,0.0,0.0,0.0,0.0,0.0,0.0,0.0,0.0,0.0,0.0,0.0
33,5,1,0.52,0.1212121212121212,0.1515151515151515,0.0,0.1515151515151515,0.0,0.0,0.0,0.0,0.0,0.0,0.0,0.0,0.0,0.0,0.0,0.0
24,4,1,0.71,0.04166666666666666,0.125,0.08333333333333333,0.1666666666666667,0.0,0.0,0.04347826086956522,0.0,0.0,0.0,0.0,0.0,0.0,0.0,0.02222222222222222,0.0
33,5,1,0.55,0.1212121212121212,0.2121212121212121,0.0,0.1212121212121212,0.0,0.0,0.0,0.0,0.0,0.0,0.0,0.0,0.0,0.0,0.0,0.0
29,5,1,0.48,0.103448275862069,0.1379310344827586,0.0,0.1724137931034483,0.0,0.0,0.0,0.0,0.0,0.0,0.0,0.0,0.0,0.0,0.01818181818181818,0.0
46,5,1,0.57,0.1739130434782609,0.08695652173913043,0.0,0.1739130434782609,0.0,0.0,0.02222222222222222,0.0,0.0,0.0,0.0,0.0,0.0,0.0,0.03370786516853932,0.0
46,5,1,0.54,0.1739130434782609,0.08695652173913043,0.0,0.1739130434782609,0.0,0.0,0.02222222222222222,0.0,0.0,0.0,0.0,0.0,0.0,0.0,0.03370786516853932,0.0
24,4,1,0.67,0.04166666666666666,0.1666666666666667,0.08333333333333333,0.125,0.0,0.0,0.0,0.0,0.0,0.0,0.0,0.0,0.0,0.0,0.0,0.0
25,5,1,0.32,0.08,0.0,0.0,0.12,0.0,0.0,0.0,0.0,0.0,0.0,0.0,0.0,0.0,0.0,0.02127659574468085,0.0
23,10,0,0.39,0.04347826086956522,0.0,0.04347826086956522,0.1739130434782609,0.0,0.0,0.04545454545454546,0.04545454545454546,0.0,0.0,0.0,0.1340950949904482,0.0,0.0,0.04651162790697674,0.02325581395348837
19,1,17,0.47,0.05263157894736842,0.05263157894736842,0.05263157894736842,0.1052631578947368,0.05555555555555555,0.0,0.05555555555555555,0.0,0.0,0.1846336895356241,0.0,0.0,0.02857142857142857,0.0,0.02857142857142857,0.02857142857142857
34,0,13,0.65,0.1176470588235294,0.1470588235294118,0.0,0.08823529411764706,0.0,0.0,0.0303030303030303,0.0,0.0,0.0,0.0,0.0,0.0,0.0,0.01538461538461539,0.0
30,0,15,0.7,0.1666666666666667,0.1666666666666667,0.0,0.2,0.0,0.0,0.03448275862068965,0.0,0.0,0.0,0.0,0.0,0.0,0.0,0.01754385964912281,0.0
27,0,0,0.74,0.03703703703703703,0.2222222222222222,0.0,0.1481481481481481,0.0,0.0,0.03846153846153846,0.0,0.0,0.0,0.0,0.0,0.0,0.0,0.0196078431372549,0.0
29,5,17,0.62,0.06896551724137931,0.03448275862068965,0.0,0.2068965517241379,0.0,0.0,0.0,0.0,0.0,0.0,0.0,0.0,0.0,0.0,0.01818181818181818,0.0
15,3,5,0.4,0.1333333333333333,0.06666666666666667,0.0,0.1333333333333333,0.0,0.0,0.0,0.0,0.0,0.0,0.0,0.0,0.0,0.0,0.0,0.0
14,15,12,0.21,0.0,0.0,0.07142857142857142,0.1428571428571428,0.0,0.0,0.0,0.0,0.0,0.0,0.0,0.0,0.0,0.0,0.0,0.0
15,16,5,0.4,0.06666666666666667,0.0,0.0,0.1333333333333333,0.0,0.0,0.0,0.0,0.0,0.0,0.0,0.0,0.0,0.0,0.0,0.0
32,2,19,0.59,0.0625,0.09375,0.25,0.0625,0.0,0.03225806451612903,0.0,0.0,0.0,0.0,0.1167494314897141,0.0,0.0,0.01639344262295082,0.0,0.0
32,2,19,0.59,0.0625,0.125,0.21875,0.0625,0.0,0.03225806451612903,0.0,0.0,0.0,0.0,0.1167494314897141,0.0,0.0,0.01639344262295082,0.0,0.0
46,8,6,0.46,0.108695652173913,0.04347826086956522,0.1304347826086956,0.04347826086956522,0.0,0.0,0.0,0.0,0.0,0.0,0.0,0.0,0.0,0.0,0.0,0.02247191011235955
46,8,8,0.37,0.08695652173913043,0.04347826086956522,0.108695652173913,0.08695652173913043,0.02222222222222222,0.02222222222222222,0.0,0.0,0.0,0.04083129247167232,0.06460145114772353,0.0,0.01123595505617977,0.01123595505617977,0.0,0.01123595505617977
38,5,2,0.29,0.1052631578947368,0.0,0.05263157894736842,0.1052631578947368,0.0,0.02702702702702703,0.0,0.0,0.0,0.0,0.08829792984610975,0.0,0.0,0.0136986301369863,0.0136986301369863,0.0136986301369863
14,16,14,0.29,0.0,0.0,0.0,0.1428571428571428,0.0,0.0,0.0,0.0,0.0,0.0,0.0,0.0,0.0,0.0,0.0,0.0
19,1,7,0.47,0.05263157894736842,0.0,0.1052631578947368,0.05263157894736842,0.0,0.0,0.0,0.05555555555555555,0.0,0.0,0.0,0.1846336895356241,0.0,0.0,0.0,0.05714285714285714
14,4,5,0.43,0.07142857142857142,0.07142857142857142,0.0,0.2142857142857143,0.0,0.0,0.07692307692307693,0.0,0.0,0.0,0.0,0.0,0.0,0.0,0.04,0.0
22,19,8,0.41,0.1363636363636364,0.0,0.1818181818181818,0.09090909090909091,0.0,0.04761904761904762,0.0,0.1428571428571428,0.0,0.0,0.2142193993607565,0.4620884327867348,0.0,0.02439024390243903,0.0,0.07317073170731707
76,9,13,0.43,0.03947368421052631,0.131578947368421,0.06578947368421052,0.07894736842105263,0.0,0.0,0.0,0.0,0.0,0.0,0.0,0.0,0.0,0.0,0.0,0.0
18,9,9,0.33,0.05555555555555555,0.1111111111111111,0.0,0.2222222222222222,0.0,0.0,0.0,0.0,0.0,0.0,0.0,0.0,0.0,0.0,0.0303030303030303,0.0
29,12,0,0.38,0.03448275862068965,0.03448275862068965,0.06896551724137931,0.06896551724137931,0.03571428571428571,0.0,0.0,0.0,0.0,0.0907308251980011,0.0,0.0,0.01818181818181818,0.0,0.0,0.01818181818181818
15,15,0,0.4,0.06666666666666667,0.06666666666666667,0.0,0.1333333333333333,0.0,0.0,0.0,0.0,0.0,0.0,0.0,0.0,0.0,0.0,0.0,0.0
15,3,5,0.47,0.1333333333333333,0.06666666666666667,0.0,0.1333333333333333,0.0,0.0,0.0,0.0,0.0,0.0,0.0,0.0,0.0,0.0,0.0,0.0
15,15,12,0.27,0.0,0.0,0.06666666666666667,0.1333333333333333,0.0,0.0,0.0,0.0,0.0,0.0,0.0,0.0,0.0,0.0,0.0,0.0
13,5,5,0.85,0.3846153846153846,0.4615384615384616,0.0,0.0,0.0,0.0,0.0,0.0,0.0,0.0,0.0,0.0,0.0,0.0,0.0,0.0
13,5,5,0.92,0.4615384615384616,0.4615384615384616,0.0,0.0,0.0,0.0,0.0,0.0,0.0,0.0,0.0,0.0,0.0,0.0,0.0,0.0
14,5,5,0.79,0.2857142857142857,0.3571428571428572,0.0,0.0,0.0,0.0,0.0,0.0,0.0,0.0,0.0,0.0,0.0,0.0,0.0,0.0
16,5,5,0.88,0.375,0.375,0.0,0.0,0.0,0.0,0.0,0.0,0.0,0.0,0.0,0.0,0.0,0.0,0.0,0.0
16,5,5,0.88,0.375,0.3125,0.0,0.0,0.0,0.0,0.0,0.0,0.0,0.0,0.0,0.0,0.0,0.0,0.0,0.0
16,5,5,0.75,0.25,0.3125,0.0,0.0,0.0,0.0,0.0,0.0,0.0,0.0,0.0,0.0,0.0,0.0,0.0,0.0
16,5,5,0.94,0.4375,0.375,0.0,0.0,0.0,0.0,0.0,0.0,0.0,0.0,0.0,0.0,0.0,0.0,0.0,0.0
16,5,5,0.94,0.4375,0.3125,0.0,0.0,0.0,0.0,0.0,0.0,0.0,0.0,0.0,0.0,0.0,0.0,0.0,0.0
14,5,5,0.64,0.1428571428571428,0.07142857142857142,0.0,0.1428571428571428,0.0,0.0,0.07692307692307693,0.0,0.0,0.0,0.0,0.0,0.0,0.0,0.04,0.0
17,5,5,0.76,0.2352941176470588,0.1764705882352941,0.0,0.1176470588235294,0.0,0.0,0.0625,0.0,0.0,0.0,0.0,0.0,0.0,0.0,0.03225806451612903,0.0
15,9,5,0.73,0.2,0.1333333333333333,0.0,0.1333333333333333,0.0,0.0,0.07142857142857142,0.0,0.0,0.0,0.0,0.0,0.0,0.0,0.03703703703703703,0.0
17,5,5,0.76,0.2352941176470588,0.1764705882352941,0.0,0.1176470588235294,0.0,0.0,0.0625,0.0,0.0,0.0,0.0,0.0,0.0,0.0,0.03225806451612903,0.0
17,5,5,0.76,0.2352941176470588,0.1176470588235294,0.0,0.1176470588235294,0.0,0.0,0.0625,0.0,0.0,0.0,0.0,0.0,0.0,0.0,0.03225806451612903,0.0
15,4,5,0.73,0.2,0.06666666666666667,0.0,0.1333333333333333,0.0,0.0,0.07142857142857142,0.0,0.0,0.0,0.0,0.0,0.0,0.0,0.03703703703703703,0.0
16,4,5,0.69,0.1875,0.0,0.0,0.125,0.0,0.0,0.06666666666666667,0.0,0.0,0.0,0.0,0.0,0.0,0.0,0.03448275862068965,0.0
16,4,5,0.62,0.125,0.0,0.0,0.125,0.0,0.0,0.06666666666666667,0.0,0.0,0.0,0.0,0.0,0.0,0.0,0.03448275862068965,0.0
17,5,5,0.76,0.2352941176470588,0.1176470588235294,0.0,0.1176470588235294,0.0,0.0,0.0625,0.0,0.0,0.0,0.0,0.0,0.0,0.0,0.03225806451612903,0.0
17,5,5,0.76,0.2352941176470588,0.1176470588235294,0.0,0.1176470588235294,0.0,0.0,0.0625,0.0,0.0,0.0,0.0,0.0,0.0,0.0,0.03225806451612903,0.0
18,5,5,0.72,0.2222222222222222,0.05555555555555555,0.0,0.1111111111111111,0.0,0.0,0.05882352941176471,0.0,0.0,0.0,0.0,0.0,0.0,0.0,0.0303030303030303,0.0
14,5,0,0.71,0.1428571428571428,0.07142857142857142,0.0,0.1428571428571428,0.0,0.0,0.07692307692307693,0.0,0.0,0.0,0.0,0.0,0.0,0.0,0.04,0.0
25,5,15,0.68,0.16,0.16,0.08,0.12,0.0,0.0,0.0,0.0,0.0,0.0,0.0,0.0,0.0,0.0,0.02127659574468085,0.0
38,2,18,0.47,0.1052631578947368,0.02631578947368421,0.07894736842105263,0.02631578947368421,0.0,0.0,0.0,0.0,0.0,0.0,0.0,0.0,0.0,0.0,0.0,0.0
23,17,4,0.65,0.1304347826086956,0.04347826086956522,0.0,0.04347826086956522,0.0,0.0,0.0,0.0,0.0,0.0,0.0,0.0,0.0,0.0,0.0,0.0
23,17,4,0.65,0.1304347826086956,0.04347826086956522,0.0,0.0,0.0,0.0,0.0,0.0,0.0,0.0,0.0,0.0,0.0,0.0,0.0,0.0
58,5,13,0.43,0.06896551724137931,0.08620689655172414,0.0,0.06896551724137931,0.0,0.0,0.01754385964912281,0.0,0.0,0.0,0.0,0.0,0.0,0.0,0.01769911504424779,0.0
40,5,5,0.42,0.1,0.1,0.025,0.125,0.0,0.0,0.0,0.0,0.0,0.0,0.0,0.0,0.0,0.0,0.0,0.0
51,19,5,0.51,0.1176470588235294,0.0392156862745098,0.1568627450980392,0.0392156862745098,0.0,0.0,0.0,0.02,0.0,0.0,0.0,0.03393301530464566,0.0,0.0,0.0,0.0202020202020202
23,17,4,0.65,0.1304347826086956,0.08695652173913043,0.0,0.04347826086956522,0.0,0.0,0.0,0.0,0.0,0.0,0.0,0.0,0.0,0.0,0.0,0.0
24,0,5,0.67,0.1666666666666667,0.08333333333333333,0.0,0.04166666666666666,0.0,0.0,0.0,0.0,0.0,0.0,0.0,0.0,0.0,0.0,0.0,0.0
34,5,13,0.5,0.1470588235294118,0.1176470588235294,0.05882352941176471,0.2352941176470588,0.0,0.0,0.0303030303030303,0.0,0.0,0.0,0.0,0.0,0.0,0.0,0.04615384615384616,0.0
40,14,5,0.72,0.05,0.05,0.475,0.0,0.0,0.0,0.0,0.0,0.0,0.0,0.0,0.0,0.0,0.01298701298701299,0.0,0.01298701298701299
39,0,19,0.49,0.1794871794871795,0.07692307692307693,0.02564102564102564,0.1282051282051282,0.0,0.0,0.0,0.0,0.0,0.0,0.0,0.0,0.0,0.0,0.01333333333333333,0.0
21,16,8,0.48,0.09523809523809523,0.1428571428571428,0.04761904761904762,0.04761904761904762,0.0,0.0,0.0,0.0,0.0,0.0,0.0,0.0,0.0,0.0,0.0,0.0
63,13,5,0.52,0.1746031746031746,0.03174603174603174,0.1587301587301587,0.03174603174603174,0.0,0.0,0.0,0.03225806451612903,0.0,0.0,0.0,0.05426478453155112,0.0,0.0,0.0,0.03252032520325204
63,13,5,0.52,0.1746031746031746,0.03174603174603174,0.1587301587301587,0.03174603174603174,0.0,0.0,0.0,0.03225806451612903,0.0,0.0,0.0,0.05426478453155112,0.0,0.0,0.0,0.03252032520325204
62,13,5,0.52,0.1774193548387097,0.01612903225806452,0.1451612903225807,0.03225806451612903,0.0,0.0,0.0,0.03278688524590164,0.0,0.0,0.0,0.05574255233555277,0.0,0.0,0.0,0.03305785123966942
38,2,14,0.42,0.1052631578947368,0.05263157894736842,0.07894736842105263,0.05263157894736842,0.0,0.0,0.0,0.0,0.0,0.0,0.0,0.0,0.0,0.0,0.0,0.0
14,1,5,0.43,0.1428571428571428,0.07142857142857142,0.07142857142857142,0.0,0.0,0.0,0.0,0.0,0.0,0.0,0.0,0.0,0.0,0.0,0.0,0.0
52,9,1,0.27,0.0576923076923077,0.01923076923076923,0.01923076923076923,0.07692307692307693,0.0,0.0,0.0,0.0,0.0,0.0,0.0,0.0,0.0,0.0,0.0,0.0
34,5,5,0.5,0.1470588235294118,0.1176470588235294,0.0,0.1176470588235294,0.0,0.0,0.0,0.0,0.0,0.0,0.0,0.0,0.0,0.0,0.01538461538461539,0.0
55,2,1,0.33,0.1090909090909091,0.01818181818181818,0.03636363636363636,0.09090909090909091,0.0,0.0,0.0,0.0,0.0,0.0,0.0,0.0,0.0,0.0,0.0,0.0
27,5,5,0.56,0.07407407407407407,0.1851851851851852,0.07407407407407407,0.2592592592592592,0.0,0.0,0.1153846153846154,0.0,0.0,0.0,0.0,0.0,0.0,0.0,0.0784313725490196,0.0
28,5,5,0.68,0.1785714285714286,0.1071428571428571,0.07142857142857142,0.1071428571428571,0.0,0.0,0.03703703703703703,0.03703703703703703,0.0,0.0,0.0,0.09628621827753543,0.0,0.01886792452830189,0.01886792452830189,0.01886792452830189
35,0,5,0.46,0.1142857142857143,0.08571428571428572,0.0,0.08571428571428572,0.0,0.0,0.0,0.0,0.0,0.0,0.0,0.0,0.0,0.0,0.0,0.0
60,14,9,0.6,0.0,0.1166666666666667,0.3833333333333334,0.0,0.0,0.0,0.0,0.0,0.0,0.0,0.0,0.0,0.0,0.0,0.0,0.0
26,5,5,0.62,0.1923076923076923,0.07692307692307693,0.0,0.1538461538461539,0.0,0.0,0.04,0.0,0.0,0.0,0.0,0.0,0.0,0.0,0.02040816326530612,0.0
25,14,9,0.4,0.08,0.04,0.0,0.16,0.0,0.0,0.04166666666666666,0.0,0.0,0.0,0.0,0.0,0.0,0.0,0.02127659574468085,0.0
26,14,5,0.42,0.1153846153846154,0.03846153846153846,0.0,0.1538461538461539,0.0,0.0,0.04,0.0,0.0,0.0,0.0,0.0,0.0,0.0,0.02040816326530612,0.0
25,15,9,0.4,0.08,0.04,0.0,0.16,0.0,0.0,0.04166666666666666,0.0,0.0,0.0,0.0,0.0,0.0,0.0,0.02127659574468085,0.0
26,15,5,0.42,0.1153846153846154,0.03846153846153846,0.0,0.1538461538461539,0.0,0.0,0.04,0.0,0.0,0.0,0.0,0.0,0.0,0.0,0.02040816326530612,0.0
64,10,17,0.44,0.015625,0.015625,0.125,0.046875,0.0,0.0,0.01587301587301587,0.0,0.0,0.0,0.0,0.0,0.008,0.0,0.008,0.008
55,19,4,0.49,0.0,0.03636363636363636,0.2,0.0,0.0,0.0,0.0,0.0,0.04809121679370741,0.0,0.0,0.0,0.009345794392523364,0.01869158878504673,0.0,0.0
27,8,9,0.44,0.0,0.03703703703703703,0.1111111111111111,0.1851851851851852,0.0,0.0,0.0,0.0,0.0,0.0,0.0,0.0,0.0,0.0,0.0196078431372549,0.0
28,9,9,0.46,0.0,0.07142857142857142,0.1071428571428571,0.1785714285714286,0.0,0.0,0.0,0.0,0.0,0.0,0.0,0.0,0.0,0.0,0.01886792452830189,0.0
33,0,9,0.48,0.0,0.09090909090909091,0.1212121212121212,0.1515151515151515,0.0,0.0,0.0,0.0,0.0,0.0,0.0,0.0,0.01587301587301587,0.0,0.01587301587301587,0.0
36,13,9,0.47,0.0,0.08333333333333333,0.1111111111111111,0.1666666666666667,0.0,0.0,0.0,0.0,0.0,0.0,0.0,0.0,0.01449275362318841,0.0,0.01449275362318841,0.0
44,9,9,0.43,0.0,0.09090909090909091,0.09090909090909091,0.1818181818181818,0.0,0.0,0.02325581395348837,0.0,0.0,0.0,0.0,0.0,0.01176470588235294,0.0,0.02352941176470588,0.0
25,17,9,0.44,0.0,0.04,0.12,0.12,0.0,0.0,0.0,0.0,0.0,0.0,0.0,0.0,0.02127659574468085,0.0,0.0,0.0
8,19,0,0.38,0.0,0.0,0.125,0.125,0.0,0.0,0.0,0.0,0.0,0.0,0.0,0.0,0.0,0.0,0.0,0.0
6,15,9,0.5,0.0,0.1666666666666667,0.0,0.0,0.0,0.0,0.0,0.0,0.0,0.0,0.0,0.0,0.0,0.0,0.0,0.0
8,17,9,0.5,0.0,0.125,0.0,0.0,0.0,0.0,0.0,0.0,0.0,0.0,0.0,0.0,0.0,0.0,0.0,0.0
12,12,13,0.67,0.0,0.08333333333333333,0.1666666666666667,0.0,0.0,0.0,0.0,0.0,0.0,0.0,0.0,0.0,0.0,0.0,0.0,0.0
27,13,17,0.56,0.0,0.1481481481481481,0.1851851851851852,0.0,0.03846153846153846,0.03846153846153846,0.0,0.0,0.0,0.1023899531733767,0.1537484193967254,0.0,0.0196078431372549,0.0196078431372549,0.0,0.0
9,7,3,0.44,0.1111111111111111,0.1111111111111111,0.1111111111111111,0.1111111111111111,0.0,0.0,0.0,0.0,0.0,0.0,0.0,0.0,0.0,0.0,0.0,0.06666666666666667
8,17,14,0.5,0.0,0.375,0.0,0.0,0.0,0.0,0.0,0.0,0.0,0.0,0.0,0.0,0.0,0.0,0.0,0.0
14,15,8,0.36,0.07142857142857142,0.0,0.1428571428571428,0.07142857142857142,0.0,0.0,0.0,0.0,0.0,0.0,0.0,0.0,0.0,0.0,0.0,0.0
17,9,9,0.41,0.0,0.1764705882352941,0.05882352941176471,0.1764705882352941,0.0,0.0,0.0625,0.0,0.0,0.0,0.0,0.0,0.03225806451612903,0.0,0.03225806451612903,0.0
21,0,3,0.48,0.0,0.04761904761904762,0.1428571428571428,0.0,0.0,0.0,0.0,0.0,0.0,0.0,0.0,0.0,0.0,0.0,0.0,0.0
6,9,0,0.5,0.0,0.1666666666666667,0.0,0.0,0.0,0.0,0.0,0.0,0.0,0.0,0.0,0.0,0.0,0.0,0.0,0.0
42,0,0,0.48,0.02380952380952381,0.02380952380952381,0.07142857142857142,0.09523809523809523,0.04878048780487805,0.0,0.02439024390243903,0.0,0.0,0.1061656376980303,0.0,0.0,0.02469135802469136,0.0,0.01234567901234568,0.01234567901234568
32,4,0,0.5,0.03125,0.0625,0.03125,0.09375,0.03225806451612903,0.0,0.03225806451612903,0.0,0.0,0.07674199424377334,0.0,0.0,0.01639344262295082,0.0,0.01639344262295082,0.01639344262295082
5,14,10,0.4,0.2,0.0,0.0,0.0,0.0,0.0,0.0,0.0,0.0,0.0,0.0,0.0,0.0,0.0,0.0,0.0
3,5,4,1.0,0.3333333333333333,0.3333333333333333,0.0,0.0,0.0,0.0,0.0,0.0,0.0,0.0,0.0,0.0,0.0,0.0,0.0,0.0
15,0,14,0.67,0.06666666666666667,0.1333333333333333,0.0,0.06666666666666667,0.0,0.0,0.0,0.0,0.0,0.0,0.0,0.0,0.0,0.0,0.0,0.0
16,12,8,0.5,0.0,0.0,0.0625,0.125,0.0,0.0,0.06666666666666667,0.0,0.0,0.0,0.0,0.0,0.0,0.0,0.03448275862068965,0.0
10,17,14,0.6,0.1,0.2,0.0,0.0,0.0,0.0,0.0,0.0,0.0,0.0,0.0,0.0,0.0,0.0,0.0,0.0
8,7,8,0.62,0.125,0.0,0.0,0.125,0.0,0.0,0.0,0.0,0.0,0.0,0.0,0.0,0.0,0.0,0.0,0.0
14,7,8,0.64,0.07142857142857142,0.0,0.07142857142857142,0.07142857142857142,0.0,0.0,0.0,0.0,0.0,0.0,0.0,0.0,0.0,0.0,0.0,0.0
22,5,14,0.45,0.04545454545454546,0.1363636363636364,0.04545454545454546,0.0,0.0,0.0,0.0,0.0,0.0,0.0,0.0,0.0,0.0,0.0,0.0,0.0
24,10,9,0.67,0.04166666666666666,0.08333333333333333,0.0,0.0,0.0,0.0,0.0,0.0,0.0,0.0,0.0,0.0,0.0,0.0,0.0,0.0
31,9,8,0.48,0.0967741935483871,0.1612903225806452,0.0,0.03225806451612903,0.0,0.0,0.0,0.0,0.0,0.0,0.0,0.0,0.0,0.0,0.0,0.0
36,13,8,0.36,0.08333333333333333,0.05555555555555555,0.1111111111111111,0.1944444444444444,0.0,0.0,0.02857142857142857,0.0,0.0,0.0,0.0,0.0,0.0,0.0,0.02898550724637681,0.0
